date,ticker,open,high,low,close,volume,asset_type
2022-01-03,AAPL,149.23,151.95,148.78,151.39,110859101,stock
2022-01-04,AAPL,148.85,151.24,148.54,151.06,108687555,stock
2022-01-05,AAPL,153.99,155.1,151.72,152.88,75211802,stock
2022-01-06,AAPL,158.64,159.46,155.82,157.18,76085083,stock
2022-01-07,AAPL,158.05,158.3,156.1,156.56,87213450,stock
2022-01-10,AAPL,154.63,156.24,153.93,155.95,58397294,stock
2022-01-11,AAPL,158.06,161.67,156.17,160.49,157153239,stock
2022-01-12,AAPL,160.97,163.11,160.01,162.78,144295678,stock
2022-01-13,AAPL,163.52,166.08,160.01,161.45,103762649,stock
2022-01-14,AAPL,161.11,164.31,159.25,163.09,138039038,stock
2022-01-17,AAPL,159.28,163.28,157.96,161.78,77936993,stock
2022-01-18,AAPL,159.15,161.94,157.99,160.48,75339470,stock
2022-01-19,AAPL,162.78,163.08,160.19,161.23,156738084,stock
2022-01-20,AAPL,153.38,157.08,152.49,155.82,146238212,stock
2022-01-21,AAPL,151.09,151.89,150.47,151.1,66916891,stock
2022-01-24,AAPL,150.94,151.38,149.06,149.62,108110346,stock
2022-01-25,AAPL,146.23,148.66,145.71,146.96,118492519,stock
2022-01-26,AAPL,149.76,150.44,147.15,147.84,146675876,stock
2022-01-27,AAPL,144.88,146.64,143.9,145.49,85392439,stock
2022-01-28,AAPL,144.14,145.31,141.42,141.88,179517822,stock
2022-01-31,AAPL,147.12,148.1,144.82,145.71,73082384,stock
2022-02-01,AAPL,146.33,146.61,144.81,145.17,164294329,stock
2022-02-02,AAPL,143.33,146.44,142.01,145.39,127231047,stock
2022-02-03,AAPL,141.11,142.01,140.34,141.75,191570804,stock
2022-02-04,AAPL,140.91,142.3,139.73,140.41,107092554,stock
2022-02-07,AAPL,142.29,143.26,139.75,140.73,139629168,stock
2022-02-08,AAPL,139.04,139.48,137.38,137.89,135299848,stock
2022-02-09,AAPL,139.66,140.25,138.66,138.86,135530604,stock
2022-02-10,AAPL,139.71,141.25,136.1,137.41,162246170,stock
2022-02-11,AAPL,136.24,138.1,135.31,136.73,196903120,stock
2022-02-14,AAPL,134.07,135.62,133.79,135.3,142679776,stock
2022-02-15,AAPL,137.45,141.18,137.05,139.93,64876459,stock
2022-02-16,AAPL,139.08,140.19,138.91,139.94,133416605,stock
2022-02-17,AAPL,138.44,139.8,136.35,137.34,94508481,stock
2022-02-18,AAPL,138.96,139.81,137.97,139.43,113450071,stock
2022-02-21,AAPL,138.23,138.52,135.57,136.44,162562603,stock
2022-02-22,AAPL,138.12,138.52,136.86,137.0,87614907,stock
2022-02-23,AAPL,130.57,132.78,129.76,132.29,202705835,stock
2022-02-24,AAPL,130.63,131.05,129.07,129.2,166266220,stock
2022-02-25,AAPL,127.43,130.09,126.3,129.7,96608668,stock
2022-02-28,AAPL,131.39,132.51,130.32,131.47,84854940,stock
2022-03-01,AAPL,131.4,132.23,131.12,131.92,105899759,stock
2022-03-02,AAPL,132.78,134.23,130.41,131.68,141009265,stock
2022-03-03,AAPL,129.68,131.19,129.12,131.01,68091395,stock
2022-03-04,AAPL,125.54,128.16,124.66,127.61,149890622,stock
2022-03-07,AAPL,126.04,126.42,125.9,126.01,69848518,stock
2022-03-08,AAPL,124.57,126.89,123.27,125.0,159361690,stock
2022-03-09,AAPL,125.52,127.73,125.26,127.44,113885542,stock
2022-03-10,AAPL,129.05,129.43,127.92,128.27,81632738,stock
2022-03-11,AAPL,124.11,125.77,122.64,124.3,60436927,stock
2022-03-14,AAPL,125.35,125.77,124.11,125.07,148437226,stock
2022-03-15,AAPL,123.56,124.38,123.34,124.24,109649515,stock
2022-03-16,AAPL,122.96,123.47,121.65,122.77,202720516,stock
2022-03-17,AAPL,124.92,125.77,122.91,124.17,77834925,stock
2022-03-18,AAPL,125.46,128.39,123.84,126.53,87245337,stock
2022-03-21,AAPL,127.37,129.13,126.71,128.71,212113088,stock
2022-03-22,AAPL,125.68,128.03,125.37,126.82,173289183,stock
2022-03-23,AAPL,124.08,127.06,123.49,126.15,235483636,stock
2022-03-24,AAPL,126.68,127.43,126.27,126.94,79929988,stock
2022-03-25,AAPL,130.12,130.83,128.72,129.23,126249409,stock
2022-03-28,AAPL,127.84,128.49,127.14,128.16,227743371,stock
2022-03-29,AAPL,125.65,128.86,123.98,127.77,179973409,stock
2022-03-30,AAPL,125.56,126.46,124.31,125.29,194885776,stock
2022-03-31,AAPL,121.49,123.34,119.76,122.66,91869426,stock
2022-04-01,AAPL,123.06,125.54,122.15,124.5,134094475,stock
2022-04-04,AAPL,128.7,129.35,127.08,127.62,186152907,stock
2022-04-05,AAPL,125.37,128.11,124.99,127.49,225111327,stock
2022-04-06,AAPL,131.35,132.27,129.46,129.85,178509797,stock
2022-04-07,AAPL,129.7,131.03,128.77,130.74,122887577,stock
2022-04-08,AAPL,130.1,131.28,128.64,129.27,64726216,stock
2022-04-11,AAPL,129.03,131.54,126.97,130.15,66547577,stock
2022-04-12,AAPL,133.1,135.15,132.24,133.85,235595005,stock
2022-04-13,AAPL,135.72,135.93,133.66,133.8,137332938,stock
2022-04-14,AAPL,139.18,140.27,136.28,137.66,190680858,stock
2022-04-15,AAPL,131.04,132.06,130.35,131.36,170023004,stock
2022-04-18,AAPL,147.34,151.12,146.19,149.36,177374488,stock
2022-04-19,AAPL,150.7,151.43,149.24,149.64,176568366,stock
2022-04-20,AAPL,150.21,150.64,148.07,148.88,130418023,stock
2022-04-21,AAPL,148.12,150.02,146.21,149.17,165300383,stock
2022-04-22,AAPL,143.67,144.77,143.02,143.97,197562269,stock
2022-04-25,AAPL,144.67,146.48,142.38,143.45,174198976,stock
2022-04-26,AAPL,142.3,146.1,141.63,144.42,112050409,stock
2022-04-27,AAPL,146.47,148.88,144.27,148.36,163787641,stock
2022-04-28,AAPL,146.79,148.95,145.39,147.02,181617954,stock
2022-04-29,AAPL,144.42,145.33,143.5,144.94,210823652,stock
2022-05-02,AAPL,145.68,147.55,142.83,143.68,194727376,stock
2022-05-03,AAPL,145.93,147.37,144.11,146.11,77480212,stock
2022-05-04,AAPL,146.84,147.44,146.4,147.02,110330362,stock
2022-05-05,AAPL,145.37,147.43,143.48,145.67,128236873,stock
2022-05-06,AAPL,146.78,147.86,144.62,147.07,131476935,stock
2022-05-09,AAPL,149.17,150.05,145.65,147.37,136520663,stock
2022-05-10,AAPL,149.68,150.72,149.32,150.01,111059041,stock
2022-05-11,AAPL,145.93,148.94,144.7,148.17,80206487,stock
2022-05-12,AAPL,146.89,147.74,146.4,147.34,64871562,stock
2022-05-13,AAPL,145.77,148.19,143.61,146.35,57500108,stock
2022-05-16,AAPL,142.97,144.31,140.39,142.59,102308395,stock
2022-05-17,AAPL,145.41,146.48,142.62,143.39,171740225,stock
2022-05-18,AAPL,146.17,147.44,143.21,144.11,130791301,stock
2022-05-19,AAPL,145.04,146.07,143.21,144.17,186132429,stock
2022-05-20,AAPL,146.09,147.6,141.37,143.6,145639275,stock
2022-05-23,AAPL,137.93,141.0,136.34,140.03,80467298,stock
2022-05-24,AAPL,138.15,139.53,137.73,139.02,188040728,stock
2022-05-25,AAPL,140.45,140.95,137.39,138.2,123599217,stock
2022-05-26,AAPL,134.07,138.11,133.34,136.26,61318848,stock
2022-05-27,AAPL,133.66,136.44,132.72,135.91,177392373,stock
2022-05-30,AAPL,135.65,137.9,135.17,136.94,192163553,stock
2022-05-31,AAPL,140.47,142.39,139.53,141.71,192867847,stock
2022-06-01,AAPL,143.62,144.27,141.33,142.2,134406509,stock
2022-06-02,AAPL,143.3,145.53,141.7,142.91,186163473,stock
2022-06-03,AAPL,143.23,143.92,142.44,142.76,149093691,stock
2022-06-06,AAPL,138.87,139.7,137.12,137.95,128870276,stock
2022-06-07,AAPL,138.09,138.41,137.82,137.93,139206457,stock
2022-06-08,AAPL,137.72,138.34,137.52,138.12,97735503,stock
2022-06-09,AAPL,144.21,145.18,143.41,144.42,118949505,stock
2022-06-10,AAPL,144.57,146.26,142.48,143.97,109901393,stock
2022-06-13,AAPL,145.28,146.29,143.92,144.79,172759440,stock
2022-06-14,AAPL,144.49,145.54,143.84,144.75,135010591,stock
2022-06-15,AAPL,141.75,142.28,141.1,141.78,91766773,stock
2022-06-16,AAPL,143.62,145.4,142.77,144.77,117265517,stock
2022-06-17,AAPL,145.15,147.39,144.34,146.78,115878429,stock
2022-06-20,AAPL,148.8,149.65,148.29,148.93,45204234,stock
2022-06-21,AAPL,146.05,146.97,145.3,146.56,89522450,stock
2022-06-22,AAPL,149.51,152.01,148.44,150.35,86310361,stock
2022-06-23,AAPL,145.63,147.19,144.54,146.65,80775210,stock
2022-06-24,AAPL,150.66,152.22,147.52,148.25,131838460,stock
2022-06-27,AAPL,154.76,155.6,153.55,154.26,159626577,stock
2022-06-28,AAPL,150.47,152.72,149.44,151.58,124962218,stock
2022-06-29,AAPL,147.63,150.25,147.34,150.09,151379931,stock
2022-06-30,AAPL,151.77,152.3,150.01,150.4,72273412,stock
2022-07-01,AAPL,148.23,150.53,147.64,149.09,138048355,stock
2022-07-04,AAPL,142.76,145.4,142.35,145.03,116281858,stock
2022-07-05,AAPL,146.88,147.55,145.06,145.25,65444381,stock
2022-07-06,AAPL,142.11,143.62,141.01,142.54,123165712,stock
2022-07-07,AAPL,145.92,146.45,143.0,143.81,83518685,stock
2022-07-08,AAPL,139.25,143.04,138.8,141.49,118497524,stock
2022-07-11,AAPL,144.3,146.01,143.61,145.54,94418860,stock
2022-07-12,AAPL,143.07,144.07,142.66,143.54,38498387,stock
2022-07-13,AAPL,141.64,143.64,141.38,142.75,58800810,stock
2022-07-14,AAPL,146.42,147.07,144.1,144.9,54344707,stock
2022-07-15,AAPL,140.37,141.96,140.12,141.77,47980599,stock
2022-07-18,AAPL,143.9,144.22,141.98,142.4,124798716,stock
2022-07-19,AAPL,145.66,146.43,144.96,145.83,59394960,stock
2022-07-20,AAPL,141.39,142.76,139.99,141.71,103256262,stock
2022-07-21,AAPL,139.8,142.87,138.55,142.23,113801113,stock
2022-07-22,AAPL,140.47,144.28,139.05,142.94,85470511,stock
2022-07-25,AAPL,143.31,146.28,142.16,145.01,56640695,stock
2022-07-26,AAPL,141.53,144.02,139.04,141.86,73349107,stock
2022-07-27,AAPL,137.67,138.91,137.27,138.57,67048058,stock
2022-07-28,AAPL,140.73,141.48,138.76,139.92,32826841,stock
2022-07-29,AAPL,139.45,140.87,139.01,140.71,104783104,stock
2022-08-01,AAPL,138.85,143.32,137.62,141.39,33406034,stock
2022-08-02,AAPL,142.94,143.84,141.48,142.31,32710856,stock
2022-08-03,AAPL,138.76,141.03,137.91,140.62,68529060,stock
2022-08-04,AAPL,141.92,142.27,140.94,141.25,53195248,stock
2022-08-05,AAPL,141.57,142.19,141.24,142.04,36383697,stock
2022-08-08,AAPL,141.02,141.8,137.99,140.27,50202430,stock
2022-08-09,AAPL,144.66,146.25,143.54,145.11,62569299,stock
2022-08-10,AAPL,144.76,146.86,144.21,146.39,36697355,stock
2022-08-11,AAPL,144.74,145.19,143.09,143.33,86374705,stock
2022-08-12,AAPL,142.48,145.83,141.64,145.08,69422933,stock
2022-08-15,AAPL,144.47,145.48,141.53,142.6,49941736,stock
2022-08-16,AAPL,144.04,146.64,142.18,144.68,97293049,stock
2022-08-17,AAPL,147.15,148.58,146.66,147.77,47618913,stock
2022-08-18,AAPL,147.81,148.54,144.23,145.65,81246024,stock
2022-08-19,AAPL,146.38,150.05,145.82,148.24,92575234,stock
2022-08-22,AAPL,147.24,150.39,146.92,149.39,87593692,stock
2022-08-23,AAPL,149.72,152.03,149.31,151.66,28407411,stock
2022-08-24,AAPL,155.65,158.58,154.46,156.98,28460080,stock
2022-08-25,AAPL,157.31,158.06,155.19,156.33,65325952,stock
2022-08-26,AAPL,154.2,155.86,152.46,154.27,38237180,stock
2022-08-29,AAPL,150.7,152.63,150.16,151.86,87367381,stock
2022-08-30,AAPL,150.79,151.39,148.98,149.7,41727975,stock
2022-08-31,AAPL,148.59,149.64,148.37,149.53,49897885,stock
2022-09-01,AAPL,150.02,151.2,149.7,150.5,32899463,stock
2022-09-02,AAPL,150.66,152.65,149.58,151.3,58790640,stock
2022-09-05,AAPL,154.37,154.91,152.92,153.61,78393308,stock
2022-09-06,AAPL,152.52,154.65,152.13,153.69,80708846,stock
2022-09-07,AAPL,156.67,160.54,154.56,157.82,49516448,stock
2022-09-08,AAPL,159.94,160.93,156.79,157.11,44484599,stock
2022-09-09,AAPL,163.83,166.06,163.54,165.05,71960728,stock
2022-09-12,AAPL,164.01,168.25,162.82,166.97,80382226,stock
2022-09-13,AAPL,165.91,168.28,161.94,164.46,67863869,stock
2022-09-14,AAPL,163.12,163.49,161.02,161.37,35569907,stock
2022-09-15,AAPL,164.39,166.11,162.11,162.82,26118333,stock
2022-09-16,AAPL,159.53,163.87,159.08,162.22,42216786,stock
2022-09-19,AAPL,166.79,167.13,163.97,164.37,32206939,stock
2022-09-20,AAPL,168.07,169.27,164.36,165.82,36453287,stock
2022-09-21,AAPL,168.12,168.92,164.84,165.65,37755361,stock
2022-09-22,AAPL,164.99,166.48,162.52,163.2,65269370,stock
2022-09-23,AAPL,159.86,160.57,158.36,158.86,70744668,stock
2022-09-26,AAPL,155.31,158.54,154.58,157.63,27423845,stock
2022-09-27,AAPL,161.56,162.1,159.46,160.13,58385443,stock
2022-09-28,AAPL,161.81,162.57,159.87,160.79,76804309,stock
2022-09-29,AAPL,157.9,158.76,156.43,157.28,48093859,stock
2022-09-30,AAPL,158.66,159.28,157.32,157.81,22405271,stock
2022-10-03,AAPL,156.76,160.07,154.97,158.96,43802584,stock
2022-10-04,AAPL,159.03,160.01,155.68,156.5,56079646,stock
2022-10-05,AAPL,159.16,160.72,155.11,156.98,58068094,stock
2022-10-06,AAPL,155.94,159.21,154.94,157.19,47852160,stock
2022-10-07,AAPL,153.27,154.97,152.81,154.04,76393200,stock
2022-10-10,AAPL,152.62,155.89,150.74,155.08,79816361,stock
2022-10-11,AAPL,154.39,157.58,152.69,156.7,81742719,stock
2022-10-12,AAPL,158.87,160.35,158.44,159.83,33994923,stock
2022-10-13,AAPL,163.26,164.93,160.81,162.94,36029160,stock
2022-10-14,AAPL,160.65,162.21,158.02,159.0,84505543,stock
2022-10-17,AAPL,156.61,158.95,155.58,156.38,77639555,stock
2022-10-18,AAPL,157.08,158.48,156.6,157.89,22800539,stock
2022-10-19,AAPL,157.26,159.97,156.95,159.4,26171758,stock
2022-10-20,AAPL,160.14,161.96,159.28,160.93,36959481,stock
2022-10-21,AAPL,173.95,175.88,171.03,172.54,42737312,stock
2022-10-24,AAPL,171.43,176.55,169.53,174.38,51682499,stock
2022-10-25,AAPL,179.39,179.81,177.35,178.03,45096296,stock
2022-10-26,AAPL,178.73,181.78,178.15,181.17,72764208,stock
2022-10-27,AAPL,184.0,184.68,182.43,183.36,53772301,stock
2022-10-28,AAPL,179.85,184.33,177.41,182.38,63062465,stock
2022-10-31,AAPL,184.48,187.62,182.91,184.94,83773891,stock
2022-11-01,AAPL,183.95,184.66,181.73,182.44,42993293,stock
2022-11-02,AAPL,182.94,184.76,180.86,181.72,30999260,stock
2022-11-03,AAPL,181.78,182.61,179.69,180.19,29503736,stock
2022-11-04,AAPL,180.92,183.22,178.86,180.51,91747876,stock
2022-11-07,AAPL,187.73,191.25,186.95,188.25,47843930,stock
2022-11-08,AAPL,179.48,182.89,179.05,182.08,63697047,stock
2022-11-09,AAPL,183.41,186.26,182.56,184.4,48456260,stock
2022-11-10,AAPL,178.72,179.88,177.85,179.18,76689989,stock
2022-11-11,AAPL,178.08,179.66,176.04,177.72,83615509,stock
2022-11-14,AAPL,179.81,181.72,179.31,181.29,56521443,stock
2022-11-15,AAPL,179.22,182.25,178.98,181.55,89996175,stock
2022-11-16,AAPL,175.5,180.07,173.93,178.12,66873849,stock
2022-11-17,AAPL,174.7,176.29,173.87,175.89,80128562,stock
2022-11-18,AAPL,175.9,180.43,175.21,178.11,36283152,stock
2022-11-21,AAPL,175.36,176.97,174.48,175.84,48695256,stock
2022-11-22,AAPL,175.59,177.11,174.22,176.58,83382082,stock
2022-11-23,AAPL,175.56,177.48,173.69,176.77,35436774,stock
2022-11-24,AAPL,177.57,178.37,173.96,174.77,57686510,stock
2022-11-25,AAPL,181.68,182.13,181.44,181.7,81367477,stock
2022-11-28,AAPL,184.23,185.04,183.3,183.84,69624183,stock
2022-11-29,AAPL,176.9,178.72,176.25,177.31,62502361,stock
2022-11-30,AAPL,177.35,179.12,176.64,177.96,72418561,stock
2022-12-01,AAPL,173.83,178.85,172.08,175.9,101761170,stock
2022-12-02,AAPL,178.27,179.09,177.48,178.68,74031969,stock
2022-12-05,AAPL,178.55,179.07,175.95,176.2,113820099,stock
2022-12-06,AAPL,176.73,177.14,175.66,175.89,115116537,stock
2022-12-07,AAPL,180.48,181.49,177.1,177.55,45879328,stock
2022-12-08,AAPL,178.27,180.77,177.33,180.39,43585913,stock
2022-12-09,AAPL,177.4,179.14,174.61,176.59,98684085,stock
2022-12-12,AAPL,178.0,179.63,173.31,175.58,71944554,stock
2022-12-13,AAPL,172.99,175.83,171.23,174.14,107139184,stock
2022-12-14,AAPL,172.72,173.95,171.49,172.15,89477337,stock
2022-12-15,AAPL,176.93,178.0,176.53,177.77,149453998,stock
2022-12-16,AAPL,179.73,180.08,178.66,179.12,148734586,stock
2022-12-19,AAPL,172.26,177.42,170.65,175.15,61028840,stock
2022-12-20,AAPL,178.13,180.18,176.94,178.13,135604325,stock
2022-12-21,AAPL,188.33,189.1,183.06,185.12,44697055,stock
2022-12-22,AAPL,191.98,193.55,186.9,188.65,84710702,stock
2022-12-23,AAPL,182.87,186.13,180.58,183.61,47437392,stock
2022-12-26,AAPL,180.99,183.11,179.54,182.07,89615585,stock
2022-12-27,AAPL,188.69,189.85,185.51,186.33,60934497,stock
2022-12-28,AAPL,185.11,185.76,183.71,184.02,126108016,stock
2022-12-29,AAPL,183.08,187.37,182.44,185.56,115049674,stock
2022-12-30,AAPL,187.06,188.93,185.27,188.22,166993819,stock
2023-01-02,AAPL,187.91,188.82,182.71,185.16,111026843,stock
2023-01-03,AAPL,183.74,185.51,183.5,185.02,146618311,stock
2023-01-04,AAPL,177.73,178.04,174.17,174.58,151178037,stock
2023-01-05,AAPL,171.69,173.1,170.34,171.45,135604951,stock
2023-01-06,AAPL,171.44,173.31,169.83,170.72,70794936,stock
2023-01-09,AAPL,167.73,169.77,165.26,166.98,52447751,stock
2023-01-10,AAPL,173.37,174.74,171.04,172.01,152567318,stock
2023-01-11,AAPL,166.08,168.65,163.69,167.69,158625006,stock
2023-01-12,AAPL,164.58,168.45,162.78,166.41,110908986,stock
2023-01-13,AAPL,168.53,169.98,165.57,166.86,71671869,stock
2023-01-16,AAPL,171.94,172.8,171.06,171.29,118859781,stock
2023-01-17,AAPL,169.58,170.64,166.13,166.97,67498305,stock
2023-01-18,AAPL,168.47,170.92,168.08,170.56,173137769,stock
2023-01-19,AAPL,173.16,173.73,170.03,170.64,189570789,stock
2023-01-20,AAPL,167.08,168.45,166.31,167.7,62774473,stock
2023-01-23,AAPL,168.05,169.44,167.27,169.15,102000399,stock
2023-01-24,AAPL,166.99,170.57,166.52,169.81,179090531,stock
2023-01-25,AAPL,167.85,169.7,165.63,168.04,54620943,stock
2023-01-26,AAPL,166.17,169.23,165.5,168.3,118200444,stock
2023-01-27,AAPL,165.61,167.91,164.66,167.19,153046797,stock
2023-01-30,AAPL,164.94,169.35,163.72,167.58,137856330,stock
2023-01-31,AAPL,170.1,171.71,168.73,169.64,53483542,stock
2023-02-01,AAPL,175.05,175.53,173.58,174.6,137785197,stock
2023-02-02,AAPL,173.59,174.47,169.66,170.81,136145893,stock
2023-02-03,AAPL,179.93,180.05,177.29,177.55,115147711,stock
2023-02-06,AAPL,170.58,172.08,169.64,171.47,162415062,stock
2023-02-07,AAPL,171.55,172.12,170.83,171.05,113120341,stock
2023-02-08,AAPL,173.81,174.97,171.92,172.92,218100256,stock
2023-02-09,AAPL,171.86,174.38,170.53,173.85,213133660,stock
2023-02-10,AAPL,170.12,172.41,169.64,171.97,108908449,stock
2023-02-13,AAPL,170.75,172.44,170.02,171.37,62417280,stock
2023-02-14,AAPL,168.6,171.8,168.1,169.91,167719980,stock
2023-02-15,AAPL,169.98,170.6,167.58,168.17,131732324,stock
2023-02-16,AAPL,169.82,171.85,167.59,170.81,119954675,stock
2023-02-17,AAPL,170.52,172.64,169.14,171.96,131368370,stock
2023-02-20,AAPL,167.93,171.21,167.07,169.88,114194000,stock
2023-02-21,AAPL,172.37,173.66,171.96,172.71,134767735,stock
2023-02-22,AAPL,175.14,176.66,172.59,173.72,133724309,stock
2023-02-23,AAPL,178.18,178.72,174.72,176.33,129191125,stock
2023-02-24,AAPL,180.0,180.61,177.98,178.4,207191556,stock
2023-02-27,AAPL,157.87,158.84,157.07,158.23,172070931,stock
2023-02-28,AAPL,159.22,159.51,156.27,156.68,138151895,stock
2023-03-01,AAPL,158.53,159.2,158.13,158.85,123863054,stock
2023-03-02,AAPL,159.38,161.8,159.12,160.66,92104169,stock
2023-03-03,AAPL,163.04,163.53,159.26,160.65,184400454,stock
2023-03-06,AAPL,161.68,162.39,160.1,161.03,95042243,stock
2023-03-07,AAPL,162.3,165.09,161.72,164.83,237505583,stock
2023-03-08,AAPL,165.88,168.31,161.33,163.13,186476632,stock
2023-03-09,AAPL,163.55,165.6,162.96,164.8,186770845,stock
2023-03-10,AAPL,162.32,165.32,161.49,164.25,236440287,stock
2023-03-13,AAPL,162.1,165.09,160.92,163.65,162588237,stock
2023-03-14,AAPL,169.88,170.37,165.5,166.97,71715671,stock
2023-03-15,AAPL,170.85,171.7,168.75,169.52,133573419,stock
2023-03-16,AAPL,169.75,172.97,169.24,172.07,143790370,stock
2023-03-17,AAPL,173.86,177.82,172.67,176.22,165784300,stock
2023-03-20,AAPL,173.98,177.87,171.71,176.34,209650345,stock
2023-03-21,AAPL,177.31,179.19,175.53,178.57,100574230,stock
2023-03-22,AAPL,177.75,179.05,176.83,177.63,95294842,stock
2023-03-23,AAPL,177.27,180.89,175.13,178.72,76745514,stock
2023-03-24,AAPL,178.95,180.42,177.61,178.36,172120678,stock
2023-03-27,AAPL,177.68,181.49,176.99,178.72,214923180,stock
2023-03-28,AAPL,183.62,184.17,180.42,180.7,97580851,stock
2023-03-29,AAPL,178.87,179.32,176.27,178.11,157402789,stock
2023-03-30,AAPL,183.69,185.92,181.74,185.0,132216996,stock
2023-03-31,AAPL,182.97,183.54,180.82,181.74,142399474,stock
2023-04-03,AAPL,175.58,179.09,174.95,177.86,235392610,stock
2023-04-04,AAPL,181.0,182.82,180.13,181.66,78127470,stock
2023-04-05,AAPL,181.82,184.97,181.46,184.33,68085513,stock
2023-04-06,AAPL,188.91,190.62,183.36,186.47,218555352,stock
2023-04-07,AAPL,191.59,193.8,187.64,188.64,86898915,stock
2023-04-10,AAPL,188.43,191.71,186.41,188.66,74452826,stock
2023-04-11,AAPL,185.41,186.32,184.34,185.69,66958738,stock
2023-04-12,AAPL,186.65,187.77,185.06,186.0,108147602,stock
2023-04-13,AAPL,181.21,183.95,181.01,183.8,121685950,stock
2023-04-14,AAPL,184.05,187.51,182.99,187.11,120656270,stock
2023-04-17,AAPL,185.91,187.4,185.08,186.67,200090161,stock
2023-04-18,AAPL,184.71,185.39,183.36,183.98,121496262,stock
2023-04-19,AAPL,183.35,184.95,181.94,182.97,160205940,stock
2023-04-20,AAPL,181.34,184.76,180.1,184.39,193797550,stock
2023-04-21,AAPL,180.28,184.35,179.68,182.58,214461001,stock
2023-04-24,AAPL,179.26,180.88,178.09,179.96,156409775,stock
2023-04-25,AAPL,180.86,181.97,179.58,180.8,135642901,stock
2023-04-26,AAPL,180.55,181.8,180.28,181.65,106991102,stock
2023-04-27,AAPL,182.47,184.55,178.05,180.06,99389028,stock
2023-04-28,AAPL,181.63,183.13,177.73,178.59,63468552,stock
2023-05-01,AAPL,179.55,180.94,177.93,179.39,117005832,stock
2023-05-02,AAPL,173.21,176.58,171.18,174.83,85406026,stock
2023-05-03,AAPL,170.01,171.35,169.43,170.51,135206408,stock
2023-05-04,AAPL,168.19,170.14,166.62,168.37,167099426,stock
2023-05-05,AAPL,168.14,169.91,166.74,167.77,113413066,stock
2023-05-08,AAPL,168.52,170.6,166.66,168.76,160026378,stock
2023-05-09,AAPL,174.49,176.82,172.22,173.36,128684289,stock
2023-05-10,AAPL,174.71,177.45,171.8,176.11,205532909,stock
2023-05-11,AAPL,176.95,178.86,174.15,175.65,126056216,stock
2023-05-12,AAPL,178.39,179.92,174.8,175.65,139466676,stock
2023-05-15,AAPL,175.02,175.99,171.66,172.56,168784034,stock
2023-05-16,AAPL,169.71,173.35,169.49,172.55,190218528,stock
2023-05-17,AAPL,173.24,174.04,169.83,171.71,90669908,stock
2023-05-18,AAPL,171.34,173.32,169.81,172.76,85145183,stock
2023-05-19,AAPL,172.74,172.95,170.04,170.26,63890650,stock
2023-05-22,AAPL,171.74,172.88,171.33,171.91,189529267,stock
2023-05-23,AAPL,174.59,179.03,171.77,176.77,117048647,stock
2023-05-24,AAPL,178.1,179.06,175.53,176.48,56247054,stock
2023-05-25,AAPL,178.79,179.78,175.78,177.81,167986486,stock
2023-05-26,AAPL,182.82,183.12,179.61,180.09,178076336,stock
2023-05-29,AAPL,181.01,181.47,178.66,178.85,150562968,stock
2023-05-30,AAPL,178.26,180.29,177.0,179.62,128889463,stock
2023-05-31,AAPL,178.65,181.43,176.49,179.72,116855434,stock
2023-06-01,AAPL,177.72,181.86,176.49,180.09,153967661,stock
2023-06-02,AAPL,179.13,180.1,176.6,177.65,46328563,stock
2023-06-05,AAPL,176.47,178.8,175.99,177.78,124540959,stock
2023-06-06,AAPL,178.83,180.65,177.8,179.44,95749190,stock
2023-06-07,AAPL,187.44,187.87,183.55,184.24,43861538,stock
2023-06-08,AAPL,187.15,188.16,186.42,187.51,116727683,stock
2023-06-09,AAPL,193.3,196.06,192.44,194.98,126115092,stock
2023-06-12,AAPL,190.0,193.76,188.25,192.36,152011500,stock
2023-06-13,AAPL,196.8,198.81,192.78,195.46,86201419,stock
2023-06-14,AAPL,199.4,200.08,195.51,196.17,160638314,stock
2023-06-15,AAPL,205.6,207.17,202.75,204.12,136239399,stock
2023-06-16,AAPL,203.13,205.42,199.15,201.23,132808087,stock
2023-06-19,AAPL,198.47,199.5,196.3,198.27,52132548,stock
2023-06-20,AAPL,199.05,200.14,194.31,196.2,57512104,stock
2023-06-21,AAPL,188.5,191.11,186.2,188.9,93747706,stock
2023-06-22,AAPL,186.81,187.93,185.87,187.17,84264748,stock
2023-06-23,AAPL,185.08,186.61,183.76,184.69,39436926,stock
2023-06-26,AAPL,181.93,185.69,181.62,185.25,82956265,stock
2023-06-27,AAPL,186.72,187.34,184.17,186.45,142649589,stock
2023-06-28,AAPL,191.43,193.56,190.84,192.91,103967416,stock
2023-06-29,AAPL,199.57,200.93,193.82,196.29,82248516,stock
2023-06-30,AAPL,193.47,195.18,190.31,194.32,125317764,stock
2023-07-03,AAPL,193.75,194.0,190.4,191.26,74320568,stock
2023-07-04,AAPL,196.35,197.1,192.33,193.02,132350975,stock
2023-07-05,AAPL,190.03,191.02,187.63,188.55,56006300,stock
2023-07-06,AAPL,192.51,195.58,190.81,194.93,107772078,stock
2023-07-07,AAPL,200.32,200.73,198.6,199.17,118196189,stock
2023-07-10,AAPL,194.47,198.38,193.79,197.55,95833415,stock
2023-07-11,AAPL,189.85,192.33,188.16,191.61,82041922,stock
2023-07-12,AAPL,198.35,199.22,193.62,196.4,52565550,stock
2023-07-13,AAPL,196.59,198.76,193.37,196.05,105157138,stock
2023-07-14,AAPL,203.24,204.47,199.76,200.53,67220418,stock
2023-07-17,AAPL,195.31,196.2,193.87,194.91,45108041,stock
2023-07-18,AAPL,193.27,193.86,191.69,192.88,85405278,stock
2023-07-19,AAPL,193.13,194.35,192.1,192.96,54584225,stock
2023-07-20,AAPL,193.44,193.85,192.78,193.18,101195018,stock
2023-07-21,AAPL,191.42,191.9,190.94,191.68,62815498,stock
2023-07-24,AAPL,193.12,194.73,192.15,193.89,34060679,stock
2023-07-25,AAPL,189.38,191.39,187.82,190.26,31341016,stock
2023-07-26,AAPL,190.55,190.92,189.42,189.83,91378802,stock
2023-07-27,AAPL,191.47,192.3,189.49,190.3,98224144,stock
2023-07-28,AAPL,194.96,195.47,191.64,192.13,83948770,stock
2023-07-31,AAPL,196.45,199.0,192.59,194.66,79906617,stock
2023-08-01,AAPL,189.03,191.57,188.32,190.82,60781871,stock
2023-08-02,AAPL,184.4,186.81,182.28,185.68,59960798,stock
2023-08-03,AAPL,191.58,193.87,188.76,190.05,39718128,stock
2023-08-04,AAPL,188.12,192.5,187.01,191.25,25548884,stock
2023-08-07,AAPL,189.32,190.94,187.84,188.75,38216912,stock
2023-08-08,AAPL,194.64,195.11,193.4,194.15,91014902,stock
2023-08-09,AAPL,196.46,197.35,193.44,194.61,75561636,stock
2023-08-10,AAPL,200.52,201.44,198.25,198.85,61238255,stock
2023-08-11,AAPL,201.94,203.0,198.12,199.15,58982892,stock
2023-08-14,AAPL,203.57,209.48,202.81,206.74,23113837,stock
2023-08-15,AAPL,214.44,214.7,213.12,213.44,37156869,stock
2023-08-16,AAPL,209.19,213.99,207.26,212.55,82998831,stock
2023-08-17,AAPL,212.59,218.09,211.14,216.36,23083576,stock
2023-08-18,AAPL,219.24,220.53,217.15,218.96,67346814,stock
2023-08-21,AAPL,228.04,228.75,222.56,224.49,55504203,stock
2023-08-22,AAPL,221.64,222.19,220.02,220.69,72375763,stock
2023-08-23,AAPL,227.19,227.66,223.17,223.5,65563236,stock
2023-08-24,AAPL,230.55,230.99,226.24,227.86,62065623,stock
2023-08-25,AAPL,220.08,221.16,219.69,220.83,60790764,stock
2023-08-28,AAPL,212.99,218.78,210.92,216.24,41366641,stock
2023-08-29,AAPL,212.07,215.44,205.07,208.51,34830744,stock
2023-08-30,AAPL,209.0,211.23,206.14,207.56,77341233,stock
2023-08-31,AAPL,208.66,212.07,206.66,210.32,31371189,stock
2023-09-01,AAPL,212.39,217.39,211.32,216.15,70293377,stock
2023-09-04,AAPL,219.85,221.3,214.36,216.51,54604910,stock
2023-09-05,AAPL,224.44,226.65,221.24,223.02,64884386,stock
2023-09-06,AAPL,219.09,219.94,215.05,217.61,40954073,stock
2023-09-07,AAPL,209.07,211.32,208.49,211.1,56990827,stock
2023-09-08,AAPL,214.51,215.66,209.2,210.95,67096190,stock
2023-09-11,AAPL,210.4,213.78,209.39,212.48,31153950,stock
2023-09-12,AAPL,211.5,214.43,210.43,212.42,34786986,stock
2023-09-13,AAPL,203.01,205.1,202.39,204.72,29265706,stock
2023-09-14,AAPL,203.43,204.93,201.76,204.45,46742183,stock
2023-09-15,AAPL,196.91,200.54,195.35,199.77,53568472,stock
2023-09-18,AAPL,199.36,202.83,198.01,202.25,56092832,stock
2023-09-19,AAPL,206.32,206.95,202.07,203.65,67268180,stock
2023-09-20,AAPL,200.73,203.46,199.21,200.3,51838873,stock
2023-09-21,AAPL,196.15,199.59,195.07,198.51,29192958,stock
2023-09-22,AAPL,193.25,195.26,192.43,194.82,42493657,stock
2023-09-25,AAPL,196.21,198.2,192.35,194.66,48661912,stock
2023-09-26,AAPL,194.58,198.57,193.78,198.1,44116685,stock
2023-09-27,AAPL,194.25,196.35,191.6,194.67,61269706,stock
2023-09-28,AAPL,195.09,198.07,193.35,196.5,50905991,stock
2023-09-29,AAPL,193.98,195.16,193.18,194.69,60993015,stock
2023-10-02,AAPL,193.94,195.49,190.57,191.99,71201752,stock
2023-10-03,AAPL,194.66,195.23,190.12,191.68,32924419,stock
2023-10-04,AAPL,184.99,190.32,182.41,188.2,35137122,stock
2023-10-05,AAPL,188.61,189.32,183.96,186.39,73694033,stock
2023-10-06,AAPL,180.1,183.51,179.15,182.47,32145115,stock
2023-10-09,AAPL,188.26,190.05,187.09,189.09,60984493,stock
2023-10-10,AAPL,192.16,193.98,188.18,189.27,24910110,stock
2023-10-11,AAPL,188.31,191.1,184.75,186.96,84893959,stock
2023-10-12,AAPL,186.03,188.31,185.77,187.73,65087982,stock
2023-10-13,AAPL,188.39,189.9,185.36,187.41,46278096,stock
2023-10-16,AAPL,184.07,187.5,183.03,186.72,76072852,stock
2023-10-17,AAPL,190.13,190.93,187.8,188.86,56770107,stock
2023-10-18,AAPL,192.82,193.62,189.01,191.51,58899928,stock
2023-10-19,AAPL,192.62,192.98,188.58,189.74,77730167,stock
2023-10-20,AAPL,186.78,189.07,185.87,187.84,50466336,stock
2023-10-23,AAPL,188.47,188.89,186.78,186.97,28356191,stock
2023-10-24,AAPL,176.35,180.59,175.66,179.44,86156283,stock
2023-10-25,AAPL,176.17,177.98,172.77,174.66,51184750,stock
2023-10-26,AAPL,178.82,180.43,177.67,179.07,40593161,stock
2023-10-27,AAPL,183.81,186.35,181.69,184.5,61998226,stock
2023-10-30,AAPL,180.45,184.36,179.74,183.73,83277381,stock
2023-10-31,AAPL,186.22,188.54,183.97,185.7,56931777,stock
2023-11-01,AAPL,184.21,187.57,183.59,186.8,107305830,stock
2023-11-02,AAPL,196.72,198.25,196.29,197.51,57410299,stock
2023-11-03,AAPL,199.21,203.02,197.59,201.59,106390527,stock
2023-11-06,AAPL,202.43,203.49,200.27,201.19,38814687,stock
2023-11-07,AAPL,195.26,198.65,194.15,197.81,79414267,stock
2023-11-08,AAPL,192.14,193.33,190.51,192.23,112136862,stock
2023-11-09,AAPL,190.68,193.43,190.33,193.0,105778669,stock
2023-11-10,AAPL,192.95,195.17,189.09,190.44,48251080,stock
2023-11-13,AAPL,186.1,187.23,184.86,185.69,76423057,stock
2023-11-14,AAPL,183.22,184.42,181.6,183.59,106108845,stock
2023-11-15,AAPL,177.08,180.51,176.62,180.11,106196579,stock
2023-11-16,AAPL,187.54,188.79,184.44,185.72,87609266,stock
2023-11-17,AAPL,189.04,190.28,187.95,188.74,106918424,stock
2023-11-20,AAPL,188.38,189.78,186.92,188.77,106374863,stock
2023-11-21,AAPL,192.17,196.13,191.61,193.93,60145905,stock
2023-11-22,AAPL,191.37,197.01,190.46,194.26,117173058,stock
2023-11-23,AAPL,192.96,193.79,190.35,191.33,97897591,stock
2023-11-24,AAPL,197.53,199.01,195.17,196.7,119792807,stock
2023-11-27,AAPL,198.91,200.44,197.93,198.68,139958718,stock
2023-11-28,AAPL,195.57,196.89,194.22,195.06,133353973,stock
2023-11-29,AAPL,191.9,196.81,190.35,194.45,43023649,stock
2023-11-30,AAPL,192.55,193.54,191.07,191.47,53260580,stock
2023-12-01,AAPL,185.12,188.04,184.4,186.82,53513033,stock
2023-12-04,AAPL,190.89,192.06,189.41,190.02,128613490,stock
2023-12-05,AAPL,196.03,198.99,193.89,196.72,139849760,stock
2023-12-06,AAPL,191.81,193.11,190.17,191.89,138129493,stock
2023-12-07,AAPL,197.2,197.74,193.32,193.9,140242510,stock
2023-12-08,AAPL,190.99,194.47,188.55,191.7,99365793,stock
2023-12-11,AAPL,188.6,190.99,188.17,190.08,144064412,stock
2023-12-12,AAPL,190.79,193.04,187.47,188.12,118011208,stock
2023-12-13,AAPL,182.05,187.98,181.11,185.28,98323716,stock
2023-12-14,AAPL,185.01,188.8,181.94,185.49,153119101,stock
2023-12-15,AAPL,185.26,186.44,182.43,182.8,88428192,stock
2023-12-18,AAPL,184.83,185.33,183.57,183.74,123647846,stock
2023-12-19,AAPL,185.32,186.69,182.94,183.63,55886713,stock
2023-12-20,AAPL,180.12,183.62,179.47,182.9,102662245,stock
2023-12-21,AAPL,178.98,180.13,178.56,179.99,137000324,stock
2023-12-22,AAPL,176.44,178.66,174.95,178.18,58847276,stock
2023-12-25,AAPL,179.37,181.43,178.11,180.68,164567440,stock
2023-12-26,AAPL,183.53,184.11,180.89,182.37,129927097,stock
2023-12-27,AAPL,178.28,179.58,177.56,179.24,174335467,stock
2023-12-28,AAPL,179.24,180.42,177.26,179.62,66515218,stock
2023-12-29,AAPL,183.62,184.01,181.68,182.12,159576785,stock
2024-01-01,AAPL,177.7,178.14,176.01,176.78,151118128,stock
2024-01-02,AAPL,181.41,181.68,177.48,178.57,174937990,stock
2024-01-03,AAPL,177.18,177.54,175.99,176.5,143039801,stock
2024-01-04,AAPL,180.27,181.29,177.05,178.38,84653067,stock
2024-01-05,AAPL,173.28,177.99,172.82,176.0,103258663,stock
2024-01-08,AAPL,169.73,171.52,169.05,170.42,131953433,stock
2024-01-09,AAPL,165.38,166.4,165.16,165.55,139288643,stock
2024-01-10,AAPL,164.05,166.17,163.62,165.75,111563119,stock
2024-01-11,AAPL,167.85,168.79,165.95,166.57,113136346,stock
2024-01-12,AAPL,164.16,164.81,163.39,163.93,63925161,stock
2024-01-15,AAPL,168.71,169.61,164.59,165.88,143694148,stock
2024-01-16,AAPL,161.91,163.56,160.0,161.04,121334206,stock
2024-01-17,AAPL,159.38,162.0,156.77,160.9,71247426,stock
2024-01-18,AAPL,154.95,158.86,153.58,157.47,81284569,stock
2024-01-19,AAPL,153.65,155.77,153.4,155.68,109357232,stock
2024-01-22,AAPL,157.67,158.34,155.05,155.86,175349191,stock
2024-01-23,AAPL,154.8,155.53,151.25,153.51,108908057,stock
2024-01-24,AAPL,152.63,153.2,151.13,152.5,157565824,stock
2024-01-25,AAPL,155.39,155.78,153.93,155.33,82528863,stock
2024-01-26,AAPL,155.29,155.98,153.21,153.78,74461961,stock
2024-01-29,AAPL,153.36,158.09,152.9,156.15,63311401,stock
2024-01-30,AAPL,155.37,155.8,151.85,153.06,61877646,stock
2024-01-31,AAPL,155.76,157.43,153.69,154.57,98124800,stock
2024-02-01,AAPL,157.65,160.96,155.91,158.68,76772107,stock
2024-02-02,AAPL,149.38,152.56,148.17,151.82,64626822,stock
2024-02-05,AAPL,151.74,152.9,148.64,149.7,110256485,stock
2024-02-06,AAPL,151.08,151.6,150.82,151.31,192225564,stock
2024-02-07,AAPL,149.41,151.85,147.35,150.81,229875575,stock
2024-02-08,AAPL,153.13,154.54,150.02,151.86,83904487,stock
2024-02-09,AAPL,147.69,151.88,145.88,150.26,178721869,stock
2024-02-12,AAPL,149.65,150.87,149.45,150.54,187166036,stock
2024-02-13,AAPL,148.57,151.24,147.99,150.17,226914281,stock
2024-02-14,AAPL,151.43,154.55,150.79,153.4,99322488,stock
2024-02-15,AAPL,153.67,156.36,152.31,154.15,190709513,stock
2024-02-16,AAPL,155.17,156.44,154.22,155.14,163650489,stock
2024-02-19,AAPL,154.94,155.1,153.81,154.04,210007700,stock
2024-02-20,AAPL,152.15,154.97,150.96,152.74,139733568,stock
2024-02-21,AAPL,154.02,154.31,150.84,151.6,78794471,stock
2024-02-22,AAPL,152.45,153.01,152.26,152.73,123451317,stock
2024-02-23,AAPL,151.36,152.87,149.43,151.62,75771640,stock
2024-02-26,AAPL,151.38,154.21,149.82,152.46,98203898,stock
2024-02-27,AAPL,156.3,160.23,153.87,158.31,130835076,stock
2024-02-28,AAPL,159.69,161.31,159.52,160.86,230778831,stock
2024-02-29,AAPL,160.29,161.9,159.27,159.97,78213554,stock
2024-03-01,AAPL,161.28,164.11,159.29,163.51,99918646,stock
2024-03-04,AAPL,161.78,163.04,160.92,162.36,75095966,stock
2024-03-05,AAPL,158.91,159.39,154.75,156.56,95585156,stock
2024-03-06,AAPL,155.51,156.03,152.1,153.79,205599697,stock
2024-03-07,AAPL,151.11,151.27,148.13,148.74,137953853,stock
2024-03-08,AAPL,147.83,148.88,146.73,147.85,123658525,stock
2024-03-11,AAPL,146.75,149.31,145.96,147.94,170380229,stock
2024-03-12,AAPL,153.33,154.43,150.86,152.52,145983358,stock
2024-03-13,AAPL,152.82,153.79,152.4,153.47,202969200,stock
2024-03-14,AAPL,155.63,156.25,152.7,152.91,128369940,stock
2024-03-15,AAPL,155.14,156.99,154.14,155.26,160997745,stock
2024-03-18,AAPL,148.01,149.49,147.25,149.24,64843211,stock
2024-03-19,AAPL,148.74,151.84,147.44,149.92,123298783,stock
2024-03-20,AAPL,150.6,152.64,149.9,152.06,102341622,stock
2024-03-21,AAPL,149.67,150.93,146.82,148.11,227731441,stock
2024-03-22,AAPL,153.87,154.75,149.6,151.24,234945916,stock
2024-03-25,AAPL,150.77,152.57,150.14,152.21,122418543,stock
2024-03-26,AAPL,152.23,153.08,149.97,151.12,83858075,stock
2024-03-27,AAPL,154.75,156.98,150.33,152.9,153951400,stock
2024-03-28,AAPL,156.68,159.53,156.11,159.33,61922673,stock
2024-03-29,AAPL,158.93,160.99,157.59,159.9,117757434,stock
2024-04-01,AAPL,162.41,163.16,160.45,160.66,83729855,stock
2024-04-02,AAPL,157.33,160.0,156.0,159.39,121066530,stock
2024-04-03,AAPL,158.17,158.58,156.63,157.01,115686271,stock
2024-04-04,AAPL,162.16,163.1,158.77,159.42,167249662,stock
2024-04-05,AAPL,156.0,158.24,154.98,157.03,209363108,stock
2024-04-08,AAPL,156.47,158.67,154.86,157.28,121277759,stock
2024-04-09,AAPL,154.83,156.72,154.39,155.98,175567385,stock
2024-04-10,AAPL,159.37,160.83,156.21,157.38,86958916,stock
2024-04-11,AAPL,160.14,160.95,157.54,158.38,73415257,stock
2024-04-12,AAPL,160.43,161.84,159.65,161.41,108967456,stock
2024-04-15,AAPL,162.65,164.35,158.53,159.98,176355129,stock
2024-04-16,AAPL,156.46,159.71,155.53,159.26,112820414,stock
2024-04-17,AAPL,157.76,158.31,155.26,156.52,123477080,stock
2024-04-18,AAPL,154.84,156.04,154.46,155.32,115480978,stock
2024-04-19,AAPL,158.05,159.64,154.49,156.43,90485273,stock
2024-04-22,AAPL,160.33,160.67,158.3,158.62,95595496,stock
2024-04-23,AAPL,155.17,156.64,154.96,156.06,65211689,stock
2024-04-24,AAPL,161.3,162.57,155.89,158.57,194492175,stock
2024-04-25,AAPL,162.13,164.11,160.63,162.53,120817012,stock
2024-04-26,AAPL,162.8,164.33,162.51,163.8,138644111,stock
2024-04-29,AAPL,169.72,171.8,168.22,169.47,66544202,stock
2024-04-30,AAPL,167.48,168.33,166.83,167.18,51853233,stock
2024-05-01,AAPL,165.43,165.87,163.16,163.53,65646545,stock
2024-05-02,AAPL,159.21,160.1,157.9,158.42,67903600,stock
2024-05-03,AAPL,162.62,164.98,161.64,162.79,146279957,stock
2024-05-06,AAPL,164.01,165.48,163.52,164.77,56199403,stock
2024-05-07,AAPL,163.25,165.99,162.25,164.66,71396739,stock
2024-05-08,AAPL,163.13,167.15,161.27,165.54,109133397,stock
2024-05-09,AAPL,160.67,162.84,159.5,162.27,123831495,stock
2024-05-10,AAPL,170.76,173.57,167.67,169.62,81537631,stock
2024-05-13,AAPL,169.42,171.14,169.15,170.07,128374617,stock
2024-05-14,AAPL,170.89,172.66,169.88,170.45,180230836,stock
2024-05-15,AAPL,175.54,176.08,172.14,172.75,73179704,stock
2024-05-16,AAPL,171.65,174.71,171.46,174.3,159150087,stock
2024-05-17,AAPL,175.66,176.04,174.4,175.06,155417729,stock
2024-05-20,AAPL,172.99,173.41,172.05,172.64,114991943,stock
2024-05-21,AAPL,171.1,176.37,169.15,174.16,148689183,stock
2024-05-22,AAPL,177.94,180.71,177.43,180.21,171213383,stock
2024-05-23,AAPL,182.06,185.3,181.44,184.69,156608125,stock
2024-05-24,AAPL,192.7,193.97,187.9,190.12,116738972,stock
2024-05-27,AAPL,186.21,189.4,184.92,188.43,129263705,stock
2024-05-28,AAPL,184.47,186.62,183.25,185.16,48200741,stock
2024-05-29,AAPL,183.26,185.71,182.4,184.8,140291430,stock
2024-05-30,AAPL,187.32,188.52,184.03,185.04,160605012,stock
2024-05-31,AAPL,187.42,189.68,186.49,188.78,79482779,stock
2024-06-03,AAPL,183.86,184.54,181.77,183.17,149611936,stock
2024-06-04,AAPL,188.23,189.35,187.4,188.34,46162009,stock
2024-06-05,AAPL,184.92,189.99,183.47,187.86,130330721,stock
2024-06-06,AAPL,186.94,187.61,184.69,186.48,61692591,stock
2024-06-07,AAPL,180.08,183.31,179.78,183.16,60712319,stock
2024-06-10,AAPL,177.61,178.6,176.24,177.84,114172064,stock
2024-06-11,AAPL,180.48,181.18,179.38,180.55,89725060,stock
2024-06-12,AAPL,179.83,182.58,179.02,180.84,127574714,stock
2024-06-13,AAPL,173.74,176.91,173.13,176.75,120345473,stock
2024-06-14,AAPL,170.99,173.11,170.62,172.72,105040551,stock
2024-06-17,AAPL,173.99,175.74,170.4,171.74,84937297,stock
2024-06-18,AAPL,174.94,177.7,174.64,177.03,97698608,stock
2024-06-19,AAPL,177.6,179.92,174.99,176.25,125725959,stock
2024-06-20,AAPL,171.35,172.61,170.16,171.6,86157841,stock
2024-06-21,AAPL,171.41,171.84,168.82,170.89,129304402,stock
2024-06-24,AAPL,170.48,172.27,168.98,170.11,99820104,stock
2024-06-25,AAPL,161.14,162.78,160.4,162.1,59004391,stock
2024-06-26,AAPL,164.62,166.1,161.27,161.99,81084117,stock
2024-06-27,AAPL,158.79,162.25,157.94,161.36,69294232,stock
2024-06-28,AAPL,161.33,163.72,160.6,163.45,58256863,stock
2024-07-01,AAPL,168.45,171.24,166.58,169.03,121260672,stock
2024-07-02,AAPL,171.57,174.56,169.61,172.54,87448223,stock
2024-07-03,AAPL,174.49,175.31,171.02,171.76,44651473,stock
2024-07-04,AAPL,168.78,169.71,167.19,168.43,93940375,stock
2024-07-05,AAPL,176.84,179.09,174.14,176.46,106279073,stock
2024-07-08,AAPL,174.94,177.55,172.93,176.7,64054942,stock
2024-07-09,AAPL,175.98,178.72,174.34,176.8,37790670,stock
2024-07-10,AAPL,177.63,178.02,176.37,176.78,66531116,stock
2024-07-11,AAPL,175.03,178.19,174.42,177.46,60784704,stock
2024-07-12,AAPL,174.83,179.87,173.49,177.06,106036633,stock
2024-07-15,AAPL,178.36,179.26,172.74,175.29,40678932,stock
2024-07-16,AAPL,172.58,174.27,172.28,173.62,30566460,stock
2024-07-17,AAPL,171.76,174.92,170.67,173.57,37889770,stock
2024-07-18,AAPL,173.67,174.43,170.56,171.94,57981353,stock
2024-07-19,AAPL,169.66,170.11,168.68,169.79,79813398,stock
2024-07-22,AAPL,172.57,174.93,168.34,170.17,26005573,stock
2024-07-23,AAPL,170.87,171.03,169.05,169.44,47174228,stock
2024-07-24,AAPL,174.17,174.48,173.97,174.14,27356937,stock
2024-07-25,AAPL,165.82,167.84,164.05,166.08,54674510,stock
2024-07-26,AAPL,167.19,171.65,165.87,169.43,76302619,stock
2024-07-29,AAPL,175.86,176.6,173.13,173.32,38811899,stock
2024-07-30,AAPL,165.29,167.67,163.49,167.02,31408040,stock
2024-07-31,AAPL,167.79,168.91,164.45,166.04,75154143,stock
2024-08-01,AAPL,165.55,166.02,164.41,164.99,78712051,stock
2024-08-02,AAPL,158.68,161.2,158.53,160.91,39036878,stock
2024-08-05,AAPL,157.04,160.31,156.6,158.72,49733672,stock
2024-08-06,AAPL,155.74,156.18,155.14,155.62,49123245,stock
2024-08-07,AAPL,160.73,162.56,159.53,160.66,72353419,stock
2024-08-08,AAPL,164.08,165.45,161.99,163.44,83805795,stock
2024-08-09,AAPL,166.73,167.71,165.87,167.27,79121618,stock
2024-08-12,AAPL,169.39,170.37,168.92,169.51,26659700,stock
2024-08-13,AAPL,166.59,167.01,165.48,166.15,69738047,stock
2024-08-14,AAPL,165.96,166.52,164.21,164.64,49176874,stock
2024-08-15,AAPL,164.73,166.85,162.24,166.14,74688728,stock
2024-08-16,AAPL,161.76,164.47,160.38,162.58,27629857,stock
2024-08-19,AAPL,167.04,167.58,163.92,164.73,59998408,stock
2024-08-20,AAPL,166.39,167.6,163.55,164.06,64956138,stock
2024-08-21,AAPL,162.09,163.4,161.39,163.01,47921654,stock
2024-08-22,AAPL,166.29,167.78,163.79,165.16,73735270,stock
2024-08-23,AAPL,164.33,167.2,163.5,166.54,71012121,stock
2024-08-26,AAPL,167.96,168.36,165.06,165.51,46419203,stock
2024-08-27,AAPL,170.75,172.14,167.25,169.05,72887507,stock
2024-08-28,AAPL,168.18,169.52,164.49,165.84,73278404,stock
2024-08-29,AAPL,165.1,168.87,164.77,167.74,72099936,stock
2024-08-30,AAPL,171.08,172.48,168.91,169.59,77369726,stock
2024-09-02,AAPL,168.81,170.84,166.82,168.7,46028019,stock
2024-09-03,AAPL,169.63,171.45,167.97,169.74,29000131,stock
2024-09-04,AAPL,168.36,170.11,165.48,166.01,76440255,stock
2024-09-05,AAPL,168.66,169.89,168.08,168.85,65590917,stock
2024-09-06,AAPL,167.31,168.87,166.55,168.34,53622032,stock
2024-09-09,AAPL,168.71,169.08,166.03,166.81,55208282,stock
2024-09-10,AAPL,170.03,170.34,169.38,170.04,65997462,stock
2024-09-11,AAPL,167.36,168.06,167.07,167.95,71298402,stock
2024-09-12,AAPL,166.52,168.24,161.59,163.79,55401739,stock
2024-09-13,AAPL,159.06,160.27,157.33,159.32,71574073,stock
2024-09-16,AAPL,160.14,163.16,158.43,161.11,65798374,stock
2024-09-17,AAPL,157.22,157.84,156.29,157.49,21180133,stock
2024-09-18,AAPL,163.37,164.47,161.76,162.59,44992470,stock
2024-09-19,AAPL,158.9,159.28,156.1,156.66,69012798,stock
2024-09-20,AAPL,160.13,162.07,159.71,161.56,76717189,stock
2024-09-23,AAPL,164.12,164.46,161.78,162.23,71219040,stock
2024-09-24,AAPL,162.77,163.15,161.84,161.99,80784570,stock
2024-09-25,AAPL,160.98,161.9,158.97,160.46,22491483,stock
2024-09-26,AAPL,161.98,163.2,160.16,161.67,84651926,stock
2024-09-27,AAPL,163.99,165.77,160.8,161.6,78147461,stock
2024-09-30,AAPL,165.83,166.29,164.59,164.9,83576098,stock
2024-10-01,AAPL,165.93,167.05,164.69,165.28,50890614,stock
2024-10-02,AAPL,164.55,166.88,164.15,165.78,65908414,stock
2024-10-03,AAPL,164.82,167.16,163.04,164.75,46137969,stock
2024-10-04,AAPL,164.95,165.8,163.79,164.63,75615945,stock
2024-10-07,AAPL,168.11,168.77,163.92,165.59,95639347,stock
2024-10-08,AAPL,160.87,161.47,159.97,160.62,81004865,stock
2024-10-09,AAPL,157.29,158.96,155.47,156.82,75581488,stock
2024-10-10,AAPL,159.17,161.52,157.58,158.98,26309737,stock
2024-10-11,AAPL,158.83,159.68,158.67,159.52,46252801,stock
2024-10-14,AAPL,161.81,163.55,158.3,159.04,30880386,stock
2024-10-15,AAPL,157.44,160.61,156.31,159.14,62237339,stock
2024-10-16,AAPL,161.2,162.45,159.45,160.18,78729230,stock
2024-10-17,AAPL,158.75,159.88,157.66,158.68,83571933,stock
2024-10-18,AAPL,155.86,156.79,155.44,156.52,84117059,stock
2022-01-03,TSLA,208.25,213.43,196.75,201.61,81633077,stock
2022-01-04,TSLA,195.52,199.18,189.58,193.91,47649989,stock
2022-01-05,TSLA,200.03,200.66,196.53,197.15,65122080,stock
2022-01-06,TSLA,183.15,186.18,182.22,184.2,71369630,stock
2022-01-07,TSLA,189.38,193.76,188.63,191.98,38346248,stock
2022-01-10,TSLA,188.66,198.39,186.68,195.69,79282382,stock
2022-01-11,TSLA,198.89,200.9,194.32,197.74,52478994,stock
2022-01-12,TSLA,200.51,206.27,199.17,205.71,61073909,stock
2022-01-13,TSLA,212.74,221.8,210.9,219.92,54834144,stock
2022-01-14,TSLA,223.92,232.02,221.62,229.08,110845265,stock
2022-01-17,TSLA,221.05,222.52,207.63,212.86,65633449,stock
2022-01-18,TSLA,204.12,209.25,195.15,202.28,86509202,stock
2022-01-19,TSLA,203.89,206.63,195.86,197.32,75173653,stock
2022-01-20,TSLA,204.07,206.29,196.27,197.57,98780578,stock
2022-01-21,TSLA,194.38,205.3,193.01,201.74,74408442,stock
2022-01-24,TSLA,190.79,203.21,186.09,196.01,30216987,stock
2022-01-25,TSLA,200.21,201.01,196.65,197.52,67850308,stock
2022-01-26,TSLA,192.26,193.19,190.48,191.68,100237814,stock
2022-01-27,TSLA,193.67,197.66,185.47,187.08,72337327,stock
2022-01-28,TSLA,171.05,177.53,168.84,176.88,82106597,stock
2022-01-31,TSLA,166.79,172.17,164.7,170.5,89547116,stock
2022-02-01,TSLA,155.32,163.8,153.42,161.56,91383382,stock
2022-02-02,TSLA,158.59,161.26,152.37,155.41,38381549,stock
2022-02-03,TSLA,157.02,167.15,154.36,162.13,40029710,stock
2022-02-04,TSLA,155.34,158.63,151.79,156.12,77603330,stock
2022-02-07,TSLA,168.44,175.49,165.17,173.49,85172251,stock
2022-02-08,TSLA,171.94,182.04,165.6,176.98,110175145,stock
2022-02-09,TSLA,176.52,183.44,173.1,178.33,87401865,stock
2022-02-10,TSLA,165.52,173.18,164.75,172.35,126884797,stock
2022-02-11,TSLA,180.8,183.08,176.11,177.28,74459446,stock
2022-02-14,TSLA,173.45,174.98,171.54,173.28,117399777,stock
2022-02-15,TSLA,169.72,175.59,168.22,174.16,119874673,stock
2022-02-16,TSLA,200.61,204.73,188.36,192.98,63549858,stock
2022-02-17,TSLA,186.1,193.03,185.53,192.28,68071876,stock
2022-02-18,TSLA,203.87,204.28,200.34,201.36,127189609,stock
2022-02-21,TSLA,195.05,197.78,193.79,195.82,95169555,stock
2022-02-22,TSLA,193.46,197.69,190.95,195.58,35276949,stock
2022-02-23,TSLA,205.3,211.93,203.95,209.98,123085374,stock
2022-02-24,TSLA,208.64,210.03,203.94,204.82,72977693,stock
2022-02-25,TSLA,221.18,222.22,218.16,220.27,124544534,stock
2022-02-28,TSLA,220.11,231.6,216.88,226.64,129895951,stock
2022-03-01,TSLA,214.11,221.9,213.39,221.64,39003869,stock
2022-03-02,TSLA,225.64,231.08,220.52,227.36,95108408,stock
2022-03-03,TSLA,245.86,248.99,231.99,236.43,75461784,stock
2022-03-04,TSLA,247.71,249.78,241.29,242.43,86483149,stock
2022-03-07,TSLA,225.84,230.69,222.24,227.72,128510945,stock
2022-03-08,TSLA,223.25,225.66,216.81,221.24,85112826,stock
2022-03-09,TSLA,226.97,228.43,217.13,219.1,117142410,stock
2022-03-10,TSLA,216.02,220.18,213.36,218.49,43544851,stock
2022-03-11,TSLA,215.84,225.37,212.44,224.03,76569956,stock
2022-03-14,TSLA,224.85,226.75,220.39,225.67,72674270,stock
2022-03-15,TSLA,214.34,219.68,208.61,213.98,66129028,stock
2022-03-16,TSLA,211.63,220.9,209.18,217.3,109617454,stock
2022-03-17,TSLA,223.01,226.79,215.74,222.72,94606505,stock
2022-03-18,TSLA,234.51,236.62,225.71,227.81,104592253,stock
2022-03-21,TSLA,231.05,239.6,229.72,237.92,109164873,stock
2022-03-22,TSLA,239.87,247.29,237.89,246.04,50554833,stock
2022-03-23,TSLA,256.89,259.06,249.01,250.65,91026483,stock
2022-03-24,TSLA,243.22,252.25,242.65,250.0,42244171,stock
2022-03-25,TSLA,227.63,237.93,226.33,233.97,101711540,stock
2022-03-28,TSLA,233.47,238.45,232.41,238.08,104829921,stock
2022-03-29,TSLA,230.86,244.51,226.72,240.11,69359893,stock
2022-03-30,TSLA,241.79,244.16,240.55,242.78,56682889,stock
2022-03-31,TSLA,260.51,267.78,250.98,258.43,57961967,stock
2022-04-01,TSLA,242.88,252.8,239.68,247.54,88506220,stock
2022-04-04,TSLA,252.66,261.48,250.84,258.24,60239240,stock
2022-04-05,TSLA,257.98,262.78,255.02,257.89,48288539,stock
2022-04-06,TSLA,267.5,268.75,260.61,265.07,93968627,stock
2022-04-07,TSLA,265.04,265.98,263.79,265.42,130258356,stock
2022-04-08,TSLA,271.63,278.54,259.86,265.79,78872718,stock
2022-04-11,TSLA,276.67,277.11,275.05,276.01,125685283,stock
2022-04-12,TSLA,272.35,275.95,266.75,270.43,115113737,stock
2022-04-13,TSLA,263.57,272.49,262.92,271.52,133022404,stock
2022-04-14,TSLA,274.64,276.48,265.37,266.6,116070380,stock
2022-04-15,TSLA,263.69,266.17,260.33,262.06,109751835,stock
2022-04-18,TSLA,255.08,262.48,252.71,258.89,109161414,stock
2022-04-19,TSLA,268.67,270.36,259.71,261.25,67311559,stock
2022-04-20,TSLA,261.58,265.39,250.41,256.35,89932666,stock
2022-04-21,TSLA,270.79,272.57,267.64,269.61,74483353,stock
2022-04-22,TSLA,265.09,271.75,254.7,260.18,118445504,stock
2022-04-25,TSLA,262.42,264.05,256.45,258.3,80127651,stock
2022-04-26,TSLA,254.87,257.79,250.89,253.84,53748209,stock
2022-04-27,TSLA,258.38,271.86,255.09,269.02,136459218,stock
2022-04-28,TSLA,261.74,273.13,260.4,271.2,40052828,stock
2022-04-29,TSLA,293.64,296.95,279.74,282.69,112305832,stock
2022-05-02,TSLA,275.93,281.61,261.7,266.43,82635446,stock
2022-05-03,TSLA,272.73,275.01,268.18,269.35,39079752,stock
2022-05-04,TSLA,279.51,282.2,276.82,279.16,39149886,stock
2022-05-05,TSLA,268.94,281.18,265.73,280.13,117363917,stock
2022-05-06,TSLA,289.94,295.47,287.11,292.39,112262095,stock
2022-05-09,TSLA,277.07,287.08,275.81,286.46,130225422,stock
2022-05-10,TSLA,314.37,316.35,299.9,303.13,54753005,stock
2022-05-11,TSLA,334.39,339.47,325.87,332.4,45350590,stock
2022-05-12,TSLA,322.28,329.31,320.84,327.67,132215758,stock
2022-05-13,TSLA,330.01,337.53,313.35,321.95,132336260,stock
2022-05-16,TSLA,348.66,355.16,333.48,341.29,80156024,stock
2022-05-17,TSLA,366.15,367.74,361.51,363.62,40291800,stock
2022-05-18,TSLA,370.25,377.18,352.58,356.17,64785169,stock
2022-05-19,TSLA,350.76,353.55,338.68,350.3,57638300,stock
2022-05-20,TSLA,351.26,353.04,345.9,346.44,124425192,stock
2022-05-23,TSLA,324.52,334.49,321.74,328.37,125026691,stock
2022-05-24,TSLA,326.97,332.3,313.38,316.59,103552803,stock
2022-05-25,TSLA,297.05,308.06,292.76,304.18,91503819,stock
2022-05-26,TSLA,285.76,297.35,283.93,295.04,95036318,stock
2022-05-27,TSLA,300.92,305.68,292.93,294.69,77120498,stock
2022-05-30,TSLA,297.34,305.1,290.31,297.53,112697078,stock
2022-05-31,TSLA,328.9,335.07,313.82,316.63,51618261,stock
2022-06-01,TSLA,293.44,310.45,289.16,304.29,80511632,stock
2022-06-02,TSLA,313.88,321.64,311.59,316.57,119549983,stock
2022-06-03,TSLA,312.94,320.7,311.05,313.94,49198007,stock
2022-06-06,TSLA,309.0,318.63,305.9,313.38,78988231,stock
2022-06-07,TSLA,321.28,324.55,319.47,322.02,73807807,stock
2022-06-08,TSLA,312.88,314.48,305.11,307.94,53833926,stock
2022-06-09,TSLA,303.52,314.66,302.41,312.75,37664082,stock
2022-06-10,TSLA,308.25,317.07,306.24,314.9,41234777,stock
2022-06-13,TSLA,312.22,331.67,308.01,321.23,70929516,stock
2022-06-14,TSLA,334.12,342.06,314.98,325.03,94251439,stock
2022-06-15,TSLA,360.43,363.66,356.09,358.65,85334511,stock
2022-06-16,TSLA,358.46,359.43,348.51,349.68,64558575,stock
2022-06-17,TSLA,338.59,345.74,333.72,342.4,48177403,stock
2022-06-20,TSLA,323.92,335.01,322.87,334.04,42896880,stock
2022-06-21,TSLA,330.66,333.34,320.27,326.76,54843308,stock
2022-06-22,TSLA,318.28,325.58,310.22,318.6,56247763,stock
2022-06-23,TSLA,337.71,339.11,332.71,334.19,88776441,stock
2022-06-24,TSLA,357.51,361.04,349.09,353.8,31107237,stock
2022-06-27,TSLA,338.36,347.23,337.08,345.88,45622123,stock
2022-06-28,TSLA,328.5,339.58,320.55,334.62,52237363,stock
2022-06-29,TSLA,353.76,358.2,338.16,341.06,26399351,stock
2022-06-30,TSLA,338.0,347.47,326.12,333.68,30232123,stock
2022-07-01,TSLA,331.43,343.05,328.72,342.3,63661485,stock
2022-07-04,TSLA,342.31,346.14,341.99,345.16,42459378,stock
2022-07-05,TSLA,328.94,331.4,323.71,324.92,40846860,stock
2022-07-06,TSLA,349.23,350.62,341.77,345.74,25120131,stock
2022-07-07,TSLA,382.27,386.95,365.65,371.56,89604122,stock
2022-07-08,TSLA,356.03,367.23,347.98,362.64,69661215,stock
2022-07-11,TSLA,359.91,362.21,354.81,357.13,59811136,stock
2022-07-12,TSLA,365.34,368.92,357.49,361.31,57396875,stock
2022-07-13,TSLA,364.54,372.14,359.66,366.25,41299219,stock
2022-07-14,TSLA,385.59,386.41,375.65,376.1,51319212,stock
2022-07-15,TSLA,421.43,422.53,407.0,407.67,21594788,stock
2022-07-18,TSLA,398.17,407.78,396.61,404.87,43955773,stock
2022-07-19,TSLA,394.13,397.76,389.9,392.23,65618349,stock
2022-07-20,TSLA,367.64,373.86,364.22,371.25,34622170,stock
2022-07-21,TSLA,372.45,381.96,352.22,360.62,36819028,stock
2022-07-22,TSLA,369.12,374.92,350.56,360.22,30289110,stock
2022-07-25,TSLA,391.34,394.93,384.94,387.1,55349891,stock
2022-07-26,TSLA,364.66,380.11,362.39,379.25,29632442,stock
2022-07-27,TSLA,375.67,384.61,373.77,382.73,31845590,stock
2022-07-28,TSLA,382.36,384.03,380.96,382.56,62809193,stock
2022-07-29,TSLA,400.1,414.61,392.66,401.26,64321785,stock
2022-08-01,TSLA,428.26,457.94,423.9,444.03,43287890,stock
2022-08-02,TSLA,446.67,450.27,431.15,434.79,24180535,stock
2022-08-03,TSLA,417.88,437.35,410.48,426.44,56072210,stock
2022-08-04,TSLA,443.33,446.09,442.3,444.72,67902345,stock
2022-08-05,TSLA,463.74,467.9,452.87,457.11,48986761,stock
2022-08-08,TSLA,509.48,510.72,491.44,492.25,48774191,stock
2022-08-09,TSLA,519.61,524.08,502.11,503.99,22087068,stock
2022-08-10,TSLA,489.92,501.25,484.43,496.89,22112868,stock
2022-08-11,TSLA,488.88,512.69,475.38,508.88,38938320,stock
2022-08-12,TSLA,526.58,535.65,522.27,532.06,20179390,stock
2022-08-15,TSLA,568.87,582.97,540.02,549.92,18430184,stock
2022-08-16,TSLA,570.34,582.82,556.8,561.3,26191075,stock
2022-08-17,TSLA,599.41,617.96,566.44,585.89,35268364,stock
2022-08-18,TSLA,623.36,626.27,612.22,614.06,55572314,stock
2022-08-19,TSLA,645.85,654.95,635.68,649.1,23305729,stock
2022-08-22,TSLA,658.18,671.27,655.52,666.3,51264737,stock
2022-08-23,TSLA,664.88,671.09,654.1,661.99,27361149,stock
2022-08-24,TSLA,658.94,667.67,653.08,666.02,30633340,stock
2022-08-25,TSLA,672.17,704.94,666.75,699.09,24328853,stock
2022-08-26,TSLA,685.32,697.94,666.56,676.75,36068111,stock
2022-08-29,TSLA,689.77,699.8,680.28,686.94,40557309,stock
2022-08-30,TSLA,677.61,678.75,672.45,676.35,19086362,stock
2022-08-31,TSLA,661.12,691.31,654.46,677.27,36914055,stock
2022-09-01,TSLA,721.95,736.93,694.57,712.94,23832889,stock
2022-09-02,TSLA,724.65,727.64,707.54,718.56,21732854,stock
2022-09-05,TSLA,742.49,746.47,707.37,720.04,15667374,stock
2022-09-06,TSLA,705.97,714.48,674.14,682.05,41100551,stock
2022-09-07,TSLA,689.69,708.32,683.68,702.86,24958071,stock
2022-09-08,TSLA,747.97,755.57,700.05,721.39,33649657,stock
2022-09-09,TSLA,788.4,791.41,781.46,786.75,19802655,stock
2022-09-12,TSLA,772.0,784.04,755.1,777.28,26573585,stock
2022-09-13,TSLA,794.65,808.65,779.13,784.28,19646844,stock
2022-09-14,TSLA,782.0,796.84,768.11,792.3,29555247,stock
2022-09-15,TSLA,831.59,857.24,825.49,844.07,26734788,stock
2022-09-16,TSLA,836.36,861.49,818.36,841.03,33878828,stock
2022-09-19,TSLA,868.72,877.14,847.03,850.64,48803256,stock
2022-09-20,TSLA,864.57,884.88,847.99,871.75,34938528,stock
2022-09-21,TSLA,913.13,921.63,869.98,878.46,20846633,stock
2022-09-22,TSLA,830.06,888.68,807.61,863.08,22855494,stock
2022-09-23,TSLA,873.9,892.94,863.43,869.98,13915111,stock
2022-09-26,TSLA,882.06,915.44,872.49,908.34,21243881,stock
2022-09-27,TSLA,843.51,886.89,816.69,871.97,40084739,stock
2022-09-28,TSLA,897.34,906.13,854.44,876.8,38467078,stock
2022-09-29,TSLA,880.57,894.47,843.7,852.75,40102896,stock
2022-09-30,TSLA,864.52,899.97,846.9,894.69,25745650,stock
2022-10-03,TSLA,836.35,866.93,811.35,841.97,21236486,stock
2022-10-04,TSLA,830.26,834.91,805.26,823.52,27251070,stock
2022-10-05,TSLA,805.52,843.57,801.79,836.21,31961455,stock
2022-10-06,TSLA,858.41,897.96,853.47,890.43,29942979,stock
2022-10-07,TSLA,888.6,896.93,878.74,888.26,28130881,stock
2022-10-10,TSLA,839.91,873.19,838.36,868.93,28496373,stock
2022-10-11,TSLA,937.16,941.53,935.4,937.02,18337690,stock
2022-10-12,TSLA,883.61,899.45,876.2,884.47,37453661,stock
2022-10-13,TSLA,793.72,816.43,773.69,810.16,26113182,stock
2022-10-14,TSLA,797.64,847.31,781.12,824.71,27328518,stock
2022-10-17,TSLA,814.55,817.13,803.26,808.48,53426775,stock
2022-10-18,TSLA,806.71,817.72,769.98,776.27,15438012,stock
2022-10-19,TSLA,779.55,811.97,758.19,798.74,48883427,stock
2022-10-20,TSLA,777.98,811.93,772.88,806.73,50042595,stock
2022-10-21,TSLA,758.2,808.7,750.62,788.89,32954831,stock
2022-10-24,TSLA,732.2,751.24,731.29,749.66,36426065,stock
2022-10-25,TSLA,775.38,783.86,772.42,776.44,44381451,stock
2022-10-26,TSLA,802.35,804.2,796.46,797.05,21908415,stock
2022-10-27,TSLA,812.43,819.68,791.52,794.06,43491867,stock
2022-10-28,TSLA,847.48,856.1,845.36,855.1,44259781,stock
2022-10-31,TSLA,787.91,845.01,767.33,819.44,25463289,stock
2022-11-01,TSLA,800.48,804.1,765.23,771.08,54822429,stock
2022-11-02,TSLA,731.36,760.29,721.83,750.18,58289745,stock
2022-11-03,TSLA,733.83,750.51,732.68,748.97,34071579,stock
2022-11-04,TSLA,747.17,759.5,742.73,756.44,27059071,stock
2022-11-07,TSLA,749.41,774.35,728.76,749.33,58364362,stock
2022-11-08,TSLA,779.26,785.35,742.54,760.11,29950015,stock
2022-11-09,TSLA,746.12,750.41,721.54,723.14,35414617,stock
2022-11-10,TSLA,773.18,793.85,755.01,766.28,28791862,stock
2022-11-11,TSLA,792.68,798.51,761.01,763.92,44562393,stock
2022-11-14,TSLA,775.89,804.18,769.01,799.0,61732404,stock
2022-11-15,TSLA,823.48,830.55,806.67,810.19,69583899,stock
2022-11-16,TSLA,801.86,855.82,771.74,825.29,34565304,stock
2022-11-17,TSLA,874.79,880.62,835.51,844.48,65349440,stock
2022-11-18,TSLA,878.18,901.32,846.32,859.92,40694937,stock
2022-11-21,TSLA,913.11,928.55,866.52,882.49,33663011,stock
2022-11-22,TSLA,901.58,941.13,877.66,930.86,53173964,stock
2022-11-23,TSLA,943.43,947.94,933.87,938.39,58247371,stock
2022-11-24,TSLA,980.11,989.08,956.3,965.58,54305400,stock
2022-11-25,TSLA,952.61,987.09,935.94,962.31,27652487,stock
2022-11-28,TSLA,981.43,1027.65,979.32,1019.58,35936211,stock
2022-11-29,TSLA,1011.81,1029.5,978.17,992.56,24141427,stock
2022-11-30,TSLA,1108.37,1143.9,1043.38,1066.92,40349245,stock
2022-12-01,TSLA,1043.83,1076.39,1038.95,1065.42,66443446,stock
2022-12-02,TSLA,991.29,1017.98,977.9,1006.36,58462381,stock
2022-12-05,TSLA,1042.14,1060.77,997.88,1011.73,50194494,stock
2022-12-06,TSLA,948.69,1017.63,928.39,984.74,47267301,stock
2022-12-07,TSLA,1023.32,1042.09,997.04,1018.61,25156540,stock
2022-12-08,TSLA,984.47,998.48,972.99,992.57,52969798,stock
2022-12-09,TSLA,984.03,988.39,964.23,975.2,32134235,stock
2022-12-12,TSLA,900.9,928.05,892.06,904.39,76163286,stock
2022-12-13,TSLA,902.29,912.61,870.59,888.36,54433371,stock
2022-12-14,TSLA,812.26,817.98,803.75,806.43,55426806,stock
2022-12-15,TSLA,768.69,777.01,749.55,757.07,74951242,stock
2022-12-16,TSLA,756.52,783.73,753.79,780.61,61884237,stock
2022-12-19,TSLA,824.46,832.76,792.63,805.7,52069989,stock
2022-12-20,TSLA,837.28,850.07,810.72,819.69,73536546,stock
2022-12-21,TSLA,812.02,814.22,783.82,788.75,56468626,stock
2022-12-22,TSLA,804.32,810.51,779.61,787.4,34238083,stock
2022-12-23,TSLA,768.73,791.53,766.37,787.45,60878577,stock
2022-12-26,TSLA,754.56,759.88,728.38,751.94,44441627,stock
2022-12-27,TSLA,797.16,809.08,791.98,798.71,73492913,stock
2022-12-28,TSLA,980.03,987.97,968.97,976.34,92296294,stock
2022-12-29,TSLA,940.7,970.97,939.74,967.94,95672349,stock
2022-12-30,TSLA,995.38,1007.08,944.21,969.17,31167237,stock
2023-01-02,TSLA,952.32,990.56,940.11,977.48,84478626,stock
2023-01-03,TSLA,921.71,929.36,888.39,901.0,76035188,stock
2023-01-04,TSLA,863.27,906.99,846.74,892.32,60011397,stock
2023-01-05,TSLA,863.43,871.28,861.53,868.48,39842956,stock
2023-01-06,TSLA,819.48,849.35,804.71,834.54,88562877,stock
2023-01-09,TSLA,799.57,841.84,784.8,825.37,114810525,stock
2023-01-10,TSLA,900.47,917.81,868.98,887.09,54497693,stock
2023-01-11,TSLA,896.94,924.61,873.97,910.3,60953656,stock
2023-01-12,TSLA,894.38,898.41,885.29,889.92,73967239,stock
2023-01-13,TSLA,918.69,925.15,902.44,910.72,30284040,stock
2023-01-16,TSLA,973.01,973.97,960.46,963.34,103400296,stock
2023-01-17,TSLA,992.96,1018.5,967.06,999.84,89421745,stock
2023-01-18,TSLA,978.46,1003.67,976.02,1002.42,59580870,stock
2023-01-19,TSLA,963.25,981.32,947.52,977.01,63252648,stock
2023-01-20,TSLA,1014.21,1020.87,994.73,1004.88,62769380,stock
2023-01-23,TSLA,1035.12,1049.57,1008.05,1021.03,93341852,stock
2023-01-24,TSLA,1069.24,1089.11,1044.77,1058.46,64253749,stock
2023-01-25,TSLA,1078.44,1113.43,1048.37,1085.92,61300327,stock
2023-01-26,TSLA,1115.99,1153.85,1103.66,1132.7,99480948,stock
2023-01-27,TSLA,1143.36,1160.75,1073.79,1108.93,60385523,stock
2023-01-30,TSLA,1214.41,1217.41,1165.42,1169.17,89621715,stock
2023-01-31,TSLA,1187.66,1205.64,1162.53,1178.68,103665960,stock
2023-02-01,TSLA,1232.96,1290.68,1222.02,1280.96,57386744,stock
2023-02-02,TSLA,1291.32,1300.36,1235.67,1246.38,45083955,stock
2023-02-03,TSLA,1365.96,1405.68,1312.58,1336.27,36487817,stock
2023-02-06,TSLA,1347.16,1356.94,1321.1,1347.16,109230626,stock
2023-02-07,TSLA,1341.71,1350.85,1286.69,1312.77,119148554,stock
2023-02-08,TSLA,1306.07,1320.93,1250.03,1287.86,82224309,stock
2023-02-09,TSLA,1273.99,1281.56,1236.52,1271.72,106445286,stock
2023-02-10,TSLA,1251.0,1312.13,1243.41,1293.74,89568837,stock
2023-02-13,TSLA,1301.52,1345.15,1285.35,1321.35,129222848,stock
2023-02-14,TSLA,1259.86,1299.54,1251.31,1291.63,82079162,stock
2023-02-15,TSLA,1254.42,1294.36,1252.53,1290.63,101844568,stock
2023-02-16,TSLA,1373.37,1421.09,1359.44,1406.38,50812491,stock
2023-02-17,TSLA,1481.17,1524.55,1469.97,1507.3,101736330,stock
2023-02-20,TSLA,1527.23,1541.24,1513.78,1534.15,108886281,stock
2023-02-21,TSLA,1481.93,1542.17,1478.52,1536.79,100725184,stock
2023-02-22,TSLA,1586.03,1615.04,1518.02,1544.49,70251383,stock
2023-02-23,TSLA,1610.15,1648.81,1550.28,1583.18,142701842,stock
2023-02-24,TSLA,1515.85,1534.34,1475.99,1520.02,137275314,stock
2023-02-27,TSLA,1499.41,1527.32,1476.22,1504.75,87786618,stock
2023-02-28,TSLA,1376.77,1421.88,1365.85,1407.88,137378628,stock
2023-03-01,TSLA,1453.68,1471.7,1410.38,1430.83,134396437,stock
2023-03-02,TSLA,1413.46,1485.27,1399.68,1468.65,88065911,stock
2023-03-03,TSLA,1471.71,1480.48,1436.95,1440.82,48468407,stock
2023-03-06,TSLA,1571.2,1594.64,1498.14,1534.76,125343042,stock
2023-03-07,TSLA,1450.02,1479.06,1427.13,1461.62,98315679,stock
2023-03-08,TSLA,1365.92,1404.16,1320.13,1378.74,103296898,stock
2023-03-09,TSLA,1384.26,1428.3,1356.03,1391.45,63742918,stock
2023-03-10,TSLA,1402.25,1488.75,1376.08,1451.26,91902472,stock
2023-03-13,TSLA,1548.08,1577.4,1515.18,1552.69,57171293,stock
2023-03-14,TSLA,1472.25,1541.53,1422.48,1524.75,124070278,stock
2023-03-15,TSLA,1591.57,1611.67,1584.33,1592.3,129295654,stock
2023-03-16,TSLA,1641.47,1681.79,1578.78,1590.17,53984224,stock
2023-03-17,TSLA,1583.49,1590.04,1571.07,1579.54,59506328,stock
2023-03-20,TSLA,1612.68,1666.83,1569.95,1636.7,71761889,stock
2023-03-21,TSLA,1671.53,1743.06,1641.27,1680.3,47539907,stock
2023-03-22,TSLA,1639.34,1641.66,1576.6,1577.94,70566522,stock
2023-03-23,TSLA,1680.82,1687.46,1653.4,1674.27,129713729,stock
2023-03-24,TSLA,1820.8,1846.02,1758.68,1769.65,116306990,stock
2023-03-27,TSLA,1701.15,1741.37,1686.07,1726.27,98570207,stock
2023-03-28,TSLA,1750.64,1770.98,1726.29,1754.17,140977401,stock
2023-03-29,TSLA,1740.04,1850.25,1695.25,1789.53,52339810,stock
2023-03-30,TSLA,1738.58,1815.95,1733.05,1808.65,86060130,stock
2023-03-31,TSLA,1710.83,1819.69,1673.47,1769.63,88061062,stock
2023-04-03,TSLA,1737.46,1767.34,1704.06,1723.06,93831925,stock
2023-04-04,TSLA,1714.77,1740.99,1700.84,1721.65,104199930,stock
2023-04-05,TSLA,1854.76,1871.75,1778.46,1804.69,82479450,stock
2023-04-06,TSLA,1825.1,1886.39,1797.35,1844.73,114771936,stock
2023-04-07,TSLA,1815.27,1827.18,1811.42,1817.95,117362801,stock
2023-04-10,TSLA,1947.88,2008.67,1833.08,1875.32,45234512,stock
2023-04-11,TSLA,1618.59,1708.4,1570.96,1673.7,141736628,stock
2023-04-12,TSLA,1771.5,1779.48,1748.47,1752.75,42155795,stock
2023-04-13,TSLA,1671.69,1686.16,1619.91,1635.26,87308181,stock
2023-04-14,TSLA,1601.86,1658.91,1561.28,1612.04,67464972,stock
2023-04-17,TSLA,1593.9,1598.62,1537.14,1541.74,96820453,stock
2023-04-18,TSLA,1461.08,1466.58,1459.39,1464.23,142265721,stock
2023-04-19,TSLA,1549.38,1571.01,1520.73,1534.13,89764114,stock
2023-04-20,TSLA,1479.23,1521.86,1457.2,1505.99,126863075,stock
2023-04-21,TSLA,1479.85,1528.89,1476.73,1527.32,51345934,stock
2023-04-24,TSLA,1562.31,1574.31,1502.43,1524.76,86282755,stock
2023-04-25,TSLA,1599.46,1623.4,1540.94,1554.44,50180933,stock
2023-04-26,TSLA,1516.39,1594.46,1458.17,1559.54,115136644,stock
2023-04-27,TSLA,1474.73,1493.84,1468.49,1481.82,110748385,stock
2023-04-28,TSLA,1559.93,1579.08,1535.4,1542.37,51654680,stock
2023-05-01,TSLA,1488.48,1533.55,1467.31,1512.51,88740913,stock
2023-05-02,TSLA,1444.87,1458.67,1413.97,1421.49,122581777,stock
2023-05-03,TSLA,1445.41,1447.71,1394.58,1397.64,131042844,stock
2023-05-04,TSLA,1429.9,1523.38,1400.28,1484.4,129604810,stock
2023-05-05,TSLA,1587.43,1612.89,1522.63,1536.06,59929967,stock
2023-05-08,TSLA,1533.8,1538.61,1507.42,1515.09,107273151,stock
2023-05-09,TSLA,1504.98,1520.96,1473.28,1494.37,100703803,stock
2023-05-10,TSLA,1481.18,1491.26,1463.76,1475.56,33715499,stock
2023-05-11,TSLA,1552.88,1609.2,1549.17,1603.7,59745553,stock
2023-05-12,TSLA,1566.65,1633.05,1551.57,1628.71,95157379,stock
2023-05-15,TSLA,1717.03,1756.86,1614.33,1657.3,43221104,stock
2023-05-16,TSLA,1676.23,1770.73,1621.22,1727.37,85041907,stock
2023-05-17,TSLA,1799.56,1850.72,1717.07,1744.3,75027085,stock
2023-05-18,TSLA,1745.83,1806.75,1699.32,1726.66,70659673,stock
2023-05-19,TSLA,1750.49,1779.09,1692.95,1713.5,37518346,stock
2023-05-22,TSLA,1692.92,1734.14,1679.5,1708.94,117642290,stock
2023-05-23,TSLA,1698.62,1719.32,1678.63,1706.74,85326578,stock
2023-05-24,TSLA,1756.38,1762.58,1743.21,1757.49,49415506,stock
2023-05-25,TSLA,1819.65,1855.87,1748.25,1761.5,36034743,stock
2023-05-26,TSLA,1778.05,1838.42,1738.24,1814.25,42348490,stock
2023-05-29,TSLA,1871.4,1906.49,1788.95,1808.76,89846156,stock
2023-05-30,TSLA,1825.66,1866.14,1751.9,1814.83,70909035,stock
2023-05-31,TSLA,1721.87,1747.93,1649.58,1675.75,74380986,stock
2023-06-01,TSLA,1801.83,1805.73,1735.99,1738.66,75876694,stock
2023-06-02,TSLA,1743.38,1812.65,1708.9,1763.28,80477971,stock
2023-06-05,TSLA,1775.35,1879.76,1706.98,1835.46,34108918,stock
2023-06-06,TSLA,1669.86,1693.04,1623.99,1635.0,30376557,stock
2023-06-07,TSLA,1733.86,1800.55,1706.29,1777.8,77683879,stock
2023-06-08,TSLA,1709.53,1788.21,1687.27,1768.26,37702556,stock
2023-06-09,TSLA,1881.27,1893.42,1838.12,1848.77,31204246,stock
2023-06-12,TSLA,1746.52,1799.14,1711.49,1773.8,60891301,stock
2023-06-13,TSLA,1750.84,1835.92,1690.7,1818.18,28914193,stock
2023-06-14,TSLA,1786.35,1795.22,1736.66,1743.51,76801405,stock
2023-06-15,TSLA,1653.12,1740.71,1596.71,1700.89,27765825,stock
2023-06-16,TSLA,1859.19,1867.47,1823.19,1836.59,28080673,stock
2023-06-19,TSLA,1769.12,1840.74,1756.52,1823.0,46852745,stock
2023-06-20,TSLA,1832.85,1859.26,1792.92,1839.29,83109101,stock
2023-06-21,TSLA,1904.38,1915.19,1899.73,1904.81,81085752,stock
2023-06-22,TSLA,1991.78,2027.18,1916.67,1943.35,46251452,stock
2023-06-23,TSLA,1967.35,1991.04,1889.02,1955.47,78186884,stock
2023-06-26,TSLA,1999.4,2028.36,1966.28,1984.62,32502451,stock
2023-06-27,TSLA,2219.64,2245.02,2163.57,2185.32,85070624,stock
2023-06-28,TSLA,2110.94,2188.44,2104.88,2180.73,74053886,stock
2023-06-29,TSLA,2196.49,2200.17,2194.16,2198.78,27776265,stock
2023-06-30,TSLA,2364.61,2397.54,2241.34,2293.61,71710150,stock
2023-07-03,TSLA,2341.43,2446.38,2299.22,2397.79,47663595,stock
2023-07-04,TSLA,2537.13,2558.94,2482.3,2514.89,52540206,stock
2023-07-05,TSLA,2606.75,2688.04,2533.42,2580.49,21008887,stock
2023-07-06,TSLA,2390.21,2483.11,2382.48,2465.66,42617682,stock
2023-07-07,TSLA,2641.03,2671.71,2565.96,2632.67,59990141,stock
2023-07-10,TSLA,2453.55,2542.27,2429.34,2515.18,77563376,stock
2023-07-11,TSLA,2480.38,2584.35,2468.27,2546.32,57448717,stock
2023-07-12,TSLA,2458.22,2486.37,2430.71,2471.14,63203200,stock
2023-07-13,TSLA,2512.71,2522.27,2461.83,2465.3,63846301,stock
2023-07-14,TSLA,2421.69,2545.78,2381.52,2498.43,52089749,stock
2023-07-17,TSLA,2470.26,2558.89,2453.09,2531.26,61673263,stock
2023-07-18,TSLA,2492.06,2604.83,2458.08,2574.86,38742712,stock
2023-07-19,TSLA,2740.71,2764.48,2713.71,2747.09,25767282,stock
2023-07-20,TSLA,2787.87,2851.15,2755.61,2797.94,55932629,stock
2023-07-21,TSLA,2876.73,2903.0,2749.39,2771.3,53694743,stock
2023-07-24,TSLA,2797.06,2892.86,2789.33,2880.84,26043640,stock
2023-07-25,TSLA,3115.23,3146.98,2983.16,3021.82,49436421,stock
2023-07-26,TSLA,2801.61,2949.03,2736.92,2877.6,21068795,stock
2023-07-27,TSLA,2945.23,3049.52,2876.49,2947.78,57923375,stock
2023-07-28,TSLA,3088.03,3119.05,3016.6,3032.23,32249357,stock
2023-07-31,TSLA,3090.89,3139.79,2973.77,2996.95,43678221,stock
2023-08-01,TSLA,3288.79,3290.77,3162.21,3167.12,52353767,stock
2023-08-02,TSLA,3156.64,3163.55,3138.87,3148.8,54132504,stock
2023-08-03,TSLA,3099.58,3205.14,3086.65,3165.29,49286635,stock
2023-08-04,TSLA,3051.7,3196.42,2965.63,3144.08,19371749,stock
2023-08-07,TSLA,3097.54,3195.85,3040.39,3146.67,48744101,stock
2023-08-08,TSLA,3001.39,3020.68,2992.13,3012.27,32910521,stock
2023-08-09,TSLA,2814.74,2896.43,2750.18,2844.23,52542657,stock
2023-08-10,TSLA,3127.59,3134.87,3028.62,3032.15,33026009,stock
2023-08-11,TSLA,3036.36,3059.81,2900.82,2931.73,48205867,stock
2023-08-14,TSLA,2904.18,2916.48,2814.51,2818.31,54373609,stock
2023-08-15,TSLA,2666.51,2687.27,2550.83,2586.23,40067125,stock
2023-08-16,TSLA,2455.97,2547.92,2445.61,2521.47,43406170,stock
2023-08-17,TSLA,2484.07,2493.58,2384.9,2391.98,33458359,stock
2023-08-18,TSLA,2571.24,2664.46,2519.42,2554.87,44016664,stock
2023-08-21,TSLA,2629.36,2672.77,2607.67,2660.71,24690591,stock
2023-08-22,TSLA,2556.93,2596.43,2549.09,2588.99,18283773,stock
2023-08-23,TSLA,2874.07,2925.74,2797.85,2833.65,37943812,stock
2023-08-24,TSLA,3052.76,3133.89,2856.47,2947.73,15740095,stock
2023-08-25,TSLA,2900.45,2937.89,2804.38,2910.26,24349750,stock
2023-08-28,TSLA,2551.59,2676.43,2475.01,2633.9,32275174,stock
2023-08-29,TSLA,2892.03,2963.58,2842.95,2887.25,50369902,stock
2023-08-30,TSLA,2651.28,2761.43,2616.7,2731.69,37595202,stock
2023-08-31,TSLA,2468.76,2589.04,2455.5,2558.2,48981628,stock
2023-09-01,TSLA,2646.71,2699.26,2595.74,2665.54,25112293,stock
2023-09-04,TSLA,2985.67,3049.22,2898.91,2939.38,24170065,stock
2023-09-05,TSLA,3179.27,3187.08,3097.9,3107.35,30897055,stock
2023-09-06,TSLA,3247.47,3276.88,3119.2,3178.87,29744320,stock
2023-09-07,TSLA,3366.53,3388.42,3243.87,3256.05,49132228,stock
2023-09-08,TSLA,3421.79,3505.72,3332.84,3369.8,21448078,stock
2023-09-11,TSLA,3423.39,3478.59,3417.65,3474.36,19424657,stock
2023-09-12,TSLA,3383.54,3551.96,3344.15,3514.36,26484310,stock
2023-09-13,TSLA,3434.47,3565.17,3359.29,3529.74,27679688,stock
2023-09-14,TSLA,3421.71,3563.97,3387.61,3521.62,12676775,stock
2023-09-15,TSLA,3547.72,3595.71,3338.81,3417.68,30356295,stock
2023-09-18,TSLA,3500.27,3544.76,3350.42,3380.2,18105154,stock
2023-09-19,TSLA,3262.35,3303.81,3103.26,3159.51,40246458,stock
2023-09-20,TSLA,3056.94,3220.86,3005.98,3147.74,27868957,stock
2023-09-21,TSLA,3013.22,3054.52,2988.08,3026.3,37104489,stock
2023-09-22,TSLA,2831.81,2963.16,2801.99,2896.19,13610183,stock
2023-09-25,TSLA,2904.96,2966.5,2887.09,2917.69,32486617,stock
2023-09-26,TSLA,3040.39,3106.04,3011.55,3085.37,48006731,stock
2023-09-27,TSLA,3111.29,3246.8,3085.83,3201.45,27470921,stock
2023-09-28,TSLA,2971.37,3046.03,2935.73,3007.13,16486229,stock
2023-09-29,TSLA,2878.09,2976.62,2805.48,2890.99,24538306,stock
2023-10-02,TSLA,3115.44,3168.38,2912.38,3002.46,18803266,stock
2023-10-03,TSLA,2791.72,2913.25,2750.68,2887.33,48145126,stock
2023-10-04,TSLA,2762.73,2971.51,2671.74,2862.07,17058806,stock
2023-10-05,TSLA,3023.34,3051.12,2892.64,2926.33,42597415,stock
2023-10-06,TSLA,2733.92,2845.98,2690.06,2815.71,36564776,stock
2023-10-09,TSLA,2901.98,2912.0,2823.05,2828.17,37159364,stock
2023-10-10,TSLA,2580.23,2692.51,2558.37,2681.75,54239105,stock
2023-10-11,TSLA,2612.78,2682.5,2531.91,2618.53,31913876,stock
2023-10-12,TSLA,2692.64,2714.63,2636.35,2652.77,26254637,stock
2023-10-13,TSLA,2403.22,2568.4,2337.36,2489.51,39101620,stock
2023-10-16,TSLA,2560.22,2611.83,2467.14,2534.27,19935616,stock
2023-10-17,TSLA,2548.03,2596.23,2514.61,2532.78,17457549,stock
2023-10-18,TSLA,2668.28,2679.85,2577.49,2589.9,27335330,stock
2023-10-19,TSLA,2699.89,2722.99,2593.14,2613.72,39420496,stock
2023-10-20,TSLA,2763.92,2848.36,2724.86,2760.85,19797674,stock
2023-10-23,TSLA,2784.98,2861.54,2701.82,2775.27,47741190,stock
2023-10-24,TSLA,2769.04,2797.28,2718.15,2728.56,43395189,stock
2023-10-25,TSLA,2635.62,2798.73,2590.0,2742.49,39401973,stock
2023-10-26,TSLA,2895.42,2907.49,2789.45,2803.3,27065942,stock
2023-10-27,TSLA,2898.58,2917.14,2786.1,2809.34,42514250,stock
2023-10-30,TSLA,2825.98,2876.86,2796.07,2814.47,39839506,stock
2023-10-31,TSLA,2806.91,2820.69,2728.52,2737.09,32822831,stock
2023-11-01,TSLA,2733.62,2772.75,2636.9,2666.0,56622207,stock
2023-11-02,TSLA,2563.38,2572.0,2488.14,2521.05,29094509,stock
2023-11-03,TSLA,2626.97,2740.05,2598.84,2704.34,24619044,stock
2023-11-06,TSLA,2612.88,2624.48,2569.92,2573.59,59695433,stock
2023-11-07,TSLA,2412.11,2525.89,2347.55,2503.74,46282127,stock
2023-11-08,TSLA,2359.12,2437.93,2356.22,2433.31,55497176,stock
2023-11-09,TSLA,2579.48,2652.19,2494.19,2522.49,69441086,stock
2023-11-10,TSLA,2463.79,2499.82,2443.18,2493.41,72768657,stock
2023-11-13,TSLA,2589.62,2654.32,2529.68,2621.53,61474893,stock
2023-11-14,TSLA,2566.71,2574.95,2532.8,2552.36,20397742,stock
2023-11-15,TSLA,2517.82,2593.21,2492.52,2581.52,51859152,stock
2023-11-16,TSLA,2417.02,2533.35,2358.24,2497.19,62916880,stock
2023-11-17,TSLA,2740.93,2765.32,2678.76,2721.47,31519200,stock
2023-11-20,TSLA,2570.73,2610.97,2555.06,2595.73,27740830,stock
2023-11-21,TSLA,2549.47,2658.5,2517.48,2628.62,69085418,stock
2023-11-22,TSLA,2708.98,2727.12,2660.58,2696.65,28715636,stock
2023-11-23,TSLA,2764.23,2780.43,2706.88,2742.21,50402138,stock
2023-11-24,TSLA,2676.9,2778.53,2654.65,2722.5,26492097,stock
2023-11-27,TSLA,2703.67,2777.49,2672.01,2708.95,88788855,stock
2023-11-28,TSLA,2628.51,2745.52,2587.2,2714.24,28266981,stock
2023-11-29,TSLA,2677.41,2713.16,2671.43,2698.87,86200859,stock
2023-11-30,TSLA,2707.82,2913.23,2656.07,2805.51,64433747,stock
2023-12-01,TSLA,2972.98,3171.3,2878.15,3065.49,43035878,stock
2023-12-04,TSLA,3018.14,3054.84,2925.54,2998.49,69638807,stock
2023-12-05,TSLA,2833.69,2873.11,2807.67,2839.18,59047993,stock
2023-12-06,TSLA,2890.41,2900.91,2815.05,2829.74,60742945,stock
2023-12-07,TSLA,3046.23,3160.84,3026.42,3137.96,29741729,stock
2023-12-08,TSLA,3154.08,3197.04,2976.2,3039.3,36455248,stock
2023-12-11,TSLA,3141.07,3267.79,3073.91,3245.89,83597145,stock
2023-12-12,TSLA,3389.1,3553.53,3322.84,3471.89,45737079,stock
2023-12-13,TSLA,3494.27,3527.57,3346.26,3396.53,28392566,stock
2023-12-14,TSLA,3590.79,3623.62,3446.16,3475.42,55875003,stock
2023-12-15,TSLA,3571.42,3757.32,3506.37,3710.07,50695702,stock
2023-12-18,TSLA,3652.47,3687.54,3570.65,3654.96,66146574,stock
2023-12-19,TSLA,3676.82,3694.24,3608.13,3626.04,73812492,stock
2023-12-20,TSLA,3643.81,3687.45,3506.37,3543.36,68254454,stock
2023-12-21,TSLA,3434.93,3498.78,3273.04,3403.09,54492000,stock
2023-12-22,TSLA,3195.82,3326.77,3190.17,3316.51,90605305,stock
2023-12-25,TSLA,3257.58,3262.82,3155.61,3158.69,57776684,stock
2023-12-26,TSLA,3125.99,3200.3,3105.96,3163.63,84454117,stock
2023-12-27,TSLA,3169.03,3188.17,3034.62,3068.29,58332624,stock
2023-12-28,TSLA,3054.65,3103.44,3045.71,3097.74,79164619,stock
2023-12-29,TSLA,2857.05,2991.39,2786.19,2911.41,117004383,stock
2024-01-01,TSLA,2924.89,2983.14,2883.25,2950.79,38817142,stock
2024-01-02,TSLA,3011.39,3102.55,2942.48,3051.44,60843352,stock
2024-01-03,TSLA,2787.29,2857.62,2744.25,2818.1,107760271,stock
2024-01-04,TSLA,2939.07,2996.66,2821.77,2861.15,35080647,stock
2024-01-05,TSLA,2982.21,3051.38,2887.04,3005.76,39524232,stock
2024-01-08,TSLA,2771.5,2910.3,2746.67,2864.36,106361156,stock
2024-01-09,TSLA,2992.04,3115.24,2947.14,3063.17,60058728,stock
2024-01-10,TSLA,3098.84,3179.86,3062.21,3115.56,70139407,stock
2024-01-11,TSLA,3018.2,3093.24,2991.13,3029.54,33829735,stock
2024-01-12,TSLA,3111.12,3168.87,2991.06,3023.39,125516692,stock
2024-01-15,TSLA,3084.2,3181.37,3025.47,3092.29,92541385,stock
2024-01-16,TSLA,3085.88,3165.81,3017.68,3102.33,84174957,stock
2024-01-17,TSLA,3081.19,3186.96,3042.86,3170.54,62793526,stock
2024-01-18,TSLA,3012.17,3106.24,2997.7,3056.52,53588856,stock
2024-01-19,TSLA,3157.62,3197.26,3055.5,3077.91,93929896,stock
2024-01-22,TSLA,2819.33,2927.49,2798.89,2909.27,117430182,stock
2024-01-23,TSLA,2910.8,2942.45,2855.55,2896.93,37716981,stock
2024-01-24,TSLA,2713.34,2804.25,2693.37,2794.62,101669944,stock
2024-01-25,TSLA,2790.68,2814.66,2699.6,2714.14,36425190,stock
2024-01-26,TSLA,2757.34,2919.78,2668.8,2852.28,127989186,stock
2024-01-29,TSLA,2947.58,3018.57,2933.17,2980.14,133162323,stock
2024-01-30,TSLA,2966.43,3080.49,2895.09,3054.26,132822058,stock
2024-01-31,TSLA,3001.23,3063.18,2863.25,2924.27,61701799,stock
2024-02-01,TSLA,2827.55,2918.75,2740.46,2888.07,70227007,stock
2024-02-02,TSLA,3005.57,3091.39,2976.8,3032.27,80536283,stock
2024-02-05,TSLA,2970.85,3073.66,2957.54,3050.12,62876464,stock
2024-02-06,TSLA,3344.72,3388.46,3265.73,3347.3,69840376,stock
2024-02-07,TSLA,3450.78,3511.49,3344.54,3401.06,137108289,stock
2024-02-08,TSLA,3487.11,3534.45,3415.99,3427.97,140896259,stock
2024-02-09,TSLA,3479.03,3541.36,3305.16,3386.52,111398922,stock
2024-02-12,TSLA,3334.42,3475.5,3285.54,3405.34,141042472,stock
2024-02-13,TSLA,3469.88,3486.11,3336.59,3385.31,130478291,stock
2024-02-14,TSLA,3597.46,3628.04,3424.86,3483.27,64721058,stock
2024-02-15,TSLA,3713.32,3721.6,3612.03,3619.87,134885597,stock
2024-02-16,TSLA,3545.41,3662.21,3403.39,3508.54,81763213,stock
2024-02-19,TSLA,3424.8,3435.57,3315.31,3327.26,89157582,stock
2024-02-20,TSLA,3176.66,3219.7,3042.12,3092.26,128160307,stock
2024-02-21,TSLA,3206.48,3270.3,3105.58,3156.37,104153294,stock
2024-02-22,TSLA,3078.16,3134.24,2998.57,3020.69,42998732,stock
2024-02-23,TSLA,2800.87,2862.18,2749.26,2772.01,82028709,stock
2024-02-26,TSLA,2774.03,2835.5,2750.08,2815.99,95107081,stock
2024-02-27,TSLA,3194.21,3292.23,3005.77,3111.9,114220416,stock
2024-02-28,TSLA,3066.81,3170.2,2987.78,3111.77,66653610,stock
2024-02-29,TSLA,3302.69,3379.11,3185.88,3218.55,83991492,stock
2024-03-01,TSLA,3327.0,3355.77,3202.43,3229.75,62696310,stock
2024-03-04,TSLA,3326.55,3414.43,3131.77,3217.64,139462226,stock
2024-03-05,TSLA,3258.21,3437.97,3214.55,3338.8,82607867,stock
2024-03-06,TSLA,3237.58,3317.56,3207.26,3300.92,144064894,stock
2024-03-07,TSLA,3395.43,3408.06,3315.53,3337.08,88532961,stock
2024-03-08,TSLA,3277.79,3453.32,3244.71,3380.97,134412163,stock
2024-03-11,TSLA,3236.63,3354.87,3204.75,3292.48,133713248,stock
2024-03-12,TSLA,3562.19,3598.71,3362.89,3426.44,84422166,stock
2024-03-13,TSLA,3306.83,3429.43,3282.0,3403.23,106712253,stock
2024-03-14,TSLA,3268.1,3392.7,3199.77,3302.55,38517090,stock
2024-03-15,TSLA,3327.14,3393.94,3308.18,3374.86,117153997,stock
2024-03-18,TSLA,3317.89,3356.22,3230.23,3256.38,43818107,stock
2024-03-19,TSLA,3191.53,3305.97,3142.81,3260.7,141977163,stock
2024-03-20,TSLA,3285.79,3386.73,3230.28,3260.17,65355724,stock
2024-03-21,TSLA,3351.77,3450.78,3308.23,3405.58,144582485,stock
2024-03-22,TSLA,3493.91,3527.19,3422.39,3471.55,140056497,stock
2024-03-25,TSLA,3366.63,3524.54,3289.92,3468.77,52524223,stock
2024-03-26,TSLA,3454.1,3592.29,3431.97,3584.83,128773680,stock
2024-03-27,TSLA,3919.84,3969.2,3686.2,3790.58,104001861,stock
2024-03-28,TSLA,3803.62,3931.12,3693.54,3876.89,71087870,stock
2024-03-29,TSLA,3961.1,4010.65,3743.04,3879.27,108171847,stock
2024-04-01,TSLA,3550.1,3719.77,3504.26,3681.69,40163433,stock
2024-04-02,TSLA,3586.98,3610.74,3485.74,3528.84,136604927,stock
2024-04-03,TSLA,3446.69,3497.49,3438.43,3486.71,89187655,stock
2024-04-04,TSLA,3503.3,3538.12,3371.4,3403.41,129133049,stock
2024-04-05,TSLA,3289.07,3397.75,3275.97,3378.73,130990431,stock
2024-04-08,TSLA,3409.71,3490.69,3335.63,3387.07,96289780,stock
2024-04-09,TSLA,3343.15,3511.36,3296.67,3460.29,129374721,stock
2024-04-10,TSLA,3501.3,3510.23,3445.06,3451.24,97399047,stock
2024-04-11,TSLA,3614.65,3658.05,3484.18,3519.76,122098249,stock
2024-04-12,TSLA,3516.59,3622.23,3451.67,3529.56,35378501,stock
2024-04-15,TSLA,3302.8,3424.6,3203.73,3262.04,110456302,stock
2024-04-16,TSLA,3257.37,3319.22,3107.54,3142.38,39392222,stock
2024-04-17,TSLA,3080.74,3145.29,3059.38,3124.95,131722870,stock
2024-04-18,TSLA,2953.84,2995.07,2905.2,2977.93,122096768,stock
2024-04-19,TSLA,3136.87,3142.76,3036.18,3050.87,62558879,stock
2024-04-22,TSLA,3284.15,3313.69,3185.09,3244.16,76956981,stock
2024-04-23,TSLA,3355.16,3490.34,3321.14,3406.91,99698795,stock
2024-04-24,TSLA,3382.05,3449.42,3275.2,3378.63,80252178,stock
2024-04-25,TSLA,3564.86,3655.14,3492.96,3586.94,93186467,stock
2024-04-26,TSLA,3587.69,3624.8,3555.61,3609.05,77807359,stock
2024-04-29,TSLA,3614.49,3627.08,3538.26,3561.43,93295067,stock
2024-04-30,TSLA,3417.6,3518.19,3346.25,3475.8,77951655,stock
2024-05-01,TSLA,3332.42,3460.26,3308.2,3434.69,81656294,stock
2024-05-02,TSLA,3260.07,3394.45,3249.22,3382.45,41694973,stock
2024-05-03,TSLA,3295.76,3452.02,3254.65,3406.26,55004406,stock
2024-05-06,TSLA,3314.17,3453.82,3302.14,3428.9,92461641,stock
2024-05-07,TSLA,3342.8,3446.29,3334.36,3430.0,111458726,stock
2024-05-08,TSLA,3515.53,3542.43,3456.06,3491.18,87359120,stock
2024-05-09,TSLA,3798.94,3839.81,3646.27,3662.2,46877295,stock
2024-05-10,TSLA,3836.41,3940.58,3771.64,3804.74,77717518,stock
2024-05-13,TSLA,3476.08,3589.34,3470.41,3586.05,90930174,stock
2024-05-14,TSLA,3359.13,3436.55,3171.49,3238.45,83595426,stock
2024-05-15,TSLA,3324.98,3459.41,3226.28,3362.44,63323426,stock
2024-05-16,TSLA,3088.67,3193.48,3075.9,3184.17,30051417,stock
2024-05-17,TSLA,3246.95,3292.05,3068.05,3156.3,83715086,stock
2024-05-20,TSLA,3042.96,3090.19,2992.56,3012.58,53437821,stock
2024-05-21,TSLA,2797.8,2815.76,2779.25,2803.64,40485072,stock
2024-05-22,TSLA,2971.93,3019.65,2792.2,2865.59,75717309,stock
2024-05-23,TSLA,2970.95,2996.69,2947.39,2954.54,27812449,stock
2024-05-24,TSLA,2936.99,3011.24,2821.42,2887.76,86263495,stock
2024-05-27,TSLA,2615.29,2643.28,2565.81,2603.98,65278503,stock
2024-05-28,TSLA,2570.94,2617.63,2494.57,2548.21,64658934,stock
2024-05-29,TSLA,2594.84,2635.6,2554.65,2588.98,30875399,stock
2024-05-30,TSLA,2424.57,2491.57,2372.24,2440.75,97800541,stock
2024-05-31,TSLA,2498.07,2506.33,2442.8,2459.21,39906420,stock
2024-06-03,TSLA,2405.51,2472.42,2370.42,2458.2,50436474,stock
2024-06-04,TSLA,2585.27,2631.05,2497.08,2516.32,46418625,stock
2024-06-05,TSLA,2621.92,2685.85,2474.41,2528.9,78097673,stock
2024-06-06,TSLA,2491.18,2560.09,2377.95,2432.84,44458612,stock
2024-06-07,TSLA,2586.74,2610.43,2524.54,2552.63,66924835,stock
2024-06-10,TSLA,2519.95,2552.86,2512.89,2537.0,38176611,stock
2024-06-11,TSLA,2437.02,2544.51,2431.77,2534.74,34145922,stock
2024-06-12,TSLA,2519.42,2537.9,2421.78,2442.34,52321815,stock
2024-06-13,TSLA,2327.08,2423.26,2302.06,2399.9,45518716,stock
2024-06-14,TSLA,2232.89,2349.98,2217.71,2316.91,32295353,stock
2024-06-17,TSLA,2304.23,2352.28,2251.43,2301.4,82838440,stock
2024-06-18,TSLA,2456.53,2505.71,2443.07,2464.98,28480891,stock
2024-06-19,TSLA,2386.51,2443.28,2282.92,2333.83,23999366,stock
2024-06-20,TSLA,2211.14,2223.8,2175.28,2188.39,30920879,stock
2024-06-21,TSLA,2310.64,2340.39,2286.09,2321.5,26898292,stock
2024-06-24,TSLA,2272.14,2321.72,2217.97,2302.6,47350459,stock
2024-06-25,TSLA,2290.51,2306.58,2207.88,2242.25,40771798,stock
2024-06-26,TSLA,2260.37,2362.91,2220.08,2337.95,41344867,stock
2024-06-27,TSLA,2218.84,2332.73,2185.18,2282.45,32977436,stock
2024-06-28,TSLA,2438.88,2498.08,2393.53,2455.89,68644041,stock
2024-07-01,TSLA,2496.0,2542.15,2470.2,2523.9,19589553,stock
2024-07-02,TSLA,2563.48,2585.19,2439.0,2475.62,73984401,stock
2024-07-03,TSLA,2604.58,2718.15,2587.55,2699.27,54048885,stock
2024-07-04,TSLA,2541.97,2702.74,2468.16,2635.19,54309916,stock
2024-07-05,TSLA,2670.75,2746.27,2626.29,2715.13,47784536,stock
2024-07-08,TSLA,2801.74,2837.2,2740.49,2748.38,32562250,stock
2024-07-09,TSLA,2993.26,3042.33,2859.9,2895.85,28192691,stock
2024-07-10,TSLA,3154.23,3205.22,3029.56,3083.11,63027385,stock
2024-07-11,TSLA,3064.09,3122.83,3020.76,3087.68,18846768,stock
2024-07-12,TSLA,3050.58,3086.28,2983.06,2996.62,66510398,stock
2024-07-15,TSLA,2953.43,3078.62,2928.66,3052.87,53966729,stock
2024-07-16,TSLA,2859.58,2992.97,2842.55,2971.82,28053311,stock
2024-07-17,TSLA,3280.08,3380.6,3192.41,3221.7,18938351,stock
2024-07-18,TSLA,3272.91,3298.74,3227.27,3239.99,46764437,stock
2024-07-19,TSLA,3142.01,3211.73,3129.11,3193.63,61711607,stock
2024-07-22,TSLA,3343.84,3412.5,3121.61,3217.95,44472268,stock
2024-07-23,TSLA,3073.06,3106.02,3020.41,3049.75,51077315,stock
2024-07-24,TSLA,2974.56,3040.9,2881.14,2934.08,26205971,stock
2024-07-25,TSLA,3099.31,3138.41,3056.75,3079.02,19216360,stock
2024-07-26,TSLA,3078.59,3101.84,2977.9,2999.77,53780681,stock
2024-07-29,TSLA,2864.93,2906.34,2828.55,2877.32,40087520,stock
2024-07-30,TSLA,2915.59,2966.88,2876.91,2940.34,32541692,stock
2024-07-31,TSLA,3190.11,3224.78,3026.43,3083.77,49206495,stock
2024-08-01,TSLA,3079.69,3193.69,3072.06,3174.38,43659252,stock
2024-08-02,TSLA,3203.11,3346.71,3136.43,3304.07,44953099,stock
2024-08-05,TSLA,3172.67,3323.03,3089.88,3206.19,30578612,stock
2024-08-06,TSLA,3046.93,3051.88,3022.66,3029.54,28768928,stock
2024-08-07,TSLA,3167.04,3292.83,3060.74,3217.69,19230340,stock
2024-08-08,TSLA,3062.34,3248.63,2991.09,3177.06,22007220,stock
2024-08-09,TSLA,3143.15,3177.1,3093.1,3145.97,47863330,stock
2024-08-12,TSLA,3337.69,3377.01,3262.84,3318.29,43977268,stock
2024-08-13,TSLA,3453.37,3500.57,3337.8,3393.63,32824931,stock
2024-08-14,TSLA,3442.93,3495.02,3381.85,3456.77,25618627,stock
2024-08-15,TSLA,3819.84,3884.49,3722.91,3770.23,28172429,stock
2024-08-16,TSLA,3809.83,3886.21,3609.1,3675.15,37642563,stock
2024-08-19,TSLA,3878.11,3965.85,3703.21,3814.88,39801274,stock
2024-08-20,TSLA,3709.25,3882.64,3677.38,3824.35,36243786,stock
2024-08-21,TSLA,3728.13,3927.66,3695.33,3866.43,30682754,stock
2024-08-22,TSLA,3986.14,4251.98,3935.07,4111.02,13314041,stock
2024-08-23,TSLA,4110.71,4298.89,3988.49,4196.22,29303500,stock
2024-08-26,TSLA,4325.07,4398.33,4255.26,4288.41,44949374,stock
2024-08-27,TSLA,4454.72,4485.32,4441.32,4477.28,24432174,stock
2024-08-28,TSLA,4277.23,4428.26,4259.3,4413.28,17906848,stock
2024-08-29,TSLA,4128.32,4291.42,4101.2,4268.45,18844664,stock
2024-08-30,TSLA,4037.33,4117.74,4011.51,4094.55,27131169,stock
2024-09-02,TSLA,3759.2,3810.81,3731.72,3785.6,43594426,stock
2024-09-03,TSLA,4013.12,4134.13,3993.77,4110.94,31073374,stock
2024-09-04,TSLA,3898.08,3969.56,3868.05,3934.26,30079615,stock
2024-09-05,TSLA,3895.44,3936.82,3868.62,3900.38,46085753,stock
2024-09-06,TSLA,4001.25,4037.21,3838.91,3858.2,33673479,stock
2024-09-09,TSLA,3845.65,3972.29,3812.31,3906.72,36894585,stock
2024-09-10,TSLA,4188.22,4208.61,3996.69,4037.1,42655190,stock
2024-09-11,TSLA,4153.81,4267.3,4100.65,4179.31,12851881,stock
2024-09-12,TSLA,4191.38,4226.49,4004.23,4083.78,12907523,stock
2024-09-13,TSLA,4051.6,4160.6,3918.96,4057.38,27755773,stock
2024-09-16,TSLA,4147.73,4190.73,4065.18,4104.32,14836795,stock
2024-09-17,TSLA,4085.02,4139.13,4001.1,4064.51,18002684,stock
2024-09-18,TSLA,4354.87,4369.08,4316.98,4335.28,37526079,stock
2024-09-19,TSLA,4357.87,4548.78,4277.36,4422.15,23842605,stock
2024-09-20,TSLA,4537.75,4610.51,4399.69,4554.98,27298642,stock
2024-09-23,TSLA,4715.55,4735.2,4608.71,4678.31,39993042,stock
2024-09-24,TSLA,4894.91,4915.76,4885.58,4904.12,30765852,stock
2024-09-25,TSLA,5021.1,5165.46,4828.37,4940.74,46651967,stock
2024-09-26,TSLA,4533.35,4720.23,4424.33,4691.92,42274770,stock
2024-09-27,TSLA,4712.41,4880.83,4598.52,4768.49,29396834,stock
2024-09-30,TSLA,4746.4,4778.59,4638.0,4646.79,34230379,stock
2024-10-01,TSLA,4530.3,4615.03,4493.36,4550.47,26728752,stock
2024-10-02,TSLA,4606.4,4706.35,4487.15,4659.4,28016735,stock
2024-10-03,TSLA,4792.87,4982.69,4722.22,4896.97,27359123,stock
2024-10-04,TSLA,4983.29,5048.86,4838.41,4902.12,52074696,stock
2024-10-07,TSLA,5110.95,5167.4,4912.77,4964.05,40433381,stock
2024-10-08,TSLA,5342.82,5450.82,5220.45,5314.88,18448898,stock
2024-10-09,TSLA,5180.62,5383.38,5154.88,5367.38,26315472,stock
2024-10-10,TSLA,6091.76,6138.33,5859.43,5957.24,62965010,stock
2024-10-11,TSLA,6110.81,6180.67,5982.23,6094.75,37910473,stock
2024-10-14,TSLA,5745.47,5949.75,5629.71,5681.4,62098627,stock
2024-10-15,TSLA,6088.34,6134.3,5774.79,5856.38,39590861,stock
2024-10-16,TSLA,6070.78,6157.39,5911.29,5947.54,30677491,stock
2024-10-17,TSLA,6238.05,6287.01,6197.39,6263.68,21128856,stock
2024-10-18,TSLA,6191.55,6557.65,6040.15,6435.92,39083611,stock
2022-01-03,MSFT,280.62,281.14,278.4,279.49,51362658,stock
2022-01-04,MSFT,275.29,276.63,273.03,274.18,20100301,stock
2022-01-05,MSFT,271.98,273.75,271.25,273.37,51999465,stock
2022-01-06,MSFT,272.17,275.03,266.45,269.79,44752648,stock
2022-01-07,MSFT,263.85,268.09,263.23,267.4,30546165,stock
2022-01-10,MSFT,266.28,271.17,262.76,270.04,37055275,stock
2022-01-11,MSFT,278.58,279.04,276.11,277.46,43159873,stock
2022-01-12,MSFT,278.27,279.83,276.82,279.33,27703188,stock
2022-01-13,MSFT,275.55,276.15,272.67,274.15,55813579,stock
2022-01-14,MSFT,277.27,279.14,272.44,276.21,55820625,stock
2022-01-17,MSFT,280.12,282.53,279.43,281.67,46937997,stock
2022-01-18,MSFT,281.63,281.96,278.42,279.04,49596709,stock
2022-01-19,MSFT,277.85,279.85,276.93,278.56,29765110,stock
2022-01-20,MSFT,274.81,280.39,272.79,278.73,67454468,stock
2022-01-21,MSFT,273.7,278.54,270.84,275.36,25332938,stock
2022-01-24,MSFT,276.95,279.27,276.56,278.35,48950491,stock
2022-01-25,MSFT,273.98,279.88,271.17,277.92,64059731,stock
2022-01-26,MSFT,277.18,280.73,275.05,279.9,60688324,stock
2022-01-27,MSFT,277.55,279.03,274.13,276.07,51098541,stock
2022-01-28,MSFT,274.94,276.8,272.93,274.25,41560666,stock
2022-01-31,MSFT,277.15,278.63,276.84,277.55,30821133,stock
2022-02-01,MSFT,273.56,276.28,273.07,276.01,32194820,stock
2022-02-02,MSFT,287.97,289.61,281.07,283.86,30558831,stock
2022-02-03,MSFT,286.58,287.27,281.8,282.16,20786321,stock
2022-02-04,MSFT,281.39,283.7,280.62,283.29,63376772,stock
2022-02-07,MSFT,283.33,287.98,283.03,287.66,70849094,stock
2022-02-08,MSFT,279.88,283.53,278.7,281.32,20787656,stock
2022-02-09,MSFT,277.21,278.04,270.8,273.62,42043423,stock
2022-02-10,MSFT,263.8,270.45,262.24,267.12,34100875,stock
2022-02-11,MSFT,274.09,277.58,269.09,272.69,79712528,stock
2022-02-14,MSFT,273.67,274.65,269.17,270.4,75831462,stock
2022-02-15,MSFT,279.03,283.68,277.16,281.81,56635602,stock
2022-02-16,MSFT,277.1,280.42,274.06,279.39,31924468,stock
2022-02-17,MSFT,282.92,284.18,279.66,280.32,69422983,stock
2022-02-18,MSFT,290.67,294.68,283.71,287.44,33568903,stock
2022-02-21,MSFT,296.66,297.72,296.39,296.94,52399422,stock
2022-02-22,MSFT,308.44,310.8,304.69,307.02,49922786,stock
2022-02-23,MSFT,311.87,314.75,310.22,313.13,52118468,stock
2022-02-24,MSFT,317.43,320.26,316.12,318.43,23405449,stock
2022-02-25,MSFT,318.54,323.16,317.63,321.6,40655383,stock
2022-02-28,MSFT,326.5,330.98,323.4,325.76,56480786,stock
2022-03-01,MSFT,318.73,323.8,318.06,323.03,58889498,stock
2022-03-02,MSFT,320.19,321.7,317.34,318.95,47866743,stock
2022-03-03,MSFT,317.19,321.22,315.73,319.06,36726924,stock
2022-03-04,MSFT,316.89,319.27,313.77,318.32,55016793,stock
2022-03-07,MSFT,319.04,322.37,315.16,316.15,26414323,stock
2022-03-08,MSFT,316.75,320.16,316.3,319.82,41666853,stock
2022-03-09,MSFT,326.78,328.62,321.52,324.88,87512537,stock
2022-03-10,MSFT,328.09,332.21,320.63,325.47,22544316,stock
2022-03-11,MSFT,336.82,338.63,332.24,333.38,48885812,stock
2022-03-14,MSFT,329.11,331.06,325.42,327.48,72595989,stock
2022-03-15,MSFT,325.53,327.16,324.35,326.6,53717123,stock
2022-03-16,MSFT,325.96,328.42,320.62,323.0,52976241,stock
2022-03-17,MSFT,311.75,315.07,308.37,313.62,68893514,stock
2022-03-18,MSFT,312.83,314.42,312.0,313.34,60967994,stock
2022-03-21,MSFT,317.29,317.56,311.73,312.85,78294271,stock
2022-03-22,MSFT,319.82,322.35,318.63,320.65,74678327,stock
2022-03-23,MSFT,322.23,324.72,319.61,324.03,84429223,stock
2022-03-24,MSFT,323.51,324.19,317.86,318.89,63039187,stock
2022-03-25,MSFT,332.48,335.94,327.34,328.62,48786994,stock
2022-03-28,MSFT,331.9,336.18,329.76,335.24,52929254,stock
2022-03-29,MSFT,334.11,339.91,330.94,338.51,24653773,stock
2022-03-30,MSFT,337.3,338.81,336.28,337.42,87493066,stock
2022-03-31,MSFT,329.58,333.95,329.04,332.42,26378089,stock
2022-04-01,MSFT,327.1,333.36,325.44,330.57,33096463,stock
2022-04-04,MSFT,336.91,337.69,336.18,336.52,86932995,stock
2022-04-05,MSFT,342.85,348.75,340.16,346.96,70337213,stock
2022-04-06,MSFT,356.96,359.97,353.65,355.77,56323614,stock
2022-04-07,MSFT,350.61,354.0,349.3,353.14,26748601,stock
2022-04-08,MSFT,350.43,352.13,344.47,347.01,81543931,stock
2022-04-11,MSFT,348.78,351.18,346.63,347.94,81552011,stock
2022-04-12,MSFT,340.53,342.79,337.08,338.36,63457167,stock
2022-04-13,MSFT,336.72,342.08,332.51,340.25,71392287,stock
2022-04-14,MSFT,344.05,345.07,337.66,339.59,48558975,stock
2022-04-15,MSFT,334.39,341.81,332.23,337.2,64087108,stock
2022-04-18,MSFT,333.22,334.82,327.19,328.84,36614329,stock
2022-04-19,MSFT,336.91,338.86,328.65,331.68,27185806,stock
2022-04-20,MSFT,331.8,332.4,328.28,329.0,38766458,stock
2022-04-21,MSFT,322.64,323.81,320.36,323.03,71422647,stock
2022-04-22,MSFT,311.07,313.16,307.42,308.64,22616872,stock
2022-04-25,MSFT,312.75,313.32,307.63,308.63,53592329,stock
2022-04-26,MSFT,318.12,318.55,316.59,317.63,30912012,stock
2022-04-27,MSFT,329.89,331.38,325.37,326.32,28209744,stock
2022-04-28,MSFT,324.43,325.5,323.52,324.07,71036677,stock
2022-04-29,MSFT,317.53,322.91,316.13,321.09,23716386,stock
2022-05-02,MSFT,320.7,326.48,317.43,323.64,73497965,stock
2022-05-03,MSFT,320.84,324.1,316.82,318.64,41002293,stock
2022-05-04,MSFT,315.23,321.15,314.39,320.31,80260835,stock
2022-05-05,MSFT,321.67,325.06,320.36,324.39,83680572,stock
2022-05-06,MSFT,327.69,332.67,326.81,330.95,76505591,stock
2022-05-09,MSFT,334.05,335.51,329.09,330.55,46881650,stock
2022-05-10,MSFT,327.79,330.46,327.33,329.61,33635611,stock
2022-05-11,MSFT,329.71,330.65,323.96,325.14,42684763,stock
2022-05-12,MSFT,319.99,321.7,319.2,321.0,48709703,stock
2022-05-13,MSFT,323.19,323.97,319.43,319.96,24483413,stock
2022-05-16,MSFT,319.93,323.17,318.2,321.98,26417912,stock
2022-05-17,MSFT,331.98,334.78,325.78,326.85,77934815,stock
2022-05-18,MSFT,327.78,330.37,320.27,322.81,78195683,stock
2022-05-19,MSFT,328.96,333.52,325.4,330.74,38728088,stock
2022-05-20,MSFT,329.25,331.6,326.08,329.44,54210037,stock
2022-05-23,MSFT,330.94,331.92,327.77,329.46,77433418,stock
2022-05-24,MSFT,326.89,328.57,324.85,325.67,62276100,stock
2022-05-25,MSFT,314.61,315.6,311.42,313.41,36332066,stock
2022-05-26,MSFT,314.99,318.33,313.64,318.0,53283358,stock
2022-05-27,MSFT,324.37,326.64,319.82,321.9,55423784,stock
2022-05-30,MSFT,320.8,324.82,317.64,320.58,34975599,stock
2022-05-31,MSFT,324.62,325.04,320.7,321.06,48659313,stock
2022-06-01,MSFT,325.56,327.46,320.27,323.85,58184682,stock
2022-06-02,MSFT,314.78,317.52,312.9,315.98,18585038,stock
2022-06-03,MSFT,309.13,315.02,305.97,313.44,25763325,stock
2022-06-06,MSFT,313.43,318.7,311.98,317.57,67988672,stock
2022-06-07,MSFT,307.19,312.77,306.39,311.39,56147660,stock
2022-06-08,MSFT,309.74,313.71,308.96,312.98,41187004,stock
2022-06-09,MSFT,304.15,309.18,303.25,306.38,68122915,stock
2022-06-10,MSFT,305.52,310.15,304.05,308.8,55156465,stock
2022-06-13,MSFT,311.91,315.2,307.9,308.75,36519507,stock
2022-06-14,MSFT,303.49,307.44,298.14,300.99,24574967,stock
2022-06-15,MSFT,304.39,308.93,302.27,306.78,35428772,stock
2022-06-16,MSFT,299.16,304.32,297.29,303.31,24138502,stock
2022-06-17,MSFT,294.86,300.44,293.67,299.53,40337929,stock
2022-06-20,MSFT,304.85,309.25,298.36,300.61,39789302,stock
2022-06-21,MSFT,307.17,308.97,305.52,306.31,59983124,stock
2022-06-22,MSFT,302.12,302.95,300.22,301.49,27805237,stock
2022-06-23,MSFT,304.06,306.78,299.26,301.91,47700143,stock
2022-06-24,MSFT,305.58,308.98,301.25,304.11,26551529,stock
2022-06-27,MSFT,310.71,311.35,306.95,307.62,46964434,stock
2022-06-28,MSFT,306.26,310.57,303.68,308.62,26442961,stock
2022-06-29,MSFT,311.37,314.22,306.25,306.93,49074298,stock
2022-06-30,MSFT,307.06,308.82,300.75,303.02,54160464,stock
2022-07-01,MSFT,300.53,305.11,298.04,303.56,25393545,stock
2022-07-04,MSFT,302.98,304.41,297.52,298.51,27422332,stock
2022-07-05,MSFT,288.43,290.22,284.37,284.99,40915670,stock
2022-07-06,MSFT,285.68,288.28,282.7,287.11,52614175,stock
2022-07-07,MSFT,289.62,293.68,287.66,291.41,13762507,stock
2022-07-08,MSFT,282.47,283.07,280.01,280.71,43232690,stock
2022-07-11,MSFT,275.21,277.33,274.73,276.32,20609243,stock
2022-07-12,MSFT,278.74,282.82,277.25,279.18,15476041,stock
2022-07-13,MSFT,291.03,291.62,287.32,288.64,28873210,stock
2022-07-14,MSFT,290.0,292.83,287.8,288.85,24035981,stock
2022-07-15,MSFT,283.58,286.65,282.13,285.62,30692133,stock
2022-07-18,MSFT,281.26,285.72,278.62,284.9,12704436,stock
2022-07-19,MSFT,295.9,296.74,289.49,291.35,12527035,stock
2022-07-20,MSFT,292.97,295.45,285.57,288.47,29246226,stock
2022-07-21,MSFT,284.28,285.92,282.45,284.92,47641552,stock
2022-07-22,MSFT,286.83,289.63,280.92,282.84,13762927,stock
2022-07-25,MSFT,277.16,279.24,276.01,278.67,35834339,stock
2022-07-26,MSFT,282.8,283.87,276.99,279.33,41167215,stock
2022-07-27,MSFT,288.63,290.16,285.91,286.8,32119369,stock
2022-07-28,MSFT,288.18,290.15,287.02,288.4,43897230,stock
2022-07-29,MSFT,290.23,291.18,285.19,287.36,12431309,stock
2022-08-01,MSFT,284.54,288.26,281.91,286.13,23710558,stock
2022-08-02,MSFT,275.44,280.81,272.59,279.18,40283996,stock
2022-08-03,MSFT,286.5,290.64,279.73,283.26,19702996,stock
2022-08-04,MSFT,279.79,283.92,278.84,283.02,36860270,stock
2022-08-05,MSFT,278.96,284.52,277.8,282.32,30732579,stock
2022-08-08,MSFT,300.8,301.79,295.6,297.24,13520679,stock
2022-08-09,MSFT,296.3,300.04,293.56,298.78,29490569,stock
2022-08-10,MSFT,294.71,296.17,294.35,295.33,36972372,stock
2022-08-11,MSFT,295.94,297.56,291.69,293.44,23392799,stock
2022-08-12,MSFT,295.39,300.35,292.65,299.0,30181015,stock
2022-08-15,MSFT,301.5,302.5,298.61,299.66,30933652,stock
2022-08-16,MSFT,294.31,295.87,290.55,292.96,29689039,stock
2022-08-17,MSFT,298.77,300.25,295.41,297.42,31294832,stock
2022-08-18,MSFT,290.75,294.81,290.31,294.37,29064980,stock
2022-08-19,MSFT,305.83,307.17,301.18,303.45,31721174,stock
2022-08-22,MSFT,309.63,310.58,307.68,308.87,22948286,stock
2022-08-23,MSFT,311.5,313.44,304.68,306.79,26429196,stock
2022-08-24,MSFT,313.46,316.29,311.7,313.26,18799755,stock
2022-08-25,MSFT,313.33,314.7,310.41,313.73,29865913,stock
2022-08-26,MSFT,317.72,320.17,316.78,318.17,25206799,stock
2022-08-29,MSFT,322.86,325.76,318.86,320.77,33062437,stock
2022-08-30,MSFT,321.62,322.63,315.82,316.58,28734679,stock
2022-08-31,MSFT,315.51,316.96,310.63,313.47,16322788,stock
2022-09-01,MSFT,315.85,322.23,312.15,318.8,25085564,stock
2022-09-02,MSFT,320.94,321.29,316.63,317.23,17443518,stock
2022-09-05,MSFT,316.92,321.29,310.37,315.31,21024533,stock
2022-09-06,MSFT,312.42,314.6,308.89,310.65,17147647,stock
2022-09-07,MSFT,310.72,315.17,309.65,312.89,27954798,stock
2022-09-08,MSFT,319.7,325.55,318.02,323.52,26571462,stock
2022-09-09,MSFT,320.3,322.82,316.69,318.17,10922751,stock
2022-09-12,MSFT,316.29,319.61,314.87,318.42,24948826,stock
2022-09-13,MSFT,320.71,328.98,318.03,325.82,23213467,stock
2022-09-14,MSFT,321.87,330.49,319.07,325.54,26838994,stock
2022-09-15,MSFT,323.79,332.85,322.1,328.03,8777577,stock
2022-09-16,MSFT,324.18,327.61,317.68,322.63,21774568,stock
2022-09-19,MSFT,320.14,326.0,318.61,324.98,23093833,stock
2022-09-20,MSFT,325.73,328.22,320.38,324.14,25465826,stock
2022-09-21,MSFT,332.35,335.7,326.72,329.43,13709381,stock
2022-09-22,MSFT,334.45,337.0,333.44,335.88,18513167,stock
2022-09-23,MSFT,350.34,351.22,347.57,350.23,20384187,stock
2022-09-26,MSFT,356.41,358.24,352.88,353.63,18400025,stock
2022-09-27,MSFT,354.87,358.24,353.75,355.62,8939810,stock
2022-09-28,MSFT,360.24,362.08,352.39,356.87,7966507,stock
2022-09-29,MSFT,355.42,358.44,352.91,355.0,19270561,stock
2022-09-30,MSFT,359.52,362.61,355.96,357.07,24631925,stock
2022-10-03,MSFT,360.06,361.96,351.78,355.53,11677583,stock
2022-10-04,MSFT,360.07,361.13,355.56,356.64,12324609,stock
2022-10-05,MSFT,365.11,366.61,363.99,364.38,30134260,stock
2022-10-06,MSFT,357.14,360.83,355.33,358.7,29488905,stock
2022-10-07,MSFT,363.12,366.32,362.56,365.45,25889604,stock
2022-10-10,MSFT,372.72,376.2,369.51,373.38,19979847,stock
2022-10-11,MSFT,371.06,376.54,368.89,372.83,10159880,stock
2022-10-12,MSFT,357.49,362.24,355.34,360.53,27600206,stock
2022-10-13,MSFT,358.35,360.4,354.5,357.18,11017730,stock
2022-10-14,MSFT,359.85,366.42,357.84,364.82,29756294,stock
2022-10-17,MSFT,359.96,365.99,358.41,364.83,24942583,stock
2022-10-18,MSFT,354.25,361.93,350.76,359.18,25229189,stock
2022-10-19,MSFT,354.98,357.76,353.42,356.44,23201927,stock
2022-10-20,MSFT,357.4,364.34,355.79,361.41,8973134,stock
2022-10-21,MSFT,359.8,365.89,358.68,364.73,22254174,stock
2022-10-24,MSFT,365.11,365.72,362.91,363.48,15476703,stock
2022-10-25,MSFT,358.33,362.57,355.75,361.5,33595599,stock
2022-10-26,MSFT,354.84,361.96,353.91,359.39,27708726,stock
2022-10-27,MSFT,357.91,359.3,352.8,354.26,27301979,stock
2022-10-28,MSFT,364.28,367.82,358.95,363.68,13474781,stock
2022-10-31,MSFT,360.68,364.59,356.29,361.96,35219967,stock
2022-11-01,MSFT,370.34,373.48,367.15,369.22,12632863,stock
2022-11-02,MSFT,378.64,378.96,378.17,378.47,19771688,stock
2022-11-03,MSFT,424.72,435.07,419.48,430.89,29278629,stock
2022-11-04,MSFT,429.58,431.5,427.22,428.09,37616375,stock
2022-11-07,MSFT,431.07,433.48,427.94,431.04,36838868,stock
2022-11-08,MSFT,435.38,438.13,425.54,431.04,37513859,stock
2022-11-09,MSFT,422.48,425.95,421.58,425.03,31575472,stock
2022-11-10,MSFT,422.83,429.01,417.65,427.41,26724253,stock
2022-11-11,MSFT,424.62,428.34,417.52,419.59,25712868,stock
2022-11-14,MSFT,427.53,431.05,422.25,427.81,37828994,stock
2022-11-15,MSFT,423.53,428.32,418.82,424.81,33904010,stock
2022-11-16,MSFT,429.12,433.26,424.31,426.35,34170187,stock
2022-11-17,MSFT,432.89,438.84,424.37,428.46,30467464,stock
2022-11-18,MSFT,433.21,436.58,422.72,426.86,28098424,stock
2022-11-21,MSFT,425.2,433.14,423.74,431.06,42776182,stock
2022-11-22,MSFT,426.31,429.72,425.29,427.97,42099024,stock
2022-11-23,MSFT,434.69,436.76,433.4,434.15,21656735,stock
2022-11-24,MSFT,421.16,427.24,419.37,425.07,19132060,stock
2022-11-25,MSFT,432.0,434.02,423.67,426.1,12994309,stock
2022-11-28,MSFT,441.36,443.63,437.84,439.7,33918115,stock
2022-11-29,MSFT,430.87,433.5,428.13,432.89,18836857,stock
2022-11-30,MSFT,422.93,430.25,422.09,428.39,31176491,stock
2022-12-01,MSFT,426.9,433.27,426.26,432.1,36930262,stock
2022-12-02,MSFT,432.07,434.58,430.76,433.52,19504034,stock
2022-12-05,MSFT,430.67,439.37,425.56,436.13,18998596,stock
2022-12-06,MSFT,438.81,441.3,435.94,439.74,20690178,stock
2022-12-07,MSFT,437.87,445.56,436.08,444.4,48691843,stock
2022-12-08,MSFT,448.19,453.78,446.64,452.55,23961291,stock
2022-12-09,MSFT,456.44,459.57,452.83,455.7,26685407,stock
2022-12-12,MSFT,459.68,463.18,448.67,454.13,48341552,stock
2022-12-13,MSFT,453.49,460.25,452.72,459.23,20359970,stock
2022-12-14,MSFT,477.64,479.35,470.34,473.59,28506547,stock
2022-12-15,MSFT,476.37,480.43,469.58,472.78,35031441,stock
2022-12-16,MSFT,461.89,467.56,458.27,465.65,25246069,stock
2022-12-19,MSFT,479.68,485.75,471.73,474.16,50633239,stock
2022-12-20,MSFT,476.56,478.64,471.57,473.44,37136267,stock
2022-12-21,MSFT,464.65,466.18,455.84,457.44,25322288,stock
2022-12-22,MSFT,457.02,465.85,455.15,463.87,34609744,stock
2022-12-23,MSFT,454.08,461.3,451.46,460.1,29507600,stock
2022-12-26,MSFT,455.67,462.0,452.71,459.62,39361640,stock
2022-12-27,MSFT,459.36,464.4,457.16,462.25,32329253,stock
2022-12-28,MSFT,461.17,464.75,460.3,463.85,18424304,stock
2022-12-29,MSFT,465.01,472.74,459.55,469.33,20989992,stock
2022-12-30,MSFT,472.95,474.09,465.23,466.26,21040832,stock
2023-01-02,MSFT,471.07,472.19,469.7,470.29,53149134,stock
2023-01-03,MSFT,472.71,474.86,466.81,468.53,49185694,stock
2023-01-04,MSFT,472.53,476.59,471.76,474.29,54389991,stock
2023-01-05,MSFT,480.5,482.34,477.75,479.18,26761300,stock
2023-01-06,MSFT,478.68,480.15,468.63,472.25,34915168,stock
2023-01-09,MSFT,488.25,490.38,476.13,480.72,19674097,stock
2023-01-10,MSFT,477.57,478.55,474.61,476.8,62537468,stock
2023-01-11,MSFT,490.55,497.07,479.22,483.2,55916264,stock
2023-01-12,MSFT,479.51,490.09,472.72,486.24,44991094,stock
2023-01-13,MSFT,502.54,503.6,500.53,500.95,20550236,stock
2023-01-16,MSFT,504.07,507.9,495.35,499.37,40021837,stock
2023-01-17,MSFT,502.67,508.37,494.84,496.78,59910355,stock
2023-01-18,MSFT,501.27,503.26,495.23,496.83,28850575,stock
2023-01-19,MSFT,490.15,496.37,488.07,494.62,63223886,stock
2023-01-20,MSFT,504.52,507.21,499.27,501.19,31410948,stock
2023-01-23,MSFT,489.41,491.39,487.2,488.59,32696833,stock
2023-01-24,MSFT,475.2,481.94,473.83,480.62,34822149,stock
2023-01-25,MSFT,474.82,477.3,467.32,472.66,50456343,stock
2023-01-26,MSFT,477.75,480.92,477.15,480.1,24405559,stock
2023-01-27,MSFT,494.39,499.01,490.49,493.62,55771053,stock
2023-01-30,MSFT,486.0,495.88,483.09,492.99,32859868,stock
2023-01-31,MSFT,486.77,499.32,481.96,491.86,78578698,stock
2023-02-01,MSFT,497.03,498.85,487.5,492.6,43136233,stock
2023-02-02,MSFT,507.99,512.02,498.41,502.05,69827827,stock
2023-02-03,MSFT,491.19,496.66,488.9,494.85,66376324,stock
2023-02-06,MSFT,492.68,498.73,491.54,496.94,75975516,stock
2023-02-07,MSFT,499.81,505.62,498.12,504.96,32308136,stock
2023-02-08,MSFT,512.97,516.3,508.22,509.23,30884738,stock
2023-02-09,MSFT,509.25,512.7,508.61,510.98,25373350,stock
2023-02-10,MSFT,526.24,529.18,518.59,519.44,54131555,stock
2023-02-13,MSFT,502.55,506.73,494.57,497.65,22400202,stock
2023-02-14,MSFT,507.52,512.44,501.66,503.28,36989011,stock
2023-02-15,MSFT,492.54,499.5,492.16,498.24,83051210,stock
2023-02-16,MSFT,477.95,489.94,474.43,484.05,66817665,stock
2023-02-17,MSFT,487.91,489.88,486.49,488.22,32015653,stock
2023-02-20,MSFT,493.75,500.12,491.12,499.27,62222636,stock
2023-02-21,MSFT,503.55,504.14,497.46,498.37,54935608,stock
2023-02-22,MSFT,500.43,512.72,498.9,506.23,49637164,stock
2023-02-23,MSFT,522.25,523.14,517.56,519.66,47040430,stock
2023-02-24,MSFT,536.41,538.63,528.35,530.93,29150642,stock
2023-02-27,MSFT,553.21,554.24,543.8,545.26,29786167,stock
2023-02-28,MSFT,559.41,566.98,546.35,551.99,33825646,stock
2023-03-01,MSFT,554.64,558.62,551.17,552.88,66368607,stock
2023-03-02,MSFT,544.58,546.28,538.1,539.11,83096736,stock
2023-03-03,MSFT,544.64,549.86,532.48,537.2,27310399,stock
2023-03-06,MSFT,483.81,484.19,476.32,477.19,43662538,stock
2023-03-07,MSFT,497.76,500.94,492.02,494.26,26817656,stock
2023-03-08,MSFT,500.32,502.46,491.68,493.07,89054595,stock
2023-03-09,MSFT,492.42,495.35,491.1,494.24,68954935,stock
2023-03-10,MSFT,503.5,505.38,495.42,498.82,66393798,stock
2023-03-13,MSFT,498.06,501.1,496.24,499.36,58290838,stock
2023-03-14,MSFT,511.4,517.94,507.65,513.3,61404779,stock
2023-03-15,MSFT,512.45,517.05,506.07,508.41,22672310,stock
2023-03-16,MSFT,502.32,515.45,494.47,510.2,84625946,stock
2023-03-17,MSFT,501.95,505.84,500.46,504.38,77775146,stock
2023-03-20,MSFT,488.41,496.86,485.28,494.04,84124388,stock
2023-03-21,MSFT,494.55,495.25,488.54,489.42,87429449,stock
2023-03-22,MSFT,487.41,490.62,481.7,489.33,47568966,stock
2023-03-23,MSFT,488.7,490.21,481.11,486.17,81181458,stock
2023-03-24,MSFT,478.93,481.37,478.57,481.01,60818954,stock
2023-03-27,MSFT,465.22,472.69,460.18,470.49,72808392,stock
2023-03-28,MSFT,467.04,473.02,464.4,470.05,74964152,stock
2023-03-29,MSFT,455.92,460.83,450.99,459.06,24543118,stock
2023-03-30,MSFT,464.91,466.13,459.77,464.86,67941464,stock
2023-03-31,MSFT,466.47,472.23,459.42,465.66,55905231,stock
2023-04-03,MSFT,454.0,456.9,448.62,455.11,57106560,stock
2023-04-04,MSFT,447.61,455.67,442.66,453.04,36811774,stock
2023-04-05,MSFT,451.33,452.77,445.85,447.8,76468275,stock
2023-04-06,MSFT,447.58,453.11,444.16,450.27,33041985,stock
2023-04-07,MSFT,462.38,464.56,458.46,460.22,27194193,stock
2023-04-10,MSFT,451.75,452.81,444.77,446.8,57695064,stock
2023-04-11,MSFT,449.19,450.41,447.12,447.8,58175519,stock
2023-04-12,MSFT,440.14,448.89,435.27,446.83,58835501,stock
2023-04-13,MSFT,456.03,457.11,449.77,451.84,83341806,stock
2023-04-14,MSFT,451.48,454.07,450.87,453.56,34345789,stock
2023-04-17,MSFT,451.56,457.11,444.0,448.32,27892978,stock
2023-04-18,MSFT,449.66,450.66,443.19,446.21,31180063,stock
2023-04-19,MSFT,439.08,443.82,435.03,440.74,40025068,stock
2023-04-20,MSFT,448.05,450.43,447.49,448.58,67210380,stock
2023-04-21,MSFT,453.32,458.01,443.62,448.91,31437831,stock
2023-04-24,MSFT,463.2,468.82,457.78,462.96,79943712,stock
2023-04-25,MSFT,466.92,468.47,461.09,462.69,74848279,stock
2023-04-26,MSFT,463.38,466.5,455.72,457.66,33934072,stock
2023-04-27,MSFT,440.81,448.43,437.44,446.89,51709163,stock
2023-04-28,MSFT,429.39,439.56,425.69,434.35,80572191,stock
2023-05-01,MSFT,418.06,425.18,415.56,423.65,77936416,stock
2023-05-02,MSFT,422.64,426.62,422.1,425.64,31318536,stock
2023-05-03,MSFT,425.96,432.5,423.72,429.29,73458963,stock
2023-05-04,MSFT,413.91,420.14,410.82,418.73,22488885,stock
2023-05-05,MSFT,423.59,430.25,418.0,424.94,27687243,stock
2023-05-08,MSFT,426.49,429.52,420.27,421.84,60386428,stock
2023-05-09,MSFT,419.79,426.55,416.84,423.0,56310083,stock
2023-05-10,MSFT,437.58,439.5,430.06,434.23,19993875,stock
2023-05-11,MSFT,437.73,442.7,434.52,440.68,23620636,stock
2023-05-12,MSFT,438.43,439.9,436.49,438.96,56280001,stock
2023-05-15,MSFT,432.44,434.63,427.45,432.92,71554518,stock
2023-05-16,MSFT,422.03,424.28,415.54,418.44,36911061,stock
2023-05-17,MSFT,413.64,418.85,409.8,413.82,34408597,stock
2023-05-18,MSFT,408.04,413.3,407.15,412.59,36440739,stock
2023-05-19,MSFT,407.6,408.2,405.16,406.28,38399383,stock
2023-05-22,MSFT,405.25,406.41,402.23,405.59,70423239,stock
2023-05-23,MSFT,403.26,409.63,401.99,406.25,21842230,stock
2023-05-24,MSFT,402.34,407.44,399.45,404.96,46114713,stock
2023-05-25,MSFT,397.84,404.93,396.57,400.93,65725586,stock
2023-05-26,MSFT,405.43,406.38,400.8,402.17,39649872,stock
2023-05-29,MSFT,407.64,408.82,402.45,405.19,35891514,stock
2023-05-30,MSFT,396.93,399.32,393.02,398.34,48041604,stock
2023-05-31,MSFT,409.79,410.79,406.93,407.6,67428699,stock
2023-06-01,MSFT,410.28,415.16,404.32,407.12,24459080,stock
2023-06-02,MSFT,402.81,410.56,401.78,407.4,65174232,stock
2023-06-05,MSFT,412.48,413.15,410.37,412.21,57660656,stock
2023-06-06,MSFT,413.25,415.61,412.76,413.92,26994563,stock
2023-06-07,MSFT,419.37,424.66,417.17,420.45,34373980,stock
2023-06-08,MSFT,428.67,431.64,420.54,422.55,16619479,stock
2023-06-09,MSFT,412.12,423.78,408.72,418.6,56739893,stock
2023-06-12,MSFT,423.2,426.04,418.54,421.2,32002198,stock
2023-06-13,MSFT,414.03,417.33,412.54,413.72,23482646,stock
2023-06-14,MSFT,410.32,416.93,408.14,414.61,32571364,stock
2023-06-15,MSFT,417.06,420.23,412.09,414.55,42916942,stock
2023-06-16,MSFT,418.06,424.24,408.11,413.34,19426329,stock
2023-06-19,MSFT,414.19,416.65,409.88,412.66,47610774,stock
2023-06-20,MSFT,395.45,403.92,391.45,400.58,15853249,stock
2023-06-21,MSFT,396.23,398.2,394.79,397.23,30548109,stock
2023-06-22,MSFT,397.6,398.6,395.6,397.98,52641531,stock
2023-06-23,MSFT,403.26,405.72,396.61,399.16,14198910,stock
2023-06-26,MSFT,389.34,394.08,386.66,392.81,24566676,stock
2023-06-27,MSFT,404.79,407.74,398.83,401.01,50009036,stock
2023-06-28,MSFT,389.51,396.68,387.91,395.65,45993884,stock
2023-06-29,MSFT,403.28,405.83,396.71,401.99,52314401,stock
2023-06-30,MSFT,411.05,411.87,403.24,404.91,45204333,stock
2023-07-03,MSFT,401.9,403.52,397.12,400.91,50288525,stock
2023-07-04,MSFT,417.96,419.19,411.52,412.62,16378786,stock
2023-07-05,MSFT,405.03,408.84,400.52,404.98,43883728,stock
2023-07-06,MSFT,407.99,414.04,403.66,411.14,19754294,stock
2023-07-07,MSFT,417.11,419.05,416.05,417.94,13095437,stock
2023-07-10,MSFT,419.22,420.53,411.13,413.65,38451048,stock
2023-07-11,MSFT,422.51,424.41,421.63,423.14,20193099,stock
2023-07-12,MSFT,418.88,425.49,416.44,421.62,38672928,stock
2023-07-13,MSFT,427.41,431.45,421.41,423.74,43426001,stock
2023-07-14,MSFT,427.56,430.66,424.36,425.68,26745560,stock
2023-07-17,MSFT,419.59,426.84,415.49,424.93,14175718,stock
2023-07-18,MSFT,428.74,434.09,426.72,430.65,27033335,stock
2023-07-19,MSFT,430.38,437.51,430.06,436.33,32993454,stock
2023-07-20,MSFT,421.93,427.44,419.21,424.46,16351592,stock
2023-07-21,MSFT,429.13,434.34,428.35,433.59,11459464,stock
2023-07-24,MSFT,429.05,432.94,417.8,422.38,27249206,stock
2023-07-25,MSFT,432.91,434.78,428.88,429.58,11081629,stock
2023-07-26,MSFT,437.74,438.13,436.47,437.57,13493874,stock
2023-07-27,MSFT,427.8,431.05,425.97,430.17,37808540,stock
2023-07-28,MSFT,427.27,430.04,426.02,427.53,25916393,stock
2023-07-31,MSFT,423.49,425.12,418.54,420.2,21186525,stock
2023-08-01,MSFT,414.54,420.53,412.59,418.92,17514749,stock
2023-08-02,MSFT,418.15,420.79,415.57,417.03,31714599,stock
2023-08-03,MSFT,422.27,428.32,418.77,422.43,29996575,stock
2023-08-04,MSFT,433.25,437.25,428.39,431.56,24680941,stock
2023-08-07,MSFT,443.35,444.19,440.37,441.48,9935204,stock
2023-08-08,MSFT,438.92,440.71,434.15,437.7,26154833,stock
2023-08-09,MSFT,434.35,437.93,432.02,436.41,17325098,stock
2023-08-10,MSFT,423.05,426.43,418.99,424.98,18407856,stock
2023-08-11,MSFT,414.63,422.19,413.49,419.71,17085462,stock
2023-08-14,MSFT,430.44,433.88,423.97,426.41,18342940,stock
2023-08-15,MSFT,438.13,439.44,435.78,437.75,23756853,stock
2023-08-16,MSFT,434.3,435.91,423.7,429.36,18860387,stock
2023-08-17,MSFT,423.0,427.94,421.06,425.48,28092682,stock
2023-08-18,MSFT,432.14,434.25,424.29,425.47,12355109,stock
2023-08-21,MSFT,425.95,429.51,424.68,427.55,23708647,stock
2023-08-22,MSFT,428.81,434.33,419.68,422.22,28264452,stock
2023-08-23,MSFT,430.65,433.8,424.48,425.26,23334664,stock
2023-08-24,MSFT,416.75,423.44,415.62,422.22,14392516,stock
2023-08-25,MSFT,420.94,425.74,418.53,422.29,22222501,stock
2023-08-28,MSFT,428.85,430.72,423.24,426.17,30354581,stock
2023-08-29,MSFT,424.66,427.61,424.27,426.38,8841471,stock
2023-08-30,MSFT,418.23,424.1,417.39,423.58,17736674,stock
2023-08-31,MSFT,418.83,424.88,417.83,423.01,28366311,stock
2023-09-01,MSFT,428.45,434.45,419.85,422.58,25543496,stock
2023-09-04,MSFT,426.27,426.71,419.48,420.26,21524646,stock
2023-09-05,MSFT,415.6,420.58,413.86,418.69,18004260,stock
2023-09-06,MSFT,434.68,436.13,428.06,429.71,29376572,stock
2023-09-07,MSFT,433.02,434.8,430.84,433.75,20559735,stock
2023-09-08,MSFT,438.46,440.72,428.01,431.88,12596826,stock
2023-09-11,MSFT,434.05,437.6,432.34,436.9,27148062,stock
2023-09-12,MSFT,438.02,439.83,433.44,434.75,29364717,stock
2023-09-13,MSFT,436.26,443.71,435.0,443.16,11731787,stock
2023-09-14,MSFT,441.81,447.14,440.72,445.97,26848657,stock
2023-09-15,MSFT,442.7,448.58,440.86,445.38,18904219,stock
2023-09-18,MSFT,444.72,452.03,438.2,448.76,27161125,stock
2023-09-19,MSFT,441.72,443.17,436.05,437.8,11281294,stock
2023-09-20,MSFT,435.24,437.29,429.24,430.15,27518377,stock
2023-09-21,MSFT,418.67,427.03,416.82,422.18,8266903,stock
2023-09-22,MSFT,422.67,425.31,418.11,423.31,9577712,stock
2023-09-25,MSFT,430.52,437.57,428.32,435.39,8914061,stock
2023-09-26,MSFT,445.58,453.4,443.39,451.39,17534179,stock
2023-09-27,MSFT,454.78,458.2,452.94,456.21,19301792,stock
2023-09-28,MSFT,462.73,465.48,456.34,460.06,12993243,stock
2023-09-29,MSFT,440.53,447.76,440.16,447.17,10282137,stock
2023-10-02,MSFT,445.19,447.09,442.22,443.48,10369112,stock
2023-10-03,MSFT,443.42,445.68,436.12,438.1,26919393,stock
2023-10-04,MSFT,431.0,436.06,428.54,433.95,10375892,stock
2023-10-05,MSFT,435.73,438.07,431.17,432.95,30369013,stock
2023-10-06,MSFT,427.32,430.5,426.46,429.87,30494880,stock
2023-10-09,MSFT,410.14,417.7,409.28,416.63,12759911,stock
2023-10-10,MSFT,416.11,423.72,413.85,421.82,23406036,stock
2023-10-11,MSFT,415.91,419.73,412.23,414.81,11295730,stock
2023-10-12,MSFT,417.46,423.06,411.66,416.56,22152765,stock
2023-10-13,MSFT,425.92,431.35,425.01,430.79,27913842,stock
2023-10-16,MSFT,427.86,431.49,423.19,424.67,21651316,stock
2023-10-17,MSFT,401.63,409.44,399.31,407.98,32738092,stock
2023-10-18,MSFT,410.92,415.78,402.72,406.28,12073330,stock
2023-10-19,MSFT,416.69,417.74,408.89,413.67,32605467,stock
2023-10-20,MSFT,422.11,429.92,420.18,427.01,29828135,stock
2023-10-23,MSFT,416.97,424.07,414.65,418.86,36235496,stock
2023-10-24,MSFT,428.66,432.89,418.88,422.37,35135615,stock
2023-10-25,MSFT,425.55,427.79,417.92,419.4,29251260,stock
2023-10-26,MSFT,417.4,422.1,411.36,418.86,18823201,stock
2023-10-27,MSFT,437.42,438.05,436.21,437.14,22770770,stock
2023-10-30,MSFT,433.32,436.39,425.33,426.92,39230100,stock
2023-10-31,MSFT,431.37,433.64,427.56,428.83,39698609,stock
2023-11-01,MSFT,434.49,436.59,430.19,432.22,35094353,stock
2023-11-02,MSFT,433.51,440.48,432.71,439.97,12142502,stock
2023-11-03,MSFT,439.86,442.97,439.27,440.84,18634042,stock
2023-11-06,MSFT,440.12,446.04,437.78,443.19,35629549,stock
2023-11-07,MSFT,434.77,441.45,432.75,440.6,17382127,stock
2023-11-08,MSFT,436.74,444.41,434.08,442.68,22887037,stock
2023-11-09,MSFT,442.36,445.55,434.66,440.43,14562181,stock
2023-11-10,MSFT,442.19,446.22,440.45,445.01,34658940,stock
2023-11-13,MSFT,443.67,445.94,441.47,442.57,16291673,stock
2023-11-14,MSFT,442.59,446.62,439.68,445.42,33886329,stock
2023-11-15,MSFT,443.62,449.35,441.21,445.39,16870100,stock
2023-11-16,MSFT,450.96,457.31,448.0,453.67,29070258,stock
2023-11-17,MSFT,452.33,455.46,451.49,453.48,32816522,stock
2023-11-20,MSFT,439.86,446.45,435.15,440.97,23715370,stock
2023-11-21,MSFT,450.32,451.11,448.5,450.15,34009328,stock
2023-11-22,MSFT,447.47,448.95,442.35,443.85,13017735,stock
2023-11-23,MSFT,444.68,448.02,437.97,439.4,15096577,stock
2023-11-24,MSFT,437.5,440.28,433.75,435.41,24611985,stock
2023-11-27,MSFT,442.87,446.27,439.69,445.27,40303080,stock
2023-11-28,MSFT,424.33,432.44,422.63,430.48,43531965,stock
2023-11-29,MSFT,448.82,455.91,445.15,452.83,26062176,stock
2023-11-30,MSFT,467.94,468.57,458.91,460.73,42525625,stock
2023-12-01,MSFT,455.16,463.84,454.61,462.56,18155287,stock
2023-12-04,MSFT,461.95,464.45,460.6,462.34,16632954,stock
2023-12-05,MSFT,463.23,466.54,461.58,464.64,50901668,stock
2023-12-06,MSFT,473.55,477.0,464.61,468.72,41706125,stock
2023-12-07,MSFT,475.84,477.21,470.4,473.78,44030162,stock
2023-12-08,MSFT,481.9,483.36,476.86,478.2,28051628,stock
2023-12-11,MSFT,486.11,489.39,475.03,479.07,33009929,stock
2023-12-12,MSFT,471.75,480.79,468.68,477.76,16663893,stock
2023-12-13,MSFT,477.77,478.63,474.96,476.79,45675083,stock
2023-12-14,MSFT,477.32,478.94,469.09,475.5,61229532,stock
2023-12-15,MSFT,487.85,489.65,480.19,484.39,33032105,stock
2023-12-18,MSFT,489.26,492.56,483.95,489.21,35005851,stock
2023-12-19,MSFT,469.25,470.0,465.7,466.92,32896098,stock
2023-12-20,MSFT,476.36,478.79,467.38,472.03,31468489,stock
2023-12-21,MSFT,480.0,482.65,471.84,473.69,40259693,stock
2023-12-22,MSFT,474.89,479.98,469.31,473.74,43412437,stock
2023-12-25,MSFT,468.34,472.92,467.39,470.99,48580517,stock
2023-12-26,MSFT,472.75,483.1,471.5,479.73,22195239,stock
2023-12-27,MSFT,494.03,495.14,485.71,487.26,68580577,stock
2023-12-28,MSFT,485.05,487.56,475.52,481.46,26734052,stock
2023-12-29,MSFT,488.77,492.55,483.03,484.8,50305674,stock
2024-01-01,MSFT,482.81,483.31,475.95,477.51,50508228,stock
2024-01-02,MSFT,473.61,476.57,462.36,467.28,38572518,stock
2024-01-03,MSFT,463.89,466.53,459.85,462.8,42213484,stock
2024-01-04,MSFT,464.93,470.4,462.39,469.42,63112639,stock
2024-01-05,MSFT,478.07,479.78,475.03,476.82,29936418,stock
2024-01-08,MSFT,487.0,490.15,477.54,480.94,49495172,stock
2024-01-09,MSFT,481.85,488.07,480.28,486.75,55346078,stock
2024-01-10,MSFT,496.21,499.17,488.37,490.98,39212130,stock
2024-01-11,MSFT,487.08,488.71,484.83,486.16,43881512,stock
2024-01-12,MSFT,483.01,490.7,479.94,489.73,36715274,stock
2024-01-15,MSFT,491.96,497.62,491.02,496.24,32652950,stock
2024-01-16,MSFT,509.26,512.32,496.64,502.47,23687327,stock
2024-01-17,MSFT,520.0,521.9,507.5,512.32,70554216,stock
2024-01-18,MSFT,518.37,522.43,516.45,518.37,61735548,stock
2024-01-19,MSFT,521.02,523.45,520.16,521.5,21909087,stock
2024-01-22,MSFT,526.66,532.47,523.61,530.72,28693034,stock
2024-01-23,MSFT,534.68,539.61,526.87,530.71,74037460,stock
2024-01-24,MSFT,516.33,526.33,513.58,523.48,63733522,stock
2024-01-25,MSFT,514.56,528.93,508.12,522.32,57630798,stock
2024-01-26,MSFT,509.41,519.91,504.09,516.34,37580694,stock
2024-01-29,MSFT,503.4,511.95,502.28,511.0,47872816,stock
2024-01-30,MSFT,515.73,519.02,509.29,510.02,24462384,stock
2024-01-31,MSFT,508.82,512.91,498.01,503.8,64235004,stock
2024-02-01,MSFT,502.37,503.88,496.44,501.52,65420113,stock
2024-02-02,MSFT,485.61,488.0,483.39,486.75,78628393,stock
2024-02-05,MSFT,486.54,491.34,482.31,488.61,25118251,stock
2024-02-06,MSFT,490.2,491.25,486.62,488.81,78780002,stock
2024-02-07,MSFT,483.71,490.04,481.31,482.66,68202638,stock
2024-02-08,MSFT,481.36,489.95,479.1,487.97,24516768,stock
2024-02-09,MSFT,498.01,499.42,493.99,495.55,61320060,stock
2024-02-12,MSFT,477.32,484.29,475.58,483.16,57449948,stock
2024-02-13,MSFT,481.08,483.21,473.4,477.49,36391263,stock
2024-02-14,MSFT,478.5,483.22,469.35,471.83,65085875,stock
2024-02-15,MSFT,461.52,468.37,458.82,464.98,25619258,stock
2024-02-16,MSFT,474.48,479.3,468.45,471.38,35610921,stock
2024-02-19,MSFT,477.27,478.05,468.48,470.11,36183058,stock
2024-02-20,MSFT,473.05,474.16,464.85,468.31,68770488,stock
2024-02-21,MSFT,453.04,455.2,449.98,453.71,24523135,stock
2024-02-22,MSFT,456.83,461.0,456.07,458.53,40993259,stock
2024-02-23,MSFT,449.64,454.01,447.19,449.71,25329528,stock
2024-02-26,MSFT,445.77,451.62,445.2,450.32,42879245,stock
2024-02-27,MSFT,450.3,453.49,447.25,452.51,82480703,stock
2024-02-28,MSFT,468.68,474.55,458.0,462.65,73424088,stock
2024-02-29,MSFT,458.02,459.78,451.5,453.24,71603961,stock
2024-03-01,MSFT,425.92,433.58,423.18,432.04,71121197,stock
2024-03-04,MSFT,438.46,443.26,430.6,433.49,61125333,stock
2024-03-05,MSFT,446.6,448.1,444.04,446.33,72822740,stock
2024-03-06,MSFT,450.09,456.9,444.36,455.45,86690288,stock
2024-03-07,MSFT,453.51,458.23,452.72,457.17,49130490,stock
2024-03-08,MSFT,451.76,457.33,447.71,453.77,77160530,stock
2024-03-11,MSFT,454.32,463.07,452.07,459.85,40317320,stock
2024-03-12,MSFT,452.38,454.15,451.1,452.92,87552008,stock
2024-03-13,MSFT,461.6,463.13,455.56,456.57,85649169,stock
2024-03-14,MSFT,462.09,463.38,459.74,460.46,34507809,stock
2024-03-15,MSFT,465.17,473.91,463.35,468.53,64718419,stock
2024-03-18,MSFT,491.72,492.25,489.23,489.87,24932987,stock
2024-03-19,MSFT,498.84,502.69,491.8,493.15,70328926,stock
2024-03-20,MSFT,492.71,493.37,488.69,489.35,67587261,stock
2024-03-21,MSFT,487.05,494.68,482.36,489.35,45532326,stock
2024-03-22,MSFT,475.02,476.91,474.37,475.88,43831894,stock
2024-03-25,MSFT,475.67,477.55,468.28,470.81,80203361,stock
2024-03-26,MSFT,465.32,469.64,464.35,467.92,49043171,stock
2024-03-27,MSFT,463.76,469.34,460.11,464.2,32553327,stock
2024-03-28,MSFT,471.93,473.27,465.2,465.52,61945106,stock
2024-03-29,MSFT,459.78,464.86,455.88,459.62,59928824,stock
2024-04-01,MSFT,463.85,471.01,463.1,468.12,69161548,stock
2024-04-02,MSFT,475.77,476.71,467.37,468.31,82503389,stock
2024-04-03,MSFT,468.48,470.19,466.77,468.43,48661524,stock
2024-04-04,MSFT,471.35,474.95,464.77,466.16,51953606,stock
2024-04-05,MSFT,466.63,469.37,462.74,467.51,40214194,stock
2024-04-08,MSFT,470.02,476.15,468.67,473.91,50427433,stock
2024-04-09,MSFT,461.82,469.88,457.18,467.57,77170739,stock
2024-04-10,MSFT,460.67,464.92,457.48,462.86,62424808,stock
2024-04-11,MSFT,460.05,463.43,456.82,460.8,73012537,stock
2024-04-12,MSFT,451.71,453.26,450.17,451.16,57464279,stock
2024-04-15,MSFT,442.05,446.3,441.17,445.46,25817938,stock
2024-04-16,MSFT,449.1,451.49,439.7,442.26,68426963,stock
2024-04-17,MSFT,454.07,455.47,446.72,448.67,36693852,stock
2024-04-18,MSFT,456.94,460.52,449.38,450.74,22451263,stock
2024-04-19,MSFT,455.07,458.8,451.17,452.32,72865344,stock
2024-04-22,MSFT,464.64,467.94,455.14,458.7,53686989,stock
2024-04-23,MSFT,452.3,462.97,447.2,457.88,55385037,stock
2024-04-24,MSFT,468.22,469.4,456.99,460.93,40927653,stock
2024-04-25,MSFT,459.01,462.56,455.59,460.36,36752601,stock
2024-04-26,MSFT,457.09,463.93,453.73,462.5,73212969,stock
2024-04-29,MSFT,452.29,464.75,447.6,458.39,40880413,stock
2024-04-30,MSFT,439.32,443.76,436.31,441.02,53142289,stock
2024-05-01,MSFT,434.58,443.19,431.4,440.25,51341522,stock
2024-05-02,MSFT,451.72,457.49,447.01,450.57,37223952,stock
2024-05-03,MSFT,452.77,458.46,450.12,457.48,60072698,stock
2024-05-06,MSFT,460.48,469.32,455.62,464.79,52906369,stock
2024-05-07,MSFT,471.0,474.8,470.23,474.26,42678199,stock
2024-05-08,MSFT,471.91,481.54,465.1,475.13,59515876,stock
2024-05-09,MSFT,479.36,481.59,474.21,476.82,63592332,stock
2024-05-10,MSFT,465.17,477.84,459.37,472.32,46923594,stock
2024-05-13,MSFT,462.7,475.53,461.32,470.12,28551253,stock
2024-05-14,MSFT,476.05,481.73,470.51,474.97,61357065,stock
2024-05-15,MSFT,478.35,486.8,475.6,484.4,40571462,stock
2024-05-16,MSFT,479.85,487.11,475.84,483.51,54986370,stock
2024-05-17,MSFT,477.99,480.75,476.35,480.24,54195051,stock
2024-05-20,MSFT,480.54,481.94,478.09,480.43,42775997,stock
2024-05-21,MSFT,488.48,491.33,479.35,485.27,38340700,stock
2024-05-22,MSFT,478.84,482.09,468.13,474.38,49184475,stock
2024-05-23,MSFT,450.65,462.09,449.3,457.45,22996502,stock
2024-05-24,MSFT,460.05,462.59,452.2,453.62,23440130,stock
2024-05-27,MSFT,448.35,450.91,442.87,445.02,57796889,stock
2024-05-28,MSFT,446.64,452.06,440.22,441.59,18924199,stock
2024-05-29,MSFT,436.62,442.24,434.26,440.73,27841136,stock
2024-05-30,MSFT,438.89,441.27,435.76,437.72,45672968,stock
2024-05-31,MSFT,445.32,449.04,444.36,448.19,37286767,stock
2024-06-03,MSFT,449.16,453.62,445.67,450.72,19343995,stock
2024-06-04,MSFT,458.59,460.06,452.29,453.07,57890561,stock
2024-06-05,MSFT,460.17,461.09,455.98,457.79,28619260,stock
2024-06-06,MSFT,452.54,453.92,448.22,449.7,35394395,stock
2024-06-07,MSFT,457.27,460.66,454.89,457.42,26693337,stock
2024-06-10,MSFT,462.75,466.29,455.99,457.05,46639074,stock
2024-06-11,MSFT,459.47,463.6,457.93,462.17,30485808,stock
2024-06-12,MSFT,451.12,459.76,447.94,454.49,47333200,stock
2024-06-13,MSFT,442.23,445.45,441.24,443.51,21873638,stock
2024-06-14,MSFT,455.97,459.37,447.25,449.53,37525475,stock
2024-06-17,MSFT,455.64,456.7,452.09,452.43,40949499,stock
2024-06-18,MSFT,449.93,454.18,441.34,446.12,33147300,stock
2024-06-19,MSFT,435.89,441.19,433.84,440.13,45775189,stock
2024-06-20,MSFT,452.63,454.96,447.14,448.31,20768942,stock
2024-06-21,MSFT,446.23,447.48,438.86,440.04,47514373,stock
2024-06-24,MSFT,450.46,452.97,449.89,451.93,23347825,stock
2024-06-25,MSFT,449.53,450.53,444.6,445.65,16570054,stock
2024-06-26,MSFT,452.64,454.44,445.73,450.4,21566729,stock
2024-06-27,MSFT,442.11,449.49,440.78,448.22,26382873,stock
2024-06-28,MSFT,457.53,458.37,452.35,452.75,37139174,stock
2024-07-01,MSFT,444.61,453.06,441.94,449.0,22497267,stock
2024-07-02,MSFT,441.18,449.78,439.65,448.01,20169110,stock
2024-07-03,MSFT,448.08,450.69,446.68,448.49,43255327,stock
2024-07-04,MSFT,441.29,445.65,438.51,441.53,18952459,stock
2024-07-05,MSFT,446.93,447.6,446.32,446.97,28443507,stock
2024-07-08,MSFT,439.58,445.22,438.67,443.49,18018462,stock
2024-07-09,MSFT,442.95,445.31,440.51,442.05,35907103,stock
2024-07-10,MSFT,429.61,437.54,423.53,435.25,25494012,stock
2024-07-11,MSFT,413.14,419.63,411.72,417.93,32258535,stock
2024-07-12,MSFT,413.26,420.27,411.56,416.82,19415909,stock
2024-07-15,MSFT,428.56,434.8,426.56,433.4,21971192,stock
2024-07-16,MSFT,441.73,442.64,438.11,439.05,25743338,stock
2024-07-17,MSFT,441.23,442.58,436.83,439.09,24494454,stock
2024-07-18,MSFT,444.32,445.96,435.67,437.43,29435322,stock
2024-07-19,MSFT,441.36,442.45,435.11,437.76,14051749,stock
2024-07-22,MSFT,448.45,449.31,439.78,441.78,13994594,stock
2024-07-23,MSFT,433.51,438.31,429.82,433.69,20083490,stock
2024-07-24,MSFT,440.75,442.92,438.06,441.67,27335610,stock
2024-07-25,MSFT,448.58,450.7,443.85,446.93,12693427,stock
2024-07-26,MSFT,448.0,455.27,444.66,452.28,22519835,stock
2024-07-29,MSFT,455.1,458.19,452.57,455.64,27494785,stock
2024-07-30,MSFT,450.65,459.92,445.13,455.97,8853714,stock
2024-07-31,MSFT,455.93,462.04,452.25,461.09,16461241,stock
2024-08-01,MSFT,468.55,470.03,464.57,465.66,9955699,stock
2024-08-02,MSFT,458.12,465.18,455.48,463.22,13971700,stock
2024-08-05,MSFT,465.45,467.57,454.84,459.17,29709115,stock
2024-08-06,MSFT,457.24,463.44,454.74,460.1,14402803,stock
2024-08-07,MSFT,474.24,475.45,470.35,471.83,25819651,stock
2024-08-08,MSFT,459.25,463.58,456.81,462.76,22146558,stock
2024-08-09,MSFT,449.74,456.95,445.83,452.2,14566337,stock
2024-08-12,MSFT,458.96,463.43,450.06,453.57,11869732,stock
2024-08-13,MSFT,461.23,462.85,449.12,454.13,11275700,stock
2024-08-14,MSFT,461.03,462.02,453.6,455.57,8998463,stock
2024-08-15,MSFT,456.65,460.68,454.66,457.53,19338501,stock
2024-08-16,MSFT,456.96,457.9,455.14,456.08,18631459,stock
2024-08-19,MSFT,467.6,469.56,464.43,467.27,26973726,stock
2024-08-20,MSFT,462.13,468.22,450.24,455.64,26798245,stock
2024-08-21,MSFT,449.68,453.58,446.29,449.82,20276838,stock
2024-08-22,MSFT,447.07,450.09,445.22,449.26,18126298,stock
2024-08-23,MSFT,440.97,442.85,434.5,437.77,30101594,stock
2024-08-26,MSFT,435.08,438.99,429.78,436.72,7761772,stock
2024-08-27,MSFT,449.04,449.81,446.96,448.66,9629396,stock
2024-08-28,MSFT,445.45,452.14,443.15,448.99,8256949,stock
2024-08-29,MSFT,450.53,451.49,448.41,450.83,13193353,stock
2024-08-30,MSFT,448.68,452.83,437.7,442.01,28379251,stock
2024-09-02,MSFT,439.7,443.84,433.8,437.85,27219873,stock
2024-09-03,MSFT,439.69,440.95,434.18,435.4,27698199,stock
2024-09-04,MSFT,436.64,438.42,432.76,433.37,17024563,stock
2024-09-05,MSFT,436.24,446.9,434.7,442.52,9768424,stock
2024-09-06,MSFT,453.58,455.14,443.63,446.67,7963134,stock
2024-09-09,MSFT,443.86,446.61,434.32,438.97,28302348,stock
2024-09-10,MSFT,447.15,449.97,436.51,440.88,16899963,stock
2024-09-11,MSFT,447.0,448.55,439.31,444.59,19255290,stock
2024-09-12,MSFT,446.92,456.05,444.57,452.95,12340533,stock
2024-09-13,MSFT,459.88,468.2,456.11,464.74,7855578,stock
2024-09-16,MSFT,455.25,458.78,453.4,457.44,24195800,stock
2024-09-17,MSFT,451.19,453.06,449.94,451.72,25160194,stock
2024-09-18,MSFT,444.19,446.35,441.1,442.9,26769130,stock
2024-09-19,MSFT,439.65,442.06,437.78,441.42,13953672,stock
2024-09-20,MSFT,446.93,452.59,442.74,444.9,26430554,stock
2024-09-23,MSFT,445.71,453.65,445.04,452.17,11602897,stock
2024-09-24,MSFT,447.84,452.87,445.07,451.8,12622396,stock
2024-09-25,MSFT,452.52,453.72,447.95,449.67,22780567,stock
2024-09-26,MSFT,453.0,454.81,448.66,450.95,29406226,stock
2024-09-27,MSFT,449.91,450.59,444.3,445.14,13879750,stock
2024-09-30,MSFT,458.2,465.14,453.59,460.46,13952648,stock
2024-10-01,MSFT,449.0,453.63,444.46,448.95,11068523,stock
2024-10-02,MSFT,446.97,453.8,445.66,450.45,11848191,stock
2024-10-03,MSFT,460.79,467.12,457.24,465.46,18862102,stock
2024-10-04,MSFT,467.02,467.82,463.01,465.7,26057864,stock
2024-10-07,MSFT,457.16,468.02,454.07,464.47,26893907,stock
2024-10-08,MSFT,468.12,468.91,460.99,462.01,14423233,stock
2024-10-09,MSFT,465.42,466.15,460.01,460.86,21612270,stock
2024-10-10,MSFT,476.32,477.82,469.43,471.28,19133781,stock
2024-10-11,MSFT,452.17,460.26,447.38,455.08,31681352,stock
2024-10-14,MSFT,466.67,470.35,460.97,466.57,37705041,stock
2024-10-15,MSFT,449.36,458.44,445.97,456.24,36227137,stock
2024-10-16,MSFT,460.92,463.45,447.58,454.48,32677117,stock
2024-10-17,MSFT,449.14,453.41,447.27,451.55,19623465,stock
2024-10-18,MSFT,460.41,463.73,454.06,456.01,10349941,stock
2022-01-03,NVDA,203.87,208.78,203.04,208.2,61082814,stock
2022-01-04,NVDA,209.9,215.46,206.88,211.76,48849470,stock
2022-01-05,NVDA,230.66,235.91,223.34,227.49,71622455,stock
2022-01-06,NVDA,221.06,222.59,215.39,217.07,68240629,stock
2022-01-07,NVDA,222.87,224.25,217.41,218.69,66999652,stock
2022-01-10,NVDA,212.26,214.75,210.2,213.85,68431215,stock
2022-01-11,NVDA,213.0,220.45,209.19,217.24,45288867,stock
2022-01-12,NVDA,222.48,224.51,215.19,217.56,81376127,stock
2022-01-13,NVDA,207.5,214.65,205.66,212.9,50693687,stock
2022-01-14,NVDA,219.07,220.66,215.48,216.74,48016376,stock
2022-01-17,NVDA,223.53,237.57,219.9,231.05,33490809,stock
2022-01-18,NVDA,235.07,238.31,228.19,229.69,69446771,stock
2022-01-19,NVDA,241.72,242.88,235.46,235.74,44910133,stock
2022-01-20,NVDA,223.66,228.18,220.85,225.49,89951790,stock
2022-01-21,NVDA,222.39,223.89,216.86,218.24,67973657,stock
2022-01-24,NVDA,226.76,229.51,219.61,222.06,57256434,stock
2022-01-25,NVDA,234.66,236.2,231.49,234.08,94156960,stock
2022-01-26,NVDA,235.27,240.68,233.77,237.21,48499352,stock
2022-01-27,NVDA,236.29,239.05,228.25,234.81,77467752,stock
2022-01-28,NVDA,227.56,236.72,226.36,234.99,60640506,stock
2022-01-31,NVDA,231.24,233.67,223.8,225.11,49872017,stock
2022-02-01,NVDA,235.25,237.02,229.15,230.11,51766402,stock
2022-02-02,NVDA,234.6,238.03,234.1,237.51,52237416,stock
2022-02-03,NVDA,237.88,238.22,233.74,233.97,32639117,stock
2022-02-04,NVDA,232.48,235.76,227.81,230.34,100368291,stock
2022-02-07,NVDA,228.51,237.66,223.48,232.68,82629758,stock
2022-02-08,NVDA,228.66,230.5,226.43,229.33,37501327,stock
2022-02-09,NVDA,231.19,238.29,225.02,228.98,103386471,stock
2022-02-10,NVDA,254.02,255.02,245.97,246.64,28202519,stock
2022-02-11,NVDA,240.55,250.62,233.15,244.72,93440077,stock
2022-02-14,NVDA,235.36,243.28,233.72,241.86,51180692,stock
2022-02-15,NVDA,242.5,244.29,232.81,236.63,57275720,stock
2022-02-16,NVDA,247.5,249.89,239.6,243.07,90572174,stock
2022-02-17,NVDA,244.62,246.52,239.14,241.72,82937868,stock
2022-02-18,NVDA,234.94,237.06,233.52,236.48,38202733,stock
2022-02-21,NVDA,249.59,252.31,246.61,247.87,46026178,stock
2022-02-22,NVDA,257.51,260.91,257.16,260.71,87241039,stock
2022-02-23,NVDA,257.06,262.37,252.01,255.49,60617177,stock
2022-02-24,NVDA,231.35,243.23,227.61,239.52,65606708,stock
2022-02-25,NVDA,252.54,254.14,245.02,248.32,85322957,stock
2022-02-28,NVDA,234.69,244.95,232.13,242.63,82194672,stock
2022-03-01,NVDA,246.94,251.54,241.82,249.64,60135227,stock
2022-03-02,NVDA,230.18,235.26,229.56,233.19,82386424,stock
2022-03-03,NVDA,238.29,241.83,236.39,240.79,30803447,stock
2022-03-04,NVDA,231.89,236.56,227.92,230.98,108761159,stock
2022-03-07,NVDA,238.93,240.34,236.71,237.15,48008602,stock
2022-03-08,NVDA,238.64,241.46,234.76,237.46,97028088,stock
2022-03-09,NVDA,228.26,233.04,223.4,229.85,65865849,stock
2022-03-10,NVDA,223.91,229.22,222.49,226.78,107102145,stock
2022-03-11,NVDA,236.74,240.29,227.55,232.48,63983000,stock
2022-03-14,NVDA,233.44,237.58,227.33,233.53,69228175,stock
2022-03-15,NVDA,233.16,241.88,228.3,238.54,59175430,stock
2022-03-16,NVDA,249.96,260.0,247.68,255.83,87673316,stock
2022-03-17,NVDA,240.87,248.27,235.12,242.4,42033705,stock
2022-03-18,NVDA,265.68,269.63,252.15,256.72,114132129,stock
2022-03-21,NVDA,253.35,260.07,251.4,257.86,37934595,stock
2022-03-22,NVDA,254.33,257.63,247.45,250.08,79281630,stock
2022-03-23,NVDA,244.75,247.15,235.28,238.89,108313752,stock
2022-03-24,NVDA,244.77,246.6,236.61,237.51,56222551,stock
2022-03-25,NVDA,240.45,249.9,237.38,245.49,84152786,stock
2022-03-28,NVDA,249.67,257.97,239.5,244.59,39966870,stock
2022-03-29,NVDA,255.03,263.43,253.16,258.08,71569433,stock
2022-03-30,NVDA,237.02,247.37,230.87,245.5,108024451,stock
2022-03-31,NVDA,251.82,254.01,241.02,245.59,53402632,stock
2022-04-01,NVDA,229.0,240.22,224.65,235.24,78067283,stock
2022-04-04,NVDA,238.13,239.06,237.79,238.45,65828418,stock
2022-04-05,NVDA,250.79,254.32,240.6,246.16,75969498,stock
2022-04-06,NVDA,241.55,244.47,239.73,242.76,53536094,stock
2022-04-07,NVDA,225.72,227.61,219.61,221.79,66986635,stock
2022-04-08,NVDA,229.98,232.51,222.4,223.52,38597077,stock
2022-04-11,NVDA,220.37,232.02,217.22,227.14,51762098,stock
2022-04-12,NVDA,227.26,231.97,225.16,230.56,92346158,stock
2022-04-13,NVDA,242.54,246.63,239.34,240.95,55491071,stock
2022-04-14,NVDA,230.17,233.37,229.19,232.27,113845578,stock
2022-04-15,NVDA,240.28,241.34,237.05,238.05,55834767,stock
2022-04-18,NVDA,251.79,253.89,245.52,248.4,63624025,stock
2022-04-19,NVDA,225.88,235.59,223.48,233.59,81147723,stock
2022-04-20,NVDA,240.07,242.13,233.83,236.41,65188680,stock
2022-04-21,NVDA,227.1,234.96,225.39,232.46,104275547,stock
2022-04-22,NVDA,229.94,234.62,228.21,231.98,44037240,stock
2022-04-25,NVDA,229.67,239.23,228.7,235.01,111826419,stock
2022-04-26,NVDA,228.14,232.42,226.81,231.22,96719551,stock
2022-04-27,NVDA,228.37,231.46,222.39,226.0,108026515,stock
2022-04-28,NVDA,231.84,238.18,220.47,226.45,74038076,stock
2022-04-29,NVDA,213.63,219.75,212.5,218.17,37158594,stock
2022-05-02,NVDA,203.83,211.99,202.09,210.2,91983639,stock
2022-05-03,NVDA,222.53,224.15,211.09,215.43,49527661,stock
2022-05-04,NVDA,210.58,212.26,205.49,207.11,49042623,stock
2022-05-05,NVDA,211.51,213.39,207.88,212.16,74683019,stock
2022-05-06,NVDA,211.12,216.82,210.82,215.8,103756854,stock
2022-05-09,NVDA,197.06,204.83,194.42,203.31,76328206,stock
2022-05-10,NVDA,199.22,202.11,197.12,198.71,80262784,stock
2022-05-11,NVDA,201.79,207.85,201.13,207.35,72239680,stock
2022-05-12,NVDA,200.34,201.76,199.07,200.52,97936653,stock
2022-05-13,NVDA,202.78,203.78,197.01,197.44,92809252,stock
2022-05-16,NVDA,200.2,201.72,196.58,200.82,75660245,stock
2022-05-17,NVDA,201.89,208.88,199.55,206.57,103302087,stock
2022-05-18,NVDA,210.19,211.19,203.87,204.92,71434136,stock
2022-05-19,NVDA,200.0,203.31,197.59,200.84,65085022,stock
2022-05-20,NVDA,218.28,219.84,210.36,211.26,31394736,stock
2022-05-23,NVDA,221.62,228.19,219.56,224.7,75865719,stock
2022-05-24,NVDA,227.55,236.55,223.77,232.71,42364336,stock
2022-05-25,NVDA,230.65,236.34,229.41,233.6,48707804,stock
2022-05-26,NVDA,228.39,230.03,225.62,227.26,83883486,stock
2022-05-27,NVDA,226.38,230.64,218.91,220.93,97582591,stock
2022-05-30,NVDA,227.61,234.04,218.81,225.19,45203738,stock
2022-05-31,NVDA,228.24,235.33,224.92,228.69,35561942,stock
2022-06-01,NVDA,237.92,242.94,236.13,240.38,55900744,stock
2022-06-02,NVDA,244.69,249.16,242.72,246.11,95068468,stock
2022-06-03,NVDA,238.68,241.89,231.03,233.69,25521999,stock
2022-06-06,NVDA,237.7,247.41,235.01,242.65,50644981,stock
2022-06-07,NVDA,239.28,240.68,232.54,234.5,37806580,stock
2022-06-08,NVDA,231.61,233.55,230.93,231.56,40503211,stock
2022-06-09,NVDA,233.45,236.16,231.69,233.78,90731645,stock
2022-06-10,NVDA,253.7,254.45,249.97,250.9,56476771,stock
2022-06-13,NVDA,282.06,283.69,279.06,279.97,66283244,stock
2022-06-14,NVDA,283.59,289.29,282.65,286.21,31518730,stock
2022-06-15,NVDA,281.11,290.88,277.05,284.61,32344741,stock
2022-06-16,NVDA,286.13,290.99,285.55,290.21,38152783,stock
2022-06-17,NVDA,305.12,307.71,295.66,299.61,40739778,stock
2022-06-20,NVDA,302.15,302.4,295.72,296.51,67355456,stock
2022-06-21,NVDA,323.8,327.51,313.75,315.99,77618328,stock
2022-06-22,NVDA,318.09,320.33,316.83,318.8,63680027,stock
2022-06-23,NVDA,319.1,331.23,317.3,324.66,28165940,stock
2022-06-24,NVDA,330.17,335.68,328.91,332.58,52992454,stock
2022-06-27,NVDA,338.08,340.4,331.82,337.79,22198344,stock
2022-06-28,NVDA,355.41,360.88,344.23,348.14,54488928,stock
2022-06-29,NVDA,346.57,351.71,333.25,340.97,66002167,stock
2022-06-30,NVDA,341.63,347.44,332.85,334.64,73471873,stock
2022-07-01,NVDA,333.38,339.14,316.4,322.26,44143362,stock
2022-07-04,NVDA,326.4,330.92,323.42,327.51,56088045,stock
2022-07-05,NVDA,340.32,341.1,335.81,336.83,57728171,stock
2022-07-06,NVDA,306.84,310.25,300.9,308.29,18862404,stock
2022-07-07,NVDA,316.15,330.82,310.93,327.16,32446214,stock
2022-07-08,NVDA,331.36,332.83,325.56,327.36,53987246,stock
2022-07-11,NVDA,337.13,341.6,327.04,335.38,64019985,stock
2022-07-12,NVDA,329.24,330.12,322.24,323.07,18911762,stock
2022-07-13,NVDA,326.67,332.47,314.53,318.98,66814409,stock
2022-07-14,NVDA,322.87,328.75,321.29,327.1,32549517,stock
2022-07-15,NVDA,331.83,342.45,329.78,337.23,34740642,stock
2022-07-18,NVDA,343.38,344.66,332.03,334.05,35237739,stock
2022-07-19,NVDA,339.17,343.64,330.63,333.48,38258166,stock
2022-07-20,NVDA,309.96,318.95,305.79,316.48,20604754,stock
2022-07-21,NVDA,321.85,323.85,312.04,312.8,51948037,stock
2022-07-22,NVDA,322.71,324.37,321.06,322.96,30549270,stock
2022-07-25,NVDA,340.99,343.4,328.39,329.79,27261059,stock
2022-07-26,NVDA,334.88,336.31,333.14,335.89,33492489,stock
2022-07-27,NVDA,333.32,346.53,324.43,336.74,34536699,stock
2022-07-28,NVDA,332.39,347.22,329.68,337.1,43332976,stock
2022-07-29,NVDA,329.0,334.46,326.9,329.66,42879438,stock
2022-08-01,NVDA,329.59,339.85,326.72,338.09,19881422,stock
2022-08-02,NVDA,348.07,350.18,342.74,343.38,48253847,stock
2022-08-03,NVDA,353.57,358.9,343.93,349.63,20558255,stock
2022-08-04,NVDA,354.02,356.72,341.32,343.52,47227500,stock
2022-08-05,NVDA,327.3,328.07,317.96,318.84,33830774,stock
2022-08-08,NVDA,334.5,338.32,329.89,331.59,26274027,stock
2022-08-09,NVDA,322.49,334.65,320.42,326.34,47726070,stock
2022-08-10,NVDA,306.82,322.0,299.9,316.88,33528392,stock
2022-08-11,NVDA,313.9,327.21,313.22,324.93,50910415,stock
2022-08-12,NVDA,320.21,322.71,318.47,320.76,33069646,stock
2022-08-15,NVDA,335.56,337.18,332.12,333.15,30111031,stock
2022-08-16,NVDA,331.83,348.56,326.48,340.69,35054563,stock
2022-08-17,NVDA,348.68,356.41,340.74,349.22,19355008,stock
2022-08-18,NVDA,324.55,336.24,323.33,333.18,14994548,stock
2022-08-19,NVDA,345.56,349.67,345.01,347.9,19943642,stock
2022-08-22,NVDA,355.3,356.68,348.45,351.38,35272335,stock
2022-08-23,NVDA,349.02,355.12,341.7,347.14,16183045,stock
2022-08-24,NVDA,353.11,356.86,343.8,349.17,12644485,stock
2022-08-25,NVDA,325.74,330.89,321.98,328.38,17537114,stock
2022-08-26,NVDA,322.51,335.37,321.72,333.38,22072080,stock
2022-08-29,NVDA,321.48,325.07,316.71,321.84,38310173,stock
2022-08-30,NVDA,306.18,309.63,301.62,307.21,28988465,stock
2022-08-31,NVDA,286.99,293.0,285.26,291.5,21897930,stock
2022-09-01,NVDA,298.12,311.4,292.48,303.32,28545314,stock
2022-09-02,NVDA,300.44,303.82,292.55,296.95,12715688,stock
2022-09-05,NVDA,316.7,321.08,312.22,313.57,17827744,stock
2022-09-06,NVDA,299.61,311.42,297.28,307.99,38084190,stock
2022-09-07,NVDA,289.06,293.94,288.1,290.36,37608804,stock
2022-09-08,NVDA,277.45,284.49,272.18,279.46,16438608,stock
2022-09-09,NVDA,286.36,293.9,279.51,292.04,21255662,stock
2022-09-12,NVDA,283.6,296.37,279.63,290.69,34860446,stock
2022-09-13,NVDA,280.0,289.29,277.46,285.39,21655184,stock
2022-09-14,NVDA,280.5,288.39,279.35,287.22,35833407,stock
2022-09-15,NVDA,285.42,300.05,280.0,292.54,36148141,stock
2022-09-16,NVDA,314.24,317.61,302.92,304.46,37316070,stock
2022-09-19,NVDA,329.38,335.66,317.17,320.54,38333847,stock
2022-09-20,NVDA,311.27,317.3,310.92,316.79,37796957,stock
2022-09-21,NVDA,312.39,314.07,299.08,302.66,14331540,stock
2022-09-22,NVDA,304.08,311.46,290.17,298.55,17279260,stock
2022-09-23,NVDA,304.61,308.95,298.53,301.53,35029870,stock
2022-09-26,NVDA,301.22,301.81,290.48,291.76,13708402,stock
2022-09-27,NVDA,291.15,293.56,278.21,282.37,30204642,stock
2022-09-28,NVDA,276.22,288.31,272.73,286.02,13114936,stock
2022-09-29,NVDA,285.18,290.53,282.31,285.76,13814241,stock
2022-09-30,NVDA,285.4,288.27,277.9,286.32,37604780,stock
2022-10-03,NVDA,274.59,282.8,272.67,279.04,37143785,stock
2022-10-04,NVDA,276.37,278.16,274.83,277.02,31210164,stock
2022-10-05,NVDA,273.27,276.16,266.27,268.42,40719835,stock
2022-10-06,NVDA,279.05,282.06,271.65,277.13,30698160,stock
2022-10-07,NVDA,296.91,301.5,281.52,287.59,37066844,stock
2022-10-10,NVDA,274.04,275.36,268.55,269.81,26177872,stock
2022-10-11,NVDA,267.54,271.7,260.26,261.38,13612990,stock
2022-10-12,NVDA,243.77,252.49,238.98,248.24,31529412,stock
2022-10-13,NVDA,247.63,248.72,241.93,242.85,37240498,stock
2022-10-14,NVDA,242.66,246.01,240.53,242.34,29988851,stock
2022-10-17,NVDA,235.27,240.09,227.23,230.53,14586172,stock
2022-10-18,NVDA,221.21,227.9,215.58,223.39,24659704,stock
2022-10-19,NVDA,219.54,221.12,213.11,215.85,39089230,stock
2022-10-20,NVDA,217.94,222.32,213.69,217.6,32020038,stock
2022-10-21,NVDA,220.88,222.22,214.34,218.3,12030325,stock
2022-10-24,NVDA,207.04,219.66,201.08,213.03,36141721,stock
2022-10-25,NVDA,210.82,220.04,207.75,214.52,44959468,stock
2022-10-26,NVDA,209.83,211.15,208.56,210.62,46084924,stock
2022-10-27,NVDA,213.09,213.94,206.91,208.8,31008813,stock
2022-10-28,NVDA,220.04,222.94,217.59,221.57,41988006,stock
2022-10-31,NVDA,229.69,237.28,224.11,232.4,42205095,stock
2022-11-01,NVDA,227.35,227.97,220.53,222.24,35550484,stock
2022-11-02,NVDA,228.93,229.98,227.46,228.97,22137670,stock
2022-11-03,NVDA,233.29,240.83,227.78,235.76,40811048,stock
2022-11-04,NVDA,223.84,228.86,218.76,226.65,47212707,stock
2022-11-07,NVDA,234.42,239.16,229.71,233.43,28172773,stock
2022-11-08,NVDA,241.33,248.22,237.13,246.53,47264406,stock
2022-11-09,NVDA,233.3,240.09,230.97,237.22,28907783,stock
2022-11-10,NVDA,223.53,237.11,217.18,229.91,49013793,stock
2022-11-11,NVDA,239.61,240.37,235.57,238.44,31590586,stock
2022-11-14,NVDA,241.72,242.39,240.52,240.91,34185338,stock
2022-11-15,NVDA,254.11,257.0,243.03,245.8,41099602,stock
2022-11-16,NVDA,240.45,249.88,239.94,248.95,40174398,stock
2022-11-17,NVDA,251.06,257.39,246.15,252.58,32138109,stock
2022-11-18,NVDA,242.68,247.77,234.7,241.31,57385685,stock
2022-11-21,NVDA,254.15,260.76,244.87,250.52,26476246,stock
2022-11-22,NVDA,268.51,272.12,259.47,261.2,31068337,stock
2022-11-23,NVDA,252.68,267.06,244.05,259.32,26488821,stock
2022-11-24,NVDA,252.4,264.23,248.11,259.13,38939948,stock
2022-11-25,NVDA,242.6,249.54,239.58,245.8,49494265,stock
2022-11-28,NVDA,253.01,257.17,244.08,250.47,38063325,stock
2022-11-29,NVDA,247.74,259.5,244.51,255.74,37203832,stock
2022-11-30,NVDA,249.51,260.93,243.98,255.39,19168620,stock
2022-12-01,NVDA,272.69,273.86,263.12,265.85,19833389,stock
2022-12-02,NVDA,264.25,270.77,257.65,262.97,52813586,stock
2022-12-05,NVDA,272.27,277.0,263.54,268.43,28061720,stock
2022-12-06,NVDA,259.93,263.22,257.16,259.23,46852824,stock
2022-12-07,NVDA,267.32,269.85,254.15,259.22,53368094,stock
2022-12-08,NVDA,248.95,260.11,246.43,257.85,36883553,stock
2022-12-09,NVDA,268.79,269.94,259.07,260.1,57499697,stock
2022-12-12,NVDA,252.45,261.57,246.99,256.97,28089700,stock
2022-12-13,NVDA,258.67,259.95,255.36,255.99,23457505,stock
2022-12-14,NVDA,265.08,273.49,259.24,263.71,41690635,stock
2022-12-15,NVDA,253.34,263.02,251.53,259.92,39252872,stock
2022-12-16,NVDA,252.43,256.19,243.72,245.9,42438402,stock
2022-12-19,NVDA,270.53,272.36,260.42,261.64,63486217,stock
2022-12-20,NVDA,265.59,278.5,260.31,274.82,23255228,stock
2022-12-21,NVDA,256.78,266.61,254.38,262.88,20279661,stock
2022-12-22,NVDA,260.61,273.25,257.97,269.52,72453556,stock
2022-12-23,NVDA,259.25,271.22,256.17,265.03,33927441,stock
2022-12-26,NVDA,247.2,250.28,238.68,240.93,56473220,stock
2022-12-27,NVDA,247.13,254.06,240.99,243.61,30371283,stock
2022-12-28,NVDA,233.87,243.44,229.43,241.82,82299074,stock
2022-12-29,NVDA,240.53,244.02,232.09,235.46,43994378,stock
2022-12-30,NVDA,230.32,232.09,228.87,230.02,61090601,stock
2023-01-02,NVDA,229.5,236.89,215.6,222.94,58117693,stock
2023-01-03,NVDA,215.93,217.68,213.82,216.72,44784504,stock
2023-01-04,NVDA,212.44,219.04,211.34,216.38,49717462,stock
2023-01-05,NVDA,217.36,220.16,208.66,211.2,84679736,stock
2023-01-06,NVDA,221.61,223.15,213.07,216.47,68625520,stock
2023-01-09,NVDA,228.66,230.61,226.38,228.22,50602240,stock
2023-01-10,NVDA,219.13,225.88,216.6,223.82,37334718,stock
2023-01-11,NVDA,224.71,229.99,222.72,225.88,25344687,stock
2023-01-12,NVDA,231.03,231.97,229.45,230.05,94984757,stock
2023-01-13,NVDA,238.51,243.4,230.06,234.07,27124511,stock
2023-01-16,NVDA,231.71,240.11,224.52,234.88,63971253,stock
2023-01-17,NVDA,245.3,248.83,239.92,241.26,46885076,stock
2023-01-18,NVDA,253.54,254.05,243.74,245.56,89740441,stock
2023-01-19,NVDA,235.73,237.87,232.24,235.34,77438733,stock
2023-01-20,NVDA,235.98,250.28,228.86,242.8,79103265,stock
2023-01-23,NVDA,245.46,251.11,244.59,250.66,26614818,stock
2023-01-24,NVDA,239.22,250.21,231.77,244.25,25997611,stock
2023-01-25,NVDA,250.14,252.33,242.28,244.77,102348713,stock
2023-01-26,NVDA,248.64,257.3,246.9,250.89,37104427,stock
2023-01-27,NVDA,252.2,254.57,247.85,249.26,71139053,stock
2023-01-30,NVDA,261.3,264.18,251.86,259.01,84830858,stock
2023-01-31,NVDA,285.32,287.03,279.87,281.57,48822239,stock
2023-02-01,NVDA,280.23,285.38,268.23,274.15,77178556,stock
2023-02-02,NVDA,265.01,267.26,258.49,261.42,45031515,stock
2023-02-03,NVDA,257.31,270.09,253.68,264.43,42097991,stock
2023-02-06,NVDA,279.84,281.28,268.75,271.41,103633444,stock
2023-02-07,NVDA,270.13,271.91,266.71,269.44,36447694,stock
2023-02-08,NVDA,290.14,291.78,281.99,283.73,73694337,stock
2023-02-09,NVDA,263.89,276.0,260.97,270.96,36943603,stock
2023-02-10,NVDA,284.31,285.27,275.6,277.83,95640319,stock
2023-02-13,NVDA,274.42,275.97,271.33,272.22,78481314,stock
2023-02-14,NVDA,298.12,299.02,288.95,289.34,46104265,stock
2023-02-15,NVDA,311.98,315.8,308.6,310.48,109376305,stock
2023-02-16,NVDA,299.33,306.04,292.31,302.5,62028706,stock
2023-02-17,NVDA,292.65,297.54,291.88,296.98,45369677,stock
2023-02-20,NVDA,304.98,312.86,303.11,306.29,50004159,stock
2023-02-21,NVDA,303.62,305.49,296.63,302.41,33815528,stock
2023-02-22,NVDA,300.27,306.87,295.07,302.18,43797253,stock
2023-02-23,NVDA,299.94,305.81,297.13,302.69,49524303,stock
2023-02-24,NVDA,284.49,288.08,279.81,283.24,39700707,stock
2023-02-27,NVDA,285.88,287.68,282.61,283.33,86360770,stock
2023-02-28,NVDA,285.27,291.63,273.01,276.8,83726775,stock
2023-03-01,NVDA,277.01,280.48,269.06,272.28,60003255,stock
2023-03-02,NVDA,285.72,295.9,282.52,286.62,77121653,stock
2023-03-03,NVDA,267.67,277.27,266.35,274.51,115604857,stock
2023-03-06,NVDA,290.21,295.1,280.51,282.66,101434114,stock
2023-03-07,NVDA,279.35,281.68,278.08,280.14,50007254,stock
2023-03-08,NVDA,284.24,286.32,273.51,277.63,67453878,stock
2023-03-09,NVDA,290.31,292.86,283.3,285.64,62402802,stock
2023-03-10,NVDA,287.25,292.24,285.87,289.29,49341948,stock
2023-03-13,NVDA,289.05,297.68,287.18,295.37,85477165,stock
2023-03-14,NVDA,306.82,314.7,300.68,305.79,87814306,stock
2023-03-15,NVDA,294.91,303.33,292.85,302.51,56975669,stock
2023-03-16,NVDA,302.03,308.15,294.22,296.33,49525502,stock
2023-03-17,NVDA,278.66,288.48,275.07,285.52,46223581,stock
2023-03-20,NVDA,281.38,283.76,274.17,277.61,54598798,stock
2023-03-21,NVDA,309.41,312.08,303.74,308.04,100356903,stock
2023-03-22,NVDA,320.01,323.67,317.44,322.01,41732658,stock
2023-03-23,NVDA,303.43,316.92,296.48,307.39,96088941,stock
2023-03-24,NVDA,297.34,304.89,291.27,293.72,30729196,stock
2023-03-27,NVDA,289.59,307.0,285.48,298.95,110874768,stock
2023-03-28,NVDA,297.52,306.01,295.1,304.98,62431301,stock
2023-03-29,NVDA,312.96,321.56,305.36,311.14,92851687,stock
2023-03-30,NVDA,300.02,311.01,296.63,308.62,43392821,stock
2023-03-31,NVDA,308.21,311.63,305.91,307.52,79042752,stock
2023-04-03,NVDA,321.85,326.01,306.21,311.32,116636465,stock
2023-04-04,NVDA,304.77,316.69,298.72,312.5,41678085,stock
2023-04-05,NVDA,286.94,290.83,286.01,289.38,90569523,stock
2023-04-06,NVDA,295.96,301.54,284.41,287.29,108541627,stock
2023-04-07,NVDA,287.8,294.01,270.45,279.08,116513126,stock
2023-04-10,NVDA,272.54,283.73,268.67,281.02,63917879,stock
2023-04-11,NVDA,322.99,324.91,310.53,312.22,113491326,stock
2023-04-12,NVDA,321.2,325.12,315.43,316.52,81767827,stock
2023-04-13,NVDA,302.7,321.46,297.93,313.31,43722836,stock
2023-04-14,NVDA,316.86,327.99,310.84,323.85,108305898,stock
2023-04-17,NVDA,338.99,340.46,327.25,329.63,55259216,stock
2023-04-18,NVDA,333.21,336.11,328.63,334.78,93985433,stock
2023-04-19,NVDA,332.18,346.05,330.37,342.24,112269748,stock
2023-04-20,NVDA,374.12,375.93,363.84,368.07,105467329,stock
2023-04-21,NVDA,342.57,357.95,338.59,354.07,56719919,stock
2023-04-24,NVDA,369.2,377.72,354.86,360.28,56980719,stock
2023-04-25,NVDA,354.42,361.84,342.23,349.06,50348877,stock
2023-04-26,NVDA,366.64,369.71,347.8,356.2,54408222,stock
2023-04-27,NVDA,335.87,350.78,330.32,345.21,36543563,stock
2023-04-28,NVDA,337.46,341.01,336.05,340.47,91750025,stock
2023-05-01,NVDA,325.67,339.42,316.95,337.24,98676258,stock
2023-05-02,NVDA,340.84,354.77,333.77,349.24,64699796,stock
2023-05-03,NVDA,368.17,371.34,357.62,360.94,83981080,stock
2023-05-04,NVDA,351.77,352.6,344.97,345.82,103298568,stock
2023-05-05,NVDA,353.84,354.19,346.54,346.76,32957948,stock
2023-05-08,NVDA,339.22,341.76,336.96,338.52,104754517,stock
2023-05-09,NVDA,317.07,327.29,311.74,324.2,94315105,stock
2023-05-10,NVDA,314.9,322.3,314.41,322.0,41482809,stock
2023-05-11,NVDA,319.73,321.97,317.06,318.8,80318366,stock
2023-05-12,NVDA,339.73,348.12,338.01,347.34,38123508,stock
2023-05-15,NVDA,355.2,360.77,347.98,352.92,47194973,stock
2023-05-16,NVDA,344.22,348.56,333.14,336.58,74748614,stock
2023-05-17,NVDA,324.51,339.27,321.69,330.25,29708723,stock
2023-05-18,NVDA,389.91,393.56,379.17,383.65,30726751,stock
2023-05-19,NVDA,419.33,421.69,404.09,413.08,31063574,stock
2023-05-22,NVDA,402.48,406.62,384.79,391.08,73858311,stock
2023-05-23,NVDA,360.38,367.96,359.43,366.47,77802057,stock
2023-05-24,NVDA,391.58,397.34,388.38,391.59,95472719,stock
2023-05-25,NVDA,399.71,400.52,395.62,397.28,56646001,stock
2023-05-26,NVDA,397.13,403.05,379.1,385.7,55994693,stock
2023-05-29,NVDA,391.98,397.21,382.0,393.3,52369779,stock
2023-05-30,NVDA,349.87,359.46,348.69,358.93,66469399,stock
2023-05-31,NVDA,347.03,363.89,342.98,359.26,34479075,stock
2023-06-01,NVDA,355.65,365.88,351.58,363.69,32571230,stock
2023-06-02,NVDA,363.36,378.55,361.12,375.95,85913486,stock
2023-06-05,NVDA,356.21,367.49,350.46,363.13,50525899,stock
2023-06-06,NVDA,355.84,376.35,352.83,364.52,84431412,stock
2023-06-07,NVDA,348.81,354.14,348.1,353.18,36650997,stock
2023-06-08,NVDA,364.22,370.52,354.15,356.64,40872862,stock
2023-06-09,NVDA,349.07,351.05,344.47,345.91,28670484,stock
2023-06-12,NVDA,336.07,343.06,334.13,341.28,74530375,stock
2023-06-13,NVDA,340.71,341.91,327.18,329.85,46142066,stock
2023-06-14,NVDA,333.62,338.94,330.8,337.73,39235282,stock
2023-06-15,NVDA,359.83,369.15,341.07,348.31,54633187,stock
2023-06-16,NVDA,338.34,347.12,336.24,345.73,57238401,stock
2023-06-19,NVDA,339.9,354.43,335.3,346.47,67455264,stock
2023-06-20,NVDA,328.91,330.91,325.22,329.61,24773371,stock
2023-06-21,NVDA,329.26,331.58,321.23,326.43,53360321,stock
2023-06-22,NVDA,336.58,340.81,320.38,326.12,62502488,stock
2023-06-23,NVDA,352.13,360.91,343.26,357.73,21786952,stock
2023-06-26,NVDA,347.56,349.23,341.24,344.35,44702871,stock
2023-06-27,NVDA,356.98,363.95,354.38,362.75,50709808,stock
2023-06-28,NVDA,384.46,389.83,368.69,375.93,49640752,stock
2023-06-29,NVDA,386.15,388.07,379.08,379.95,59549682,stock
2023-06-30,NVDA,412.62,415.16,400.35,404.39,17857757,stock
2023-07-03,NVDA,399.8,411.01,396.56,410.02,56053458,stock
2023-07-04,NVDA,414.95,417.93,414.28,415.97,48388398,stock
2023-07-05,NVDA,418.26,425.15,413.09,415.53,30186112,stock
2023-07-06,NVDA,440.33,443.13,432.42,434.06,22649949,stock
2023-07-07,NVDA,439.52,464.96,429.79,451.41,33947072,stock
2023-07-10,NVDA,448.8,452.41,438.02,441.98,46692032,stock
2023-07-11,NVDA,417.25,428.01,415.77,422.38,28953210,stock
2023-07-12,NVDA,421.73,429.68,417.58,419.72,48657317,stock
2023-07-13,NVDA,395.99,409.16,395.1,408.46,39083638,stock
2023-07-14,NVDA,400.31,418.71,387.13,407.88,30217112,stock
2023-07-17,NVDA,433.76,437.78,421.96,426.27,38058820,stock
2023-07-18,NVDA,416.78,423.02,408.36,419.84,50181479,stock
2023-07-19,NVDA,408.25,426.2,405.32,419.55,24679232,stock
2023-07-20,NVDA,422.43,424.82,412.11,420.73,23744381,stock
2023-07-21,NVDA,425.23,434.41,424.69,433.76,50422897,stock
2023-07-24,NVDA,396.31,407.34,390.76,401.28,14560273,stock
2023-07-25,NVDA,392.95,401.08,384.79,393.16,35967393,stock
2023-07-26,NVDA,398.89,399.44,395.39,396.4,13670305,stock
2023-07-27,NVDA,416.09,421.27,404.11,413.73,19698917,stock
2023-07-28,NVDA,408.03,411.6,403.95,407.0,24007786,stock
2023-07-31,NVDA,381.72,384.29,378.59,381.43,36249223,stock
2023-08-01,NVDA,385.38,392.23,383.84,390.1,23516396,stock
2023-08-02,NVDA,384.59,385.54,381.03,381.83,27718256,stock
2023-08-03,NVDA,354.79,369.18,352.31,366.55,44702544,stock
2023-08-04,NVDA,360.68,363.26,356.11,358.91,36820593,stock
2023-08-07,NVDA,364.83,370.29,354.17,356.89,34622771,stock
2023-08-08,NVDA,359.1,362.04,345.24,349.69,22926088,stock
2023-08-09,NVDA,316.74,325.42,314.89,323.97,37088816,stock
2023-08-10,NVDA,333.59,339.02,326.63,334.58,43643524,stock
2023-08-11,NVDA,352.49,357.79,345.47,350.12,43729471,stock
2023-08-14,NVDA,348.63,358.85,348.22,358.48,13041661,stock
2023-08-15,NVDA,339.32,344.96,338.77,344.77,35742605,stock
2023-08-16,NVDA,332.96,348.33,324.67,342.62,43437324,stock
2023-08-17,NVDA,339.76,346.68,333.17,342.81,20798172,stock
2023-08-18,NVDA,341.04,350.75,340.32,350.35,41327259,stock
2023-08-21,NVDA,369.35,373.01,350.16,358.93,41601628,stock
2023-08-22,NVDA,359.43,368.79,346.75,350.11,14302346,stock
2023-08-23,NVDA,350.29,359.72,343.37,351.39,19291271,stock
2023-08-24,NVDA,358.93,359.22,356.48,357.35,17321605,stock
2023-08-25,NVDA,373.1,377.66,369.93,376.33,25036013,stock
2023-08-28,NVDA,372.88,388.94,370.59,386.03,40232405,stock
2023-08-29,NVDA,403.0,412.53,392.71,397.16,18575715,stock
2023-08-30,NVDA,411.57,414.97,391.36,398.65,35170856,stock
2023-08-31,NVDA,405.78,428.66,392.84,419.16,27299081,stock
2023-09-01,NVDA,434.25,442.58,416.99,425.55,18878020,stock
2023-09-04,NVDA,409.41,415.15,408.0,413.25,21434788,stock
2023-09-05,NVDA,441.28,450.02,428.09,434.4,29405881,stock
2023-09-06,NVDA,448.0,451.49,438.58,445.5,33183479,stock
2023-09-07,NVDA,444.3,447.22,436.62,438.99,22296946,stock
2023-09-08,NVDA,419.53,437.9,415.01,432.03,37788488,stock
2023-09-11,NVDA,435.39,443.37,427.75,436.89,36703631,stock
2023-09-12,NVDA,457.4,463.39,442.47,444.39,20249496,stock
2023-09-13,NVDA,455.5,464.6,441.02,447.82,39329179,stock
2023-09-14,NVDA,463.39,470.01,442.1,453.09,36466965,stock
2023-09-15,NVDA,482.74,493.01,470.23,481.25,17690844,stock
2023-09-18,NVDA,515.53,523.6,492.43,500.05,33798850,stock
2023-09-19,NVDA,497.64,511.85,493.02,503.8,38403589,stock
2023-09-20,NVDA,532.74,536.55,516.2,521.09,22488355,stock
2023-09-21,NVDA,489.14,512.64,481.51,502.99,35562670,stock
2023-09-22,NVDA,499.32,513.69,485.86,510.46,25633703,stock
2023-09-25,NVDA,530.71,545.1,527.58,544.26,17687619,stock
2023-09-26,NVDA,552.86,558.24,538.2,540.56,35499648,stock
2023-09-27,NVDA,507.94,525.68,507.34,525.18,34525976,stock
2023-09-28,NVDA,504.87,516.11,503.54,513.74,21646201,stock
2023-09-29,NVDA,501.76,505.16,490.97,494.91,17099812,stock
2023-10-02,NVDA,484.91,489.52,476.41,481.89,11935081,stock
2023-10-03,NVDA,460.45,480.06,458.47,476.06,33163168,stock
2023-10-04,NVDA,449.88,462.3,446.03,453.57,33065095,stock
2023-10-05,NVDA,449.44,464.23,443.35,454.18,11777336,stock
2023-10-06,NVDA,468.71,470.75,467.69,469.13,28917760,stock
2023-10-09,NVDA,461.96,463.78,452.6,454.82,26244080,stock
2023-10-10,NVDA,471.35,492.76,468.42,480.04,21644049,stock
2023-10-11,NVDA,501.23,506.3,481.92,489.09,11689938,stock
2023-10-12,NVDA,520.35,523.14,504.25,507.46,26756048,stock
2023-10-13,NVDA,495.03,503.38,490.26,496.31,43788341,stock
2023-10-16,NVDA,495.62,519.91,486.4,511.79,29030601,stock
2023-10-17,NVDA,485.86,498.17,479.08,492.99,23692888,stock
2023-10-18,NVDA,496.7,511.68,495.59,509.0,29575412,stock
2023-10-19,NVDA,522.37,523.53,511.21,512.48,40411376,stock
2023-10-20,NVDA,511.3,523.89,509.77,522.92,43640260,stock
2023-10-23,NVDA,500.29,506.04,495.66,502.24,16310518,stock
2023-10-24,NVDA,495.34,498.61,484.91,487.14,29320877,stock
2023-10-25,NVDA,504.76,506.31,493.38,497.83,39569744,stock
2023-10-26,NVDA,468.68,488.41,463.96,481.96,34781090,stock
2023-10-27,NVDA,475.31,493.49,467.68,490.23,27359065,stock
2023-10-30,NVDA,481.43,488.15,461.15,467.7,18241658,stock
2023-10-31,NVDA,484.55,487.29,480.09,482.18,54146820,stock
2023-11-01,NVDA,454.52,463.9,448.89,462.19,21425801,stock
2023-11-02,NVDA,473.56,476.45,469.2,471.59,19541774,stock
2023-11-03,NVDA,465.91,485.44,455.77,482.41,18953160,stock
2023-11-06,NVDA,473.99,476.34,460.88,471.17,20274217,stock
2023-11-07,NVDA,493.4,506.52,475.77,481.25,35332739,stock
2023-11-08,NVDA,472.4,490.52,466.2,486.04,38800622,stock
2023-11-09,NVDA,465.52,481.47,457.21,477.35,53753346,stock
2023-11-10,NVDA,461.59,463.74,459.74,461.16,26496694,stock
2023-11-13,NVDA,441.14,446.83,426.47,430.89,27593773,stock
2023-11-14,NVDA,434.46,438.28,432.86,436.54,16960971,stock
2023-11-15,NVDA,426.08,431.24,406.71,413.61,57206473,stock
2023-11-16,NVDA,404.49,423.03,395.21,415.32,59083726,stock
2023-11-17,NVDA,419.2,422.36,405.27,411.84,30451784,stock
2023-11-20,NVDA,420.1,424.7,417.15,422.08,20799821,stock
2023-11-21,NVDA,407.61,427.36,401.09,417.98,36653662,stock
2023-11-22,NVDA,422.4,429.19,410.3,413.52,44436512,stock
2023-11-23,NVDA,418.88,429.93,415.49,424.59,37320131,stock
2023-11-24,NVDA,435.61,445.63,417.5,429.94,49364552,stock
2023-11-27,NVDA,437.32,443.33,432.22,435.07,43886431,stock
2023-11-28,NVDA,443.16,447.41,440.21,442.63,32516883,stock
2023-11-29,NVDA,413.6,422.71,411.46,419.8,67893395,stock
2023-11-30,NVDA,433.41,440.02,425.28,431.42,64361606,stock
2023-12-01,NVDA,438.39,444.62,433.79,441.12,55844541,stock
2023-12-04,NVDA,437.69,441.33,416.49,426.04,35824018,stock
2023-12-05,NVDA,418.65,429.41,413.86,422.75,65345430,stock
2023-12-06,NVDA,412.85,429.56,404.7,422.51,56862322,stock
2023-12-07,NVDA,429.4,432.74,419.52,420.86,58115071,stock
2023-12-08,NVDA,418.56,430.82,415.25,426.15,54091363,stock
2023-12-11,NVDA,437.3,454.53,433.7,448.4,78963004,stock
2023-12-12,NVDA,481.86,484.59,461.34,466.08,77942642,stock
2023-12-13,NVDA,444.1,459.95,434.4,445.51,37994013,stock
2023-12-14,NVDA,446.09,457.98,440.91,455.68,82829840,stock
2023-12-15,NVDA,476.97,483.08,473.88,477.76,32785297,stock
2023-12-18,NVDA,494.88,496.56,478.6,484.66,39371917,stock
2023-12-19,NVDA,495.76,512.4,486.12,503.93,66517390,stock
2023-12-20,NVDA,555.95,559.19,540.1,541.13,44244674,stock
2023-12-21,NVDA,552.56,568.28,547.64,561.32,63451543,stock
2023-12-22,NVDA,557.44,574.35,547.03,566.69,32692762,stock
2023-12-25,NVDA,580.73,592.81,570.54,588.27,78919838,stock
2023-12-26,NVDA,596.55,601.74,590.27,591.74,73922516,stock
2023-12-27,NVDA,583.15,604.68,577.53,592.71,81985091,stock
2023-12-28,NVDA,584.27,587.82,582.35,585.93,38901536,stock
2023-12-29,NVDA,608.05,621.04,605.59,619.38,66209419,stock
2024-01-01,NVDA,590.29,604.92,587.88,602.37,74931768,stock
2024-01-02,NVDA,646.72,652.17,628.64,636.07,51613308,stock
2024-01-03,NVDA,637.46,659.6,629.74,647.81,81991781,stock
2024-01-04,NVDA,609.66,624.57,601.31,617.34,86327376,stock
2024-01-05,NVDA,620.27,636.44,610.81,625.84,76746235,stock
2024-01-08,NVDA,593.69,596.83,578.07,581.96,55382671,stock
2024-01-09,NVDA,586.59,597.74,582.3,595.31,60744880,stock
2024-01-10,NVDA,633.26,634.06,613.0,614.54,59921139,stock
2024-01-11,NVDA,597.72,610.58,589.06,602.41,63387634,stock
2024-01-12,NVDA,622.85,627.13,599.14,605.5,43553405,stock
2024-01-15,NVDA,671.46,676.92,645.75,648.89,92719934,stock
2024-01-16,NVDA,642.44,655.13,624.89,638.01,103299504,stock
2024-01-17,NVDA,626.52,628.92,607.06,615.29,33751842,stock
2024-01-18,NVDA,628.13,652.85,612.74,648.56,62797220,stock
2024-01-19,NVDA,712.68,716.21,687.43,695.23,45221643,stock
2024-01-22,NVDA,696.88,700.26,693.47,695.88,31203479,stock
2024-01-23,NVDA,735.89,752.41,705.18,721.53,41493876,stock
2024-01-24,NVDA,780.24,794.31,750.84,756.82,93557454,stock
2024-01-25,NVDA,748.97,750.63,736.16,738.0,94918852,stock
2024-01-26,NVDA,707.04,729.59,702.16,726.15,87673249,stock
2024-01-29,NVDA,781.67,783.92,757.55,758.72,99206285,stock
2024-01-30,NVDA,806.2,810.98,792.13,805.46,32741840,stock
2024-01-31,NVDA,796.15,823.98,794.41,822.14,100809801,stock
2024-02-01,NVDA,801.97,811.98,788.47,797.85,43112435,stock
2024-02-02,NVDA,840.91,859.69,836.73,855.99,34115018,stock
2024-02-05,NVDA,811.51,847.97,801.09,840.9,86528221,stock
2024-02-06,NVDA,834.18,840.85,823.85,831.76,111382766,stock
2024-02-07,NVDA,833.85,861.58,812.21,842.46,93485497,stock
2024-02-08,NVDA,891.73,904.35,875.83,890.27,72223101,stock
2024-02-09,NVDA,899.18,935.9,886.18,918.02,54982832,stock
2024-02-12,NVDA,926.47,942.53,916.18,932.19,56589062,stock
2024-02-13,NVDA,916.06,952.84,910.03,948.19,42113386,stock
2024-02-14,NVDA,969.72,992.98,929.46,950.39,55860003,stock
2024-02-15,NVDA,937.08,973.78,931.5,969.92,72326065,stock
2024-02-16,NVDA,886.28,902.66,877.33,888.45,66251721,stock
2024-02-19,NVDA,907.55,910.92,876.53,879.97,55749617,stock
2024-02-20,NVDA,885.98,890.06,883.27,888.15,68144712,stock
2024-02-21,NVDA,845.08,865.19,834.19,853.76,112882285,stock
2024-02-22,NVDA,864.83,878.91,855.39,866.08,112034472,stock
2024-02-23,NVDA,890.23,892.39,855.37,860.59,53906129,stock
2024-02-26,NVDA,897.82,917.72,897.16,915.86,65971300,stock
2024-02-27,NVDA,965.78,987.69,953.98,968.47,34453718,stock
2024-02-28,NVDA,928.42,963.71,917.56,953.57,98472166,stock
2024-02-29,NVDA,967.87,970.6,947.03,949.31,35996302,stock
2024-03-01,NVDA,976.33,992.5,924.17,947.61,69522671,stock
2024-03-04,NVDA,918.28,941.11,895.67,933.5,38371158,stock
2024-03-05,NVDA,933.69,943.93,927.46,940.64,115808369,stock
2024-03-06,NVDA,921.19,925.5,909.78,916.74,43648180,stock
2024-03-07,NVDA,866.76,898.56,863.18,881.88,35956818,stock
2024-03-08,NVDA,887.22,918.11,880.29,902.03,72117700,stock
2024-03-11,NVDA,950.31,969.18,914.48,922.86,71298048,stock
2024-03-12,NVDA,905.3,933.33,872.88,897.96,115817998,stock
2024-03-13,NVDA,931.09,940.29,918.69,927.29,59599408,stock
2024-03-14,NVDA,909.44,925.51,888.74,907.74,82770850,stock
2024-03-15,NVDA,936.2,954.81,907.59,916.55,102820525,stock
2024-03-18,NVDA,928.95,958.93,922.05,944.01,116771604,stock
2024-03-19,NVDA,914.01,965.71,886.45,943.65,52743295,stock
2024-03-20,NVDA,963.25,987.86,949.02,959.56,114859657,stock
2024-03-21,NVDA,920.23,947.75,909.72,943.12,61888590,stock
2024-03-22,NVDA,932.11,949.02,925.5,937.41,43959310,stock
2024-03-25,NVDA,959.36,963.63,923.8,931.43,108127602,stock
2024-03-26,NVDA,928.16,933.05,899.38,908.13,32095168,stock
2024-03-27,NVDA,879.11,914.82,852.21,903.25,72556192,stock
2024-03-28,NVDA,861.58,876.68,830.94,856.28,54322009,stock
2024-03-29,NVDA,822.6,848.52,813.91,842.36,62030882,stock
2024-04-01,NVDA,810.25,838.3,809.36,834.67,76037624,stock
2024-04-02,NVDA,804.26,842.84,791.28,827.88,85075204,stock
2024-04-03,NVDA,792.94,831.33,784.18,821.57,113721504,stock
2024-04-04,NVDA,831.12,841.31,814.71,820.45,77841014,stock
2024-04-05,NVDA,857.97,859.45,834.27,835.0,78425282,stock
2024-04-08,NVDA,868.54,894.11,851.09,861.65,42878801,stock
2024-04-09,NVDA,872.06,875.73,834.3,842.95,80443382,stock
2024-04-10,NVDA,827.62,834.4,804.84,808.83,79254562,stock
2024-04-11,NVDA,788.33,794.82,778.12,780.49,78863773,stock
2024-04-12,NVDA,742.75,784.76,728.76,767.91,85811887,stock
2024-04-15,NVDA,751.61,772.4,742.09,759.11,86216838,stock
2024-04-16,NVDA,755.41,759.87,728.17,739.52,53015184,stock
2024-04-17,NVDA,694.45,710.25,691.44,707.29,33845004,stock
2024-04-18,NVDA,678.0,700.95,669.59,696.64,39325221,stock
2024-04-19,NVDA,714.92,717.49,699.37,701.64,85154234,stock
2024-04-22,NVDA,698.04,725.52,686.65,716.98,71195055,stock
2024-04-23,NVDA,725.24,730.83,694.9,703.69,29318692,stock
2024-04-24,NVDA,679.16,695.48,677.97,694.15,94062169,stock
2024-04-25,NVDA,657.78,676.83,652.55,672.53,57519198,stock
2024-04-26,NVDA,664.03,677.59,656.1,672.33,101550750,stock
2024-04-29,NVDA,644.71,663.06,637.79,653.18,80084833,stock
2024-04-30,NVDA,680.17,681.93,665.97,666.95,63075170,stock
2024-05-01,NVDA,611.6,646.74,603.08,627.04,71490438,stock
2024-05-02,NVDA,637.36,653.53,608.56,619.69,83524553,stock
2024-05-03,NVDA,636.03,648.15,619.56,626.76,25205298,stock
2024-05-06,NVDA,645.64,652.54,627.07,631.31,49504455,stock
2024-05-07,NVDA,705.76,715.78,683.89,694.26,90112452,stock
2024-05-08,NVDA,708.91,725.79,689.97,703.38,93691157,stock
2024-05-09,NVDA,677.49,694.65,665.13,679.63,63088355,stock
2024-05-10,NVDA,656.29,686.46,646.64,677.91,68813868,stock
2024-05-13,NVDA,636.42,653.8,619.44,637.56,88518526,stock
2024-05-14,NVDA,624.28,642.68,614.75,636.27,54986277,stock
2024-05-15,NVDA,625.06,626.81,615.57,618.48,86088685,stock
2024-05-16,NVDA,628.63,643.42,627.03,639.13,88486350,stock
2024-05-17,NVDA,622.93,633.29,612.55,627.45,77371475,stock
2024-05-20,NVDA,639.16,643.7,621.59,625.39,56287013,stock
2024-05-21,NVDA,624.75,639.33,603.01,612.12,62246919,stock
2024-05-22,NVDA,673.34,674.34,649.08,651.06,40944239,stock
2024-05-23,NVDA,632.33,648.29,629.71,644.29,43163482,stock
2024-05-24,NVDA,673.1,697.92,669.43,687.52,63193209,stock
2024-05-27,NVDA,684.21,715.12,665.38,707.96,37698171,stock
2024-05-28,NVDA,729.25,738.41,704.68,720.58,33850912,stock
2024-05-29,NVDA,709.95,735.93,707.39,730.53,54502301,stock
2024-05-30,NVDA,718.87,756.12,705.33,741.26,72955877,stock
2024-05-31,NVDA,680.81,694.94,679.3,693.45,77617450,stock
2024-06-03,NVDA,668.66,700.32,661.75,687.26,65959987,stock
2024-06-04,NVDA,706.74,714.33,692.26,708.46,36240580,stock
2024-06-05,NVDA,722.14,723.92,705.94,707.82,30576475,stock
2024-06-06,NVDA,685.02,705.83,658.79,674.39,75244675,stock
2024-06-07,NVDA,696.9,702.99,664.94,673.69,48770032,stock
2024-06-10,NVDA,700.35,733.37,685.98,715.67,38528751,stock
2024-06-11,NVDA,742.39,756.36,739.52,748.19,46963596,stock
2024-06-12,NVDA,732.12,754.76,716.8,747.17,60642005,stock
2024-06-13,NVDA,749.65,793.69,741.74,773.08,53534468,stock
2024-06-14,NVDA,763.54,783.91,751.01,763.84,52037159,stock
2024-06-17,NVDA,697.11,723.83,695.79,720.2,36226627,stock
2024-06-18,NVDA,719.02,736.38,684.97,697.82,60737720,stock
2024-06-19,NVDA,756.34,763.07,715.71,737.65,47473086,stock
2024-06-20,NVDA,711.57,735.88,702.53,731.19,67065596,stock
2024-06-21,NVDA,717.48,738.82,713.2,725.57,58123470,stock
2024-06-24,NVDA,709.12,726.46,705.12,718.57,58454926,stock
2024-06-25,NVDA,757.96,771.91,756.94,768.71,28602771,stock
2024-06-26,NVDA,794.6,820.08,788.2,814.37,19433005,stock
2024-06-27,NVDA,854.64,888.61,846.99,880.84,16729202,stock
2024-06-28,NVDA,866.08,899.85,839.08,876.65,58574933,stock
2024-07-01,NVDA,908.3,917.89,881.07,886.48,27278812,stock
2024-07-02,NVDA,864.2,868.08,837.17,841.32,51016721,stock
2024-07-03,NVDA,872.79,894.43,867.1,886.67,38796342,stock
2024-07-04,NVDA,870.42,886.98,834.68,851.84,44764914,stock
2024-07-05,NVDA,862.16,866.74,849.44,859.01,46791312,stock
2024-07-08,NVDA,851.56,853.26,825.01,827.31,25593799,stock
2024-07-09,NVDA,786.6,814.34,784.32,811.08,18436568,stock
2024-07-10,NVDA,786.59,795.23,777.6,788.29,24678718,stock
2024-07-11,NVDA,775.62,789.62,767.86,772.31,20427938,stock
2024-07-12,NVDA,762.15,778.12,745.88,758.48,14059478,stock
2024-07-15,NVDA,755.51,757.91,737.76,744.66,47401277,stock
2024-07-16,NVDA,793.61,796.6,758.27,767.31,23691351,stock
2024-07-17,NVDA,753.09,760.41,725.45,738.8,15128565,stock
2024-07-18,NVDA,753.82,756.29,740.78,745.12,25754567,stock
2024-07-19,NVDA,783.14,794.44,772.95,778.19,21842472,stock
2024-07-22,NVDA,744.85,777.39,728.18,764.95,30762903,stock
2024-07-23,NVDA,741.63,755.6,731.33,746.57,16866433,stock
2024-07-24,NVDA,748.46,750.33,736.52,741.16,16808217,stock
2024-07-25,NVDA,799.98,802.32,770.71,773.02,36262081,stock
2024-07-26,NVDA,763.54,784.05,760.04,778.91,34691205,stock
2024-07-29,NVDA,782.85,787.02,759.54,765.18,18779984,stock
2024-07-30,NVDA,791.1,795.74,773.85,778.87,22651344,stock
2024-07-31,NVDA,758.37,767.22,743.39,749.99,18196287,stock
2024-08-01,NVDA,752.93,777.29,736.99,768.71,40096183,stock
2024-08-02,NVDA,779.85,798.39,769.54,780.4,19497556,stock
2024-08-05,NVDA,754.19,783.23,743.09,772.66,35663262,stock
2024-08-06,NVDA,735.34,755.14,729.04,750.91,20140826,stock
2024-08-07,NVDA,742.27,745.75,723.68,728.55,12897905,stock
2024-08-08,NVDA,732.67,747.78,728.05,742.91,38398133,stock
2024-08-09,NVDA,801.36,810.97,762.67,776.18,24539625,stock
2024-08-12,NVDA,774.61,778.33,757.03,759.67,41656599,stock
2024-08-13,NVDA,780.24,785.23,766.03,772.57,22063547,stock
2024-08-14,NVDA,698.54,725.62,693.79,718.72,20028110,stock
2024-08-15,NVDA,683.17,715.36,680.03,704.73,38106274,stock
2024-08-16,NVDA,691.92,711.81,684.8,704.53,36569964,stock
2024-08-19,NVDA,703.29,716.84,672.85,683.0,40103240,stock
2024-08-20,NVDA,682.74,683.54,660.2,661.5,27020531,stock
2024-08-21,NVDA,624.17,651.55,620.28,646.74,19404479,stock
2024-08-22,NVDA,642.52,668.99,630.56,653.91,29089429,stock
2024-08-23,NVDA,671.12,681.41,642.49,650.15,21503975,stock
2024-08-26,NVDA,618.08,624.39,589.49,601.65,20764318,stock
2024-08-27,NVDA,560.33,569.36,550.78,559.06,26906463,stock
2024-08-28,NVDA,532.53,560.26,527.27,547.74,36007735,stock
2024-08-29,NVDA,553.62,562.12,552.3,557.03,30428822,stock
2024-08-30,NVDA,504.29,511.71,490.59,506.37,16559259,stock
2024-09-02,NVDA,489.5,500.62,488.01,497.99,39788866,stock
2024-09-03,NVDA,502.64,513.11,486.14,489.29,37812451,stock
2024-09-04,NVDA,499.44,518.67,491.63,514.06,32553497,stock
2024-09-05,NVDA,498.39,517.32,491.33,507.59,15127630,stock
2024-09-06,NVDA,523.09,536.23,506.59,514.85,40211881,stock
2024-09-09,NVDA,531.86,535.97,508.96,517.82,17136320,stock
2024-09-10,NVDA,464.16,488.72,454.49,480.99,33246194,stock
2024-09-11,NVDA,482.87,502.55,472.86,494.49,27831862,stock
2024-09-12,NVDA,487.9,508.98,483.23,498.64,11707287,stock
2024-09-13,NVDA,519.63,521.14,506.15,507.99,12280718,stock
2024-09-16,NVDA,588.13,590.38,575.5,583.29,33131169,stock
2024-09-17,NVDA,552.44,558.77,535.9,542.69,24149986,stock
2024-09-18,NVDA,590.39,595.09,569.71,576.92,16054383,stock
2024-09-19,NVDA,558.6,573.42,557.49,571.6,13411995,stock
2024-09-20,NVDA,560.58,580.18,558.17,577.84,33424127,stock
2024-09-23,NVDA,586.02,589.54,573.25,577.38,28220271,stock
2024-09-24,NVDA,572.98,590.52,557.23,569.33,21872344,stock
2024-09-25,NVDA,571.39,577.89,551.53,558.53,18281177,stock
2024-09-26,NVDA,552.49,573.87,547.11,565.46,21843164,stock
2024-09-27,NVDA,552.66,562.65,526.3,536.65,18016689,stock
2024-09-30,NVDA,561.9,565.71,549.55,551.38,31468078,stock
2024-10-01,NVDA,529.63,547.59,517.44,543.84,30166618,stock
2024-10-02,NVDA,525.36,533.56,511.73,523.17,36824961,stock
2024-10-03,NVDA,499.27,520.55,485.79,515.4,40356430,stock
2024-10-04,NVDA,522.07,543.95,518.54,539.02,14705281,stock
2024-10-07,NVDA,514.0,536.01,511.09,529.43,21725068,stock
2024-10-08,NVDA,548.87,551.44,530.08,536.55,43357549,stock
2024-10-09,NVDA,534.04,536.84,522.41,523.41,18046491,stock
2024-10-10,NVDA,534.98,544.33,532.58,537.91,41561204,stock
2024-10-11,NVDA,558.42,568.0,546.89,551.42,14116711,stock
2024-10-14,NVDA,569.27,589.98,568.89,588.75,44634757,stock
2024-10-15,NVDA,578.33,587.25,576.6,585.61,36394522,stock
2024-10-16,NVDA,586.95,602.95,586.09,599.95,44846225,stock
2024-10-17,NVDA,597.08,612.51,587.45,602.5,38200267,stock
2024-10-18,NVDA,652.53,659.88,618.91,630.96,46582050,stock
2022-01-03,GOOGL,128.38,129.14,127.98,128.28,43413388,stock
2022-01-04,GOOGL,130.74,130.97,129.67,130.14,14189062,stock
2022-01-05,GOOGL,127.37,130.55,127.11,129.7,22853935,stock
2022-01-06,GOOGL,128.82,129.98,128.41,129.58,33035825,stock
2022-01-07,GOOGL,129.38,130.8,128.81,129.85,18998716,stock
2022-01-10,GOOGL,129.16,130.92,128.5,130.51,27863846,stock
2022-01-11,GOOGL,131.67,132.72,129.77,130.26,42213426,stock
2022-01-12,GOOGL,128.61,131.45,127.73,130.83,48473398,stock
2022-01-13,GOOGL,135.46,136.77,134.52,134.86,39473132,stock
2022-01-14,GOOGL,139.74,141.42,136.82,137.45,16579222,stock
2022-01-17,GOOGL,137.37,140.06,136.87,139.78,49213741,stock
2022-01-18,GOOGL,138.91,139.3,138.48,138.61,40828792,stock
2022-01-19,GOOGL,138.18,138.5,135.45,136.33,35788738,stock
2022-01-20,GOOGL,138.95,140.2,136.86,138.87,37457526,stock
2022-01-21,GOOGL,140.0,141.41,139.87,141.24,45229292,stock
2022-01-24,GOOGL,144.16,145.92,142.95,145.3,44475589,stock
2022-01-25,GOOGL,143.18,144.36,142.35,143.68,33727672,stock
2022-01-26,GOOGL,142.38,144.7,141.1,143.1,24740151,stock
2022-01-27,GOOGL,140.22,140.5,137.8,138.75,52725691,stock
2022-01-28,GOOGL,140.29,140.8,137.27,137.76,49905271,stock
2022-01-31,GOOGL,142.39,142.88,139.34,140.44,26133764,stock
2022-02-01,GOOGL,138.39,140.66,137.57,139.24,60588363,stock
2022-02-02,GOOGL,138.43,141.65,137.19,140.99,35198839,stock
2022-02-03,GOOGL,139.4,141.18,138.55,140.52,39975962,stock
2022-02-04,GOOGL,142.89,144.85,140.19,141.43,42747703,stock
2022-02-07,GOOGL,136.73,139.89,136.04,138.42,63260192,stock
2022-02-08,GOOGL,140.43,140.79,137.63,138.69,18106578,stock
2022-02-09,GOOGL,128.86,132.66,128.15,131.06,61479150,stock
2022-02-10,GOOGL,131.95,132.33,129.97,130.64,29287888,stock
2022-02-11,GOOGL,127.7,128.2,126.32,126.69,23693133,stock
2022-02-14,GOOGL,127.67,130.04,127.33,129.67,52996314,stock
2022-02-15,GOOGL,131.86,133.25,130.9,131.64,46881073,stock
2022-02-16,GOOGL,131.32,133.49,130.42,132.85,33423163,stock
2022-02-17,GOOGL,138.77,139.52,136.12,136.78,66082320,stock
2022-02-18,GOOGL,134.95,136.38,132.47,134.38,34068469,stock
2022-02-21,GOOGL,138.76,139.7,138.1,138.96,45944853,stock
2022-02-22,GOOGL,143.59,144.08,140.66,141.48,60175302,stock
2022-02-23,GOOGL,138.37,141.65,136.17,140.89,23356823,stock
2022-02-24,GOOGL,144.54,145.16,143.75,144.01,37466848,stock
2022-02-25,GOOGL,142.14,142.74,140.43,141.05,69543230,stock
2022-02-28,GOOGL,140.09,140.42,138.78,138.9,50821807,stock
2022-03-01,GOOGL,136.66,138.04,136.4,137.35,20933081,stock
2022-03-02,GOOGL,133.8,136.33,133.15,136.02,59391251,stock
2022-03-03,GOOGL,133.55,133.92,132.85,133.35,43749699,stock
2022-03-04,GOOGL,136.98,138.77,135.36,136.53,27305713,stock
2022-03-07,GOOGL,138.18,139.52,134.71,135.9,22129037,stock
2022-03-08,GOOGL,136.0,137.58,135.62,136.85,69172531,stock
2022-03-09,GOOGL,137.26,138.08,134.25,135.42,40567322,stock
2022-03-10,GOOGL,132.49,133.86,129.26,130.85,36864446,stock
2022-03-11,GOOGL,131.04,132.33,129.88,131.57,20928318,stock
2022-03-14,GOOGL,125.06,127.45,123.6,126.91,19417748,stock
2022-03-15,GOOGL,125.3,127.19,125.05,126.78,29732076,stock
2022-03-16,GOOGL,125.37,125.67,122.58,123.57,20031201,stock
2022-03-17,GOOGL,128.14,128.66,127.63,128.36,24120732,stock
2022-03-18,GOOGL,129.24,131.29,128.9,130.64,64187658,stock
2022-03-21,GOOGL,129.37,131.88,128.53,130.94,65979065,stock
2022-03-22,GOOGL,134.48,135.65,133.28,134.17,73720267,stock
2022-03-23,GOOGL,131.01,134.14,130.39,132.06,35716875,stock
2022-03-24,GOOGL,134.97,136.5,132.19,133.48,37923412,stock
2022-03-25,GOOGL,135.87,136.67,133.34,134.02,48403888,stock
2022-03-28,GOOGL,133.26,135.63,132.4,134.74,25708728,stock
2022-03-29,GOOGL,137.4,138.51,137.27,138.08,64975014,stock
2022-03-30,GOOGL,142.68,143.69,139.67,140.05,35022286,stock
2022-03-31,GOOGL,143.19,144.5,139.92,140.87,33107475,stock
2022-04-01,GOOGL,136.04,138.01,134.62,136.55,71763305,stock
2022-04-04,GOOGL,134.75,135.83,132.98,134.12,55670302,stock
2022-04-05,GOOGL,134.57,136.32,132.12,133.85,56716946,stock
2022-04-06,GOOGL,135.93,136.48,132.88,134.12,26871849,stock
2022-04-07,GOOGL,131.71,133.15,129.99,131.31,26945030,stock
2022-04-08,GOOGL,136.44,138.84,134.96,137.51,50594266,stock
2022-04-11,GOOGL,143.49,145.62,139.56,141.57,24719144,stock
2022-04-12,GOOGL,144.92,145.8,141.32,143.25,62002606,stock
2022-04-13,GOOGL,143.83,145.17,143.15,143.49,53300548,stock
2022-04-14,GOOGL,143.27,143.4,142.66,142.95,44008117,stock
2022-04-15,GOOGL,142.52,143.46,139.98,140.43,30509855,stock
2022-04-18,GOOGL,143.33,143.96,139.55,140.68,36525971,stock
2022-04-19,GOOGL,143.61,144.97,139.67,141.41,47178363,stock
2022-04-20,GOOGL,138.48,138.87,136.58,138.16,34065604,stock
2022-04-21,GOOGL,138.26,139.27,138.0,139.08,72260585,stock
2022-04-22,GOOGL,139.06,140.38,138.17,138.71,62332539,stock
2022-04-25,GOOGL,133.34,135.49,132.02,133.81,26200582,stock
2022-04-26,GOOGL,129.65,132.81,128.49,131.68,36881327,stock
2022-04-27,GOOGL,132.79,133.42,129.6,130.69,61883469,stock
2022-04-28,GOOGL,137.21,137.71,135.05,135.5,61552520,stock
2022-04-29,GOOGL,136.14,137.97,135.83,136.99,63230315,stock
2022-05-02,GOOGL,133.08,134.25,131.71,133.59,59195702,stock
2022-05-03,GOOGL,133.7,136.92,131.74,134.87,62082787,stock
2022-05-04,GOOGL,132.26,132.4,130.5,131.01,44896495,stock
2022-05-05,GOOGL,135.84,136.69,132.11,133.77,23731910,stock
2022-05-06,GOOGL,132.05,133.51,131.39,132.62,27621660,stock
2022-05-09,GOOGL,134.05,135.48,132.05,132.42,66694940,stock
2022-05-10,GOOGL,133.55,136.69,133.24,135.84,49954521,stock
2022-05-11,GOOGL,133.8,133.91,132.34,132.6,26321724,stock
2022-05-12,GOOGL,127.67,130.27,126.75,129.16,38150071,stock
2022-05-13,GOOGL,128.89,129.13,127.51,127.78,17830577,stock
2022-05-16,GOOGL,130.08,130.95,129.62,130.36,53002580,stock
2022-05-17,GOOGL,124.96,127.35,123.84,126.69,50490773,stock
2022-05-18,GOOGL,119.38,121.04,118.97,120.09,60176475,stock
2022-05-19,GOOGL,120.58,122.19,117.48,119.1,65176880,stock
2022-05-20,GOOGL,122.37,122.73,119.22,120.39,17515159,stock
2022-05-23,GOOGL,124.02,124.93,121.05,123.21,25961846,stock
2022-05-24,GOOGL,120.26,122.54,119.1,122.16,33485912,stock
2022-05-25,GOOGL,119.88,123.27,118.75,121.25,38475087,stock
2022-05-26,GOOGL,123.8,124.78,121.6,123.97,59160502,stock
2022-05-27,GOOGL,117.76,120.22,116.94,119.68,26106517,stock
2022-05-30,GOOGL,120.31,121.41,118.33,118.84,37549736,stock
2022-05-31,GOOGL,121.46,122.15,118.82,119.3,36282692,stock
2022-06-01,GOOGL,120.57,121.49,118.97,120.36,48785869,stock
2022-06-02,GOOGL,119.59,119.74,118.68,119.24,28629310,stock
2022-06-03,GOOGL,120.79,121.0,119.19,119.35,17462245,stock
2022-06-06,GOOGL,114.66,115.64,113.29,113.87,38850063,stock
2022-06-07,GOOGL,114.22,115.81,111.29,112.49,37552336,stock
2022-06-08,GOOGL,111.67,115.23,110.25,113.5,53201101,stock
2022-06-09,GOOGL,111.81,113.47,110.89,111.43,22897318,stock
2022-06-10,GOOGL,113.6,114.02,110.81,111.59,45947365,stock
2022-06-13,GOOGL,113.57,114.39,112.12,112.58,32331964,stock
2022-06-14,GOOGL,113.47,114.61,110.25,111.88,49768881,stock
2022-06-15,GOOGL,113.05,113.33,112.14,112.28,23429883,stock
2022-06-16,GOOGL,112.2,112.56,108.92,110.28,37998181,stock
2022-06-17,GOOGL,109.58,111.05,108.01,109.88,32071107,stock
2022-06-20,GOOGL,110.78,112.68,110.17,111.19,29754216,stock
2022-06-21,GOOGL,110.06,112.99,109.22,111.56,13366827,stock
2022-06-22,GOOGL,108.61,111.45,108.18,110.35,37890963,stock
2022-06-23,GOOGL,109.42,111.73,108.77,110.86,38624542,stock
2022-06-24,GOOGL,111.7,112.71,111.41,112.41,39206409,stock
2022-06-27,GOOGL,106.71,108.4,105.99,108.15,48233865,stock
2022-06-28,GOOGL,110.88,111.07,110.38,110.59,29627214,stock
2022-06-29,GOOGL,107.99,110.83,106.89,109.92,22288070,stock
2022-06-30,GOOGL,111.3,111.76,110.16,110.84,12779589,stock
2022-07-01,GOOGL,115.12,115.25,113.16,113.43,13257084,stock
2022-07-04,GOOGL,111.51,112.51,109.67,110.54,46620308,stock
2022-07-05,GOOGL,109.89,110.71,108.51,109.09,16294348,stock
2022-07-06,GOOGL,107.86,109.99,106.73,108.53,33416127,stock
2022-07-07,GOOGL,106.08,107.75,105.18,106.96,27094572,stock
2022-07-08,GOOGL,112.31,113.64,109.61,110.58,23320646,stock
2022-07-11,GOOGL,110.46,110.77,108.52,108.82,17641104,stock
2022-07-12,GOOGL,108.35,108.72,106.58,107.71,19994637,stock
2022-07-13,GOOGL,110.07,110.49,107.0,108.16,42365188,stock
2022-07-14,GOOGL,105.88,106.46,105.39,105.75,30597674,stock
2022-07-15,GOOGL,105.02,106.45,104.4,104.99,36806900,stock
2022-07-18,GOOGL,105.97,106.46,105.0,105.66,34937615,stock
2022-07-19,GOOGL,105.75,105.99,104.18,105.02,31130202,stock
2022-07-20,GOOGL,104.35,106.11,102.87,104.87,30123279,stock
2022-07-21,GOOGL,104.86,105.75,102.49,103.85,19815527,stock
2022-07-22,GOOGL,99.17,101.68,98.83,100.94,36209589,stock
2022-07-25,GOOGL,102.54,103.02,101.36,101.59,14932959,stock
2022-07-26,GOOGL,104.9,105.66,104.54,105.06,33092319,stock
2022-07-27,GOOGL,103.87,105.66,102.6,105.13,28599157,stock
2022-07-28,GOOGL,107.0,108.29,104.27,105.61,15401021,stock
2022-07-29,GOOGL,107.23,109.01,105.77,107.04,11926597,stock
2022-08-01,GOOGL,103.57,105.24,102.68,104.52,14005881,stock
2022-08-02,GOOGL,108.91,110.44,107.44,107.99,33946541,stock
2022-08-03,GOOGL,110.37,110.7,107.52,108.44,14528779,stock
2022-08-04,GOOGL,111.22,112.96,110.05,111.89,11241461,stock
2022-08-05,GOOGL,112.22,112.74,108.96,110.38,17878679,stock
2022-08-08,GOOGL,114.92,115.13,113.97,114.29,32192571,stock
2022-08-09,GOOGL,113.88,116.64,113.08,116.02,25079268,stock
2022-08-10,GOOGL,116.05,117.95,114.72,117.28,11064444,stock
2022-08-11,GOOGL,117.89,118.96,116.33,117.84,10751330,stock
2022-08-12,GOOGL,117.25,117.61,116.49,117.32,24658439,stock
2022-08-15,GOOGL,119.01,120.4,117.74,120.06,12740960,stock
2022-08-16,GOOGL,119.62,120.93,119.2,120.42,15295638,stock
2022-08-17,GOOGL,117.04,117.29,115.59,116.04,26286679,stock
2022-08-18,GOOGL,115.13,115.85,113.17,113.63,17131466,stock
2022-08-19,GOOGL,111.31,115.08,110.54,113.27,26284499,stock
2022-08-22,GOOGL,114.59,115.05,112.44,113.97,24776359,stock
2022-08-23,GOOGL,113.25,114.08,113.01,113.88,27867836,stock
2022-08-24,GOOGL,116.99,117.29,116.45,116.58,22916303,stock
2022-08-25,GOOGL,112.28,112.59,112.12,112.37,25047419,stock
2022-08-26,GOOGL,114.24,114.85,112.3,112.72,9889523,stock
2022-08-29,GOOGL,110.2,110.94,108.45,108.92,8153249,stock
2022-08-30,GOOGL,111.68,112.21,109.81,110.54,16137479,stock
2022-08-31,GOOGL,109.53,110.73,108.89,110.37,13699185,stock
2022-09-01,GOOGL,112.31,112.97,110.72,111.29,13606983,stock
2022-09-02,GOOGL,111.44,112.56,108.9,109.51,20968428,stock
2022-09-05,GOOGL,110.87,112.67,109.5,112.24,24728092,stock
2022-09-06,GOOGL,115.88,117.02,113.53,114.52,9260710,stock
2022-09-07,GOOGL,117.51,117.96,114.22,115.83,13822411,stock
2022-09-08,GOOGL,116.23,116.51,114.88,115.58,9034140,stock
2022-09-09,GOOGL,118.6,120.31,115.23,116.89,23230910,stock
2022-09-12,GOOGL,113.2,115.57,113.11,115.37,10329355,stock
2022-09-13,GOOGL,117.54,118.07,116.87,117.3,12172835,stock
2022-09-14,GOOGL,121.18,122.19,119.73,121.07,25286543,stock
2022-09-15,GOOGL,123.59,124.74,122.29,123.59,10530420,stock
2022-09-16,GOOGL,122.56,123.23,120.77,121.93,18451072,stock
2022-09-19,GOOGL,120.5,123.1,120.13,122.8,20201422,stock
2022-09-20,GOOGL,119.26,120.09,118.65,119.86,16154313,stock
2022-09-21,GOOGL,119.7,122.42,118.07,121.21,20094563,stock
2022-09-22,GOOGL,120.25,122.53,120.04,122.28,22028726,stock
2022-09-23,GOOGL,117.18,118.14,117.02,118.05,6402153,stock
2022-09-26,GOOGL,114.39,115.7,114.24,115.51,19710085,stock
2022-09-27,GOOGL,112.85,115.31,112.17,114.92,15995132,stock
2022-09-28,GOOGL,114.11,114.68,113.7,114.3,15294138,stock
2022-09-29,GOOGL,112.79,113.22,111.13,111.74,15398013,stock
2022-09-30,GOOGL,114.15,115.09,112.15,112.6,17987488,stock
2022-10-03,GOOGL,114.36,115.27,112.48,113.18,23376678,stock
2022-10-04,GOOGL,113.78,114.45,111.95,112.79,9802680,stock
2022-10-05,GOOGL,109.62,111.84,109.34,111.22,19519807,stock
2022-10-06,GOOGL,114.73,115.24,112.87,113.49,19003479,stock
2022-10-07,GOOGL,119.18,121.22,116.16,117.15,9778505,stock
2022-10-10,GOOGL,116.41,117.38,115.01,116.12,23630616,stock
2022-10-11,GOOGL,115.82,117.58,113.29,114.81,17987191,stock
2022-10-12,GOOGL,114.76,116.89,114.17,115.92,9861152,stock
2022-10-13,GOOGL,116.05,116.66,114.15,115.17,24410694,stock
2022-10-14,GOOGL,115.14,115.44,114.54,114.9,16486659,stock
2022-10-17,GOOGL,117.61,119.0,115.98,116.56,23085299,stock
2022-10-18,GOOGL,114.33,114.86,112.1,112.44,11984924,stock
2022-10-19,GOOGL,116.53,117.79,113.9,115.33,10587663,stock
2022-10-20,GOOGL,116.95,117.96,114.89,115.52,10826415,stock
2022-10-21,GOOGL,112.78,114.8,112.54,114.65,25963686,stock
2022-10-24,GOOGL,114.61,115.31,114.15,114.49,17512696,stock
2022-10-25,GOOGL,113.69,115.76,112.42,114.45,26839746,stock
2022-10-26,GOOGL,109.3,111.39,108.72,110.78,9393391,stock
2022-10-27,GOOGL,96.52,98.16,95.18,96.9,19395952,stock
2022-10-28,GOOGL,98.42,98.63,96.67,97.01,20937661,stock
2022-10-31,GOOGL,99.29,100.37,96.79,97.86,20349239,stock
2022-11-01,GOOGL,98.58,100.32,97.95,99.67,16114684,stock
2022-11-02,GOOGL,96.61,98.55,96.06,97.79,9120805,stock
2022-11-03,GOOGL,99.64,101.25,97.39,98.7,12548958,stock
2022-11-04,GOOGL,97.49,98.88,96.99,98.23,27271202,stock
2022-11-07,GOOGL,100.13,100.61,99.43,99.85,28134974,stock
2022-11-08,GOOGL,94.87,96.31,94.41,95.92,29312269,stock
2022-11-09,GOOGL,94.5,95.96,94.27,95.77,26308286,stock
2022-11-10,GOOGL,94.16,94.96,93.65,94.71,20358319,stock
2022-11-11,GOOGL,96.37,96.82,94.65,95.52,13478797,stock
2022-11-14,GOOGL,96.1,96.55,96.01,96.41,23920778,stock
2022-11-15,GOOGL,96.84,96.96,95.06,95.15,12677413,stock
2022-11-16,GOOGL,92.85,94.04,92.5,93.9,27450641,stock
2022-11-17,GOOGL,93.61,94.42,93.38,93.73,25299143,stock
2022-11-18,GOOGL,90.73,92.57,90.02,92.17,12648033,stock
2022-11-21,GOOGL,92.34,94.09,92.05,93.69,29284806,stock
2022-11-22,GOOGL,94.56,95.57,91.88,93.06,14942381,stock
2022-11-23,GOOGL,88.85,89.11,87.35,88.09,21821321,stock
2022-11-24,GOOGL,87.61,88.12,87.09,87.49,35030679,stock
2022-11-25,GOOGL,86.7,87.09,84.7,85.8,18070387,stock
2022-11-28,GOOGL,82.53,83.5,82.27,83.21,28557562,stock
2022-11-29,GOOGL,80.8,81.38,80.51,81.3,39744738,stock
2022-11-30,GOOGL,80.83,81.62,80.48,81.49,28342980,stock
2022-12-01,GOOGL,83.18,84.75,82.27,83.6,36464553,stock
2022-12-02,GOOGL,84.9,85.12,83.87,84.13,17276020,stock
2022-12-05,GOOGL,83.49,83.83,82.34,83.19,26534400,stock
2022-12-06,GOOGL,82.65,84.16,82.58,83.94,19738202,stock
2022-12-07,GOOGL,82.79,83.6,82.4,83.23,21048066,stock
2022-12-08,GOOGL,81.27,82.49,79.88,82.17,40707679,stock
2022-12-09,GOOGL,78.96,81.63,77.79,80.41,25534289,stock
2022-12-12,GOOGL,76.8,78.05,76.41,77.8,13479924,stock
2022-12-13,GOOGL,75.96,77.99,75.03,77.25,26534238,stock
2022-12-14,GOOGL,76.1,78.0,75.71,77.5,21619240,stock
2022-12-15,GOOGL,78.56,79.05,76.97,77.38,42666667,stock
2022-12-16,GOOGL,77.34,78.22,76.33,76.8,37675067,stock
2022-12-19,GOOGL,74.74,75.62,74.36,75.45,45389124,stock
2022-12-20,GOOGL,76.34,77.01,75.84,76.35,25993125,stock
2022-12-21,GOOGL,73.95,74.81,73.23,74.49,37890067,stock
2022-12-22,GOOGL,75.25,76.39,74.76,75.62,21999512,stock
2022-12-23,GOOGL,73.1,74.88,72.79,74.21,29499263,stock
2022-12-26,GOOGL,73.33,73.59,72.92,73.18,32969394,stock
2022-12-27,GOOGL,69.91,71.4,69.72,71.19,34925393,stock
2022-12-28,GOOGL,70.27,70.78,70.19,70.54,19724837,stock
2022-12-29,GOOGL,72.0,72.49,71.21,71.88,40436693,stock
2022-12-30,GOOGL,71.64,72.77,71.08,72.61,53289749,stock
2023-01-02,GOOGL,73.89,74.37,73.65,73.99,32407397,stock
2023-01-03,GOOGL,74.64,74.94,74.52,74.75,15882622,stock
2023-01-04,GOOGL,72.84,73.99,72.32,73.22,26690209,stock
2023-01-05,GOOGL,71.89,73.66,71.64,72.79,38255055,stock
2023-01-06,GOOGL,71.82,72.07,71.55,71.74,32667635,stock
2023-01-09,GOOGL,72.91,73.75,72.7,73.6,14728187,stock
2023-01-10,GOOGL,72.43,72.8,71.81,71.96,32316065,stock
2023-01-11,GOOGL,74.38,75.03,72.74,73.22,34185455,stock
2023-01-12,GOOGL,75.41,75.58,74.04,74.49,38421671,stock
2023-01-13,GOOGL,77.74,78.46,76.87,77.15,59369934,stock
2023-01-16,GOOGL,76.36,76.89,76.03,76.58,42105315,stock
2023-01-17,GOOGL,78.51,78.79,76.86,77.64,46047956,stock
2023-01-18,GOOGL,80.34,81.19,80.08,81.11,42698671,stock
2023-01-19,GOOGL,81.53,81.76,79.47,80.18,51122838,stock
2023-01-20,GOOGL,78.29,78.83,77.64,77.9,27544655,stock
2023-01-23,GOOGL,73.95,76.37,73.62,75.19,44997907,stock
2023-01-24,GOOGL,77.13,77.49,75.53,76.24,55514062,stock
2023-01-25,GOOGL,73.29,74.48,71.99,73.58,47099140,stock
2023-01-26,GOOGL,72.25,73.73,71.53,73.09,55998002,stock
2023-01-27,GOOGL,73.88,74.16,73.37,73.72,35187754,stock
2023-01-30,GOOGL,73.2,74.13,73.13,74.0,40297153,stock
2023-01-31,GOOGL,73.87,74.8,73.63,74.62,25769211,stock
2023-02-01,GOOGL,76.29,77.1,74.22,74.96,46041880,stock
2023-02-02,GOOGL,78.27,79.03,76.54,76.83,52859482,stock
2023-02-03,GOOGL,74.51,76.19,73.2,75.47,50599432,stock
2023-02-06,GOOGL,74.44,74.66,74.25,74.53,44781926,stock
2023-02-07,GOOGL,72.32,73.56,72.19,73.47,51490923,stock
2023-02-08,GOOGL,75.52,75.67,74.6,74.66,65566775,stock
2023-02-09,GOOGL,77.25,78.39,75.44,75.97,53081490,stock
2023-02-10,GOOGL,76.85,77.62,75.61,76.64,58392208,stock
2023-02-13,GOOGL,77.36,78.64,76.6,78.41,68322320,stock
2023-02-14,GOOGL,76.81,77.59,75.61,76.7,66830127,stock
2023-02-15,GOOGL,80.14,80.9,78.35,79.19,67170646,stock
2023-02-16,GOOGL,80.93,81.98,79.8,81.54,41976795,stock
2023-02-17,GOOGL,82.26,83.57,80.93,82.71,48601752,stock
2023-02-20,GOOGL,85.61,86.07,85.41,85.59,27302182,stock
2023-02-21,GOOGL,82.2,83.27,81.44,82.96,43706164,stock
2023-02-22,GOOGL,83.23,83.52,81.99,82.16,22761438,stock
2023-02-23,GOOGL,79.79,81.76,79.52,81.05,26813020,stock
2023-02-24,GOOGL,82.73,83.68,81.01,82.19,51120449,stock
2023-02-27,GOOGL,81.83,82.07,79.99,80.59,39865627,stock
2023-02-28,GOOGL,82.31,83.61,80.7,81.78,21130439,stock
2023-03-01,GOOGL,83.5,84.17,83.39,83.97,62116745,stock
2023-03-02,GOOGL,84.86,85.75,84.55,85.11,68324733,stock
2023-03-03,GOOGL,84.54,86.07,83.52,85.59,56897038,stock
2023-03-06,GOOGL,83.49,84.52,83.21,84.03,70386254,stock
2023-03-07,GOOGL,83.84,84.57,82.0,82.71,28729915,stock
2023-03-08,GOOGL,85.96,87.0,83.88,84.72,34441852,stock
2023-03-09,GOOGL,85.63,86.44,85.19,86.01,52894744,stock
2023-03-10,GOOGL,85.82,86.09,85.76,85.98,19331117,stock
2023-03-13,GOOGL,84.03,85.64,83.04,85.32,38650643,stock
2023-03-14,GOOGL,83.14,83.79,81.34,82.12,25741785,stock
2023-03-15,GOOGL,80.72,81.44,80.17,80.49,48776985,stock
2023-03-16,GOOGL,83.5,84.15,82.64,83.5,26471117,stock
2023-03-17,GOOGL,81.45,82.06,81.01,81.51,43786518,stock
2023-03-20,GOOGL,81.6,82.52,81.35,81.83,35619357,stock
2023-03-21,GOOGL,84.48,84.82,83.03,83.44,59512194,stock
2023-03-22,GOOGL,82.29,82.75,80.91,81.5,74889024,stock
2023-03-23,GOOGL,82.48,82.87,81.3,81.81,59178727,stock
2023-03-24,GOOGL,82.8,84.72,82.47,83.3,33011558,stock
2023-03-27,GOOGL,82.06,83.8,81.22,83.35,19931915,stock
2023-03-28,GOOGL,89.4,89.6,87.84,88.04,26786157,stock
2023-03-29,GOOGL,84.02,85.5,83.93,85.32,29470235,stock
2023-03-30,GOOGL,85.52,87.5,85.19,87.08,22156442,stock
2023-03-31,GOOGL,86.77,88.03,85.73,86.82,61677685,stock
2023-04-03,GOOGL,87.32,88.39,87.0,88.13,53656065,stock
2023-04-04,GOOGL,90.44,91.24,87.99,88.9,44164861,stock
2023-04-05,GOOGL,86.35,87.96,85.93,87.7,47121339,stock
2023-04-06,GOOGL,89.07,90.52,86.94,88.11,69227470,stock
2023-04-07,GOOGL,86.52,87.22,84.32,85.08,48049482,stock
2023-04-10,GOOGL,85.26,87.41,84.56,86.08,52309415,stock
2023-04-11,GOOGL,88.01,88.44,86.22,86.6,67149575,stock
2023-04-12,GOOGL,87.15,87.82,86.99,87.68,54221697,stock
2023-04-13,GOOGL,89.87,90.18,89.2,89.49,21317846,stock
2023-04-14,GOOGL,90.07,90.75,89.12,90.14,38732766,stock
2023-04-17,GOOGL,89.91,90.75,89.58,90.42,54835484,stock
2023-04-18,GOOGL,90.07,90.27,88.69,88.95,61306284,stock
2023-04-19,GOOGL,87.16,88.05,86.76,87.78,24561290,stock
2023-04-20,GOOGL,88.99,90.3,88.75,89.81,43603705,stock
2023-04-21,GOOGL,92.65,92.87,92.19,92.32,24864899,stock
2023-04-24,GOOGL,92.21,92.57,91.48,91.93,37416465,stock
2023-04-25,GOOGL,93.32,93.98,91.41,92.04,46681643,stock
2023-04-26,GOOGL,90.49,90.71,89.76,90.5,31059016,stock
2023-04-27,GOOGL,93.59,93.7,92.43,92.56,36175756,stock
2023-04-28,GOOGL,93.2,95.05,92.28,93.77,57531446,stock
2023-05-01,GOOGL,96.65,97.6,96.04,97.32,58347136,stock
2023-05-02,GOOGL,94.4,95.99,94.26,95.74,57657681,stock
2023-05-03,GOOGL,96.11,97.53,94.52,95.08,38048544,stock
2023-05-04,GOOGL,93.91,96.23,93.29,95.53,47317116,stock
2023-05-05,GOOGL,106.51,108.86,106.01,108.35,24633776,stock
2023-05-08,GOOGL,106.61,108.2,106.02,107.94,56069641,stock
2023-05-09,GOOGL,107.74,108.5,105.61,106.2,36133788,stock
2023-05-10,GOOGL,108.49,109.32,107.56,108.02,24909173,stock
2023-05-11,GOOGL,107.88,110.32,106.36,109.55,40533794,stock
2023-05-12,GOOGL,107.82,109.03,106.68,107.69,18902976,stock
2023-05-15,GOOGL,112.54,112.9,109.57,110.53,40502938,stock
2023-05-16,GOOGL,113.95,114.97,112.74,113.05,57108244,stock
2023-05-17,GOOGL,113.78,114.36,113.03,113.37,52449694,stock
2023-05-18,GOOGL,114.88,115.05,113.27,113.58,34473226,stock
2023-05-19,GOOGL,113.35,115.48,113.14,114.81,48991279,stock
2023-05-22,GOOGL,111.07,114.23,110.3,112.98,49881936,stock
2023-05-23,GOOGL,111.91,113.64,111.12,113.08,32516332,stock
2023-05-24,GOOGL,106.72,109.62,105.13,108.58,43390008,stock
2023-05-25,GOOGL,109.45,111.02,109.03,110.44,20256450,stock
2023-05-26,GOOGL,108.27,109.02,106.11,107.24,30535368,stock
2023-05-29,GOOGL,112.27,112.66,109.16,110.38,33150182,stock
2023-05-30,GOOGL,109.17,110.32,108.78,109.73,20608708,stock
2023-05-31,GOOGL,110.9,111.08,108.72,109.32,20756780,stock
2023-06-01,GOOGL,107.84,109.31,106.77,108.05,45067663,stock
2023-06-02,GOOGL,108.24,109.64,105.79,107.5,17427347,stock
2023-06-05,GOOGL,111.62,112.49,110.04,110.47,25833842,stock
2023-06-06,GOOGL,106.37,107.18,105.09,105.4,48945523,stock
2023-06-07,GOOGL,107.53,108.44,107.2,108.02,32560655,stock
2023-06-08,GOOGL,109.39,109.78,107.39,108.75,37444499,stock
2023-06-09,GOOGL,105.29,106.53,104.85,106.31,38133728,stock
2023-06-12,GOOGL,104.63,104.89,104.07,104.2,40944277,stock
2023-06-13,GOOGL,106.15,108.41,105.7,107.6,45395264,stock
2023-06-14,GOOGL,103.76,107.31,102.15,105.72,42568064,stock
2023-06-15,GOOGL,103.51,104.69,102.67,103.46,30281398,stock
2023-06-16,GOOGL,107.37,108.04,105.38,105.75,18723038,stock
2023-06-19,GOOGL,108.15,108.84,106.17,106.46,27820075,stock
2023-06-20,GOOGL,103.46,105.67,102.64,104.61,14413920,stock
2023-06-21,GOOGL,103.95,106.07,103.11,105.08,12432493,stock
2023-06-22,GOOGL,104.08,105.28,102.03,103.08,20195785,stock
2023-06-23,GOOGL,103.88,106.02,103.1,105.29,34511239,stock
2023-06-26,GOOGL,108.43,109.96,106.28,107.47,25988471,stock
2023-06-27,GOOGL,108.65,109.08,107.39,108.59,34593338,stock
2023-06-28,GOOGL,111.42,111.59,109.12,109.37,15536663,stock
2023-06-29,GOOGL,112.16,113.79,111.79,113.13,23345811,stock
2023-06-30,GOOGL,111.4,113.44,111.16,113.16,35048950,stock
2023-07-03,GOOGL,109.64,111.08,108.74,110.68,37248138,stock
2023-07-04,GOOGL,112.06,112.54,111.09,111.66,28417990,stock
2023-07-05,GOOGL,118.31,118.8,115.86,116.21,25904977,stock
2023-07-06,GOOGL,115.4,116.38,113.36,114.03,40357853,stock
2023-07-07,GOOGL,113.35,113.64,112.45,113.28,37996367,stock
2023-07-10,GOOGL,112.57,114.73,112.44,114.22,16781359,stock
2023-07-11,GOOGL,112.04,115.61,111.04,114.13,22531632,stock
2023-07-12,GOOGL,113.8,114.1,111.71,112.06,29085175,stock
2023-07-13,GOOGL,115.82,116.6,113.82,114.51,9830595,stock
2023-07-14,GOOGL,118.77,119.93,118.38,119.7,17496484,stock
2023-07-17,GOOGL,118.98,121.55,116.98,120.18,27257590,stock
2023-07-18,GOOGL,116.31,119.11,115.94,118.17,22296888,stock
2023-07-19,GOOGL,115.88,116.84,114.01,114.78,14231771,stock
2023-07-20,GOOGL,116.99,117.57,114.62,115.38,29832700,stock
2023-07-21,GOOGL,116.51,118.16,116.43,117.86,30593291,stock
2023-07-24,GOOGL,117.53,119.51,116.6,118.96,32953441,stock
2023-07-25,GOOGL,119.39,120.59,118.43,118.99,8979957,stock
2023-07-26,GOOGL,117.42,119.3,116.22,117.71,18955926,stock
2023-07-27,GOOGL,113.19,115.65,112.76,115.32,15650449,stock
2023-07-28,GOOGL,115.38,117.6,114.92,117.2,13622840,stock
2023-07-31,GOOGL,120.68,121.23,119.05,119.29,22812268,stock
2023-08-01,GOOGL,116.27,117.95,114.69,115.87,20337512,stock
2023-08-02,GOOGL,120.7,120.97,119.28,119.46,20665368,stock
2023-08-03,GOOGL,119.16,121.36,118.58,120.81,22099297,stock
2023-08-04,GOOGL,124.6,125.13,123.7,124.1,19946038,stock
2023-08-07,GOOGL,121.1,122.11,120.59,121.01,19451990,stock
2023-08-08,GOOGL,118.58,119.92,117.53,117.95,8107814,stock
2023-08-09,GOOGL,117.33,118.56,115.71,117.65,19866268,stock
2023-08-10,GOOGL,116.66,120.2,116.04,118.81,27765458,stock
2023-08-11,GOOGL,124.76,125.23,122.7,122.98,25426915,stock
2023-08-14,GOOGL,125.04,126.43,124.11,124.67,7399734,stock
2023-08-15,GOOGL,124.39,124.86,121.93,124.14,25884806,stock
2023-08-16,GOOGL,120.11,122.05,119.51,121.78,13924082,stock
2023-08-17,GOOGL,126.86,127.41,124.15,124.69,21418736,stock
2023-08-18,GOOGL,120.78,123.19,119.65,122.47,22805143,stock
2023-08-21,GOOGL,127.18,127.63,126.02,126.35,12409714,stock
2023-08-22,GOOGL,126.15,127.65,124.84,125.71,10230726,stock
2023-08-23,GOOGL,131.79,132.08,129.19,129.61,15558932,stock
2023-08-24,GOOGL,133.23,135.17,130.47,131.33,21003537,stock
2023-08-25,GOOGL,129.19,131.8,128.76,131.03,12278190,stock
2023-08-28,GOOGL,131.43,132.05,128.65,129.78,8942549,stock
2023-08-29,GOOGL,127.22,130.84,126.17,128.98,22496754,stock
2023-08-30,GOOGL,127.69,131.53,127.23,130.07,14081257,stock
2023-08-31,GOOGL,132.27,133.5,128.08,130.3,15157661,stock
2023-09-01,GOOGL,127.1,129.56,126.65,128.88,9726023,stock
2023-09-04,GOOGL,128.8,129.11,127.99,128.51,21251252,stock
2023-09-05,GOOGL,126.73,128.95,126.41,128.74,21732873,stock
2023-09-06,GOOGL,124.56,125.09,123.41,123.68,8848434,stock
2023-09-07,GOOGL,124.27,125.91,123.17,124.8,21212423,stock
2023-09-08,GOOGL,122.44,122.79,121.93,122.53,16816971,stock
2023-09-11,GOOGL,121.96,122.41,118.8,119.91,24533708,stock
2023-09-12,GOOGL,117.68,119.01,115.74,116.16,21555280,stock
2023-09-13,GOOGL,110.96,112.42,110.56,112.3,20203806,stock
2023-09-14,GOOGL,110.8,111.37,109.31,109.48,16949390,stock
2023-09-15,GOOGL,106.13,108.21,105.79,108.05,12169748,stock
2023-09-18,GOOGL,114.11,114.24,111.93,112.17,24897627,stock
2023-09-19,GOOGL,111.1,111.46,110.8,111.09,12481661,stock
2023-09-20,GOOGL,112.81,113.07,110.96,111.49,15198982,stock
2023-09-21,GOOGL,112.69,113.92,111.65,112.38,8848131,stock
2023-09-22,GOOGL,114.65,115.27,112.29,112.69,20384486,stock
2023-09-25,GOOGL,113.82,115.08,111.92,112.56,15519621,stock
2023-09-26,GOOGL,111.37,111.83,108.47,110.07,20464193,stock
2023-09-27,GOOGL,112.14,113.28,111.94,113.18,17404837,stock
2023-09-28,GOOGL,115.93,117.68,115.08,117.17,12339318,stock
2023-09-29,GOOGL,114.74,116.38,112.36,113.51,16912421,stock
2023-10-02,GOOGL,110.27,113.06,109.66,111.36,17162526,stock
2023-10-03,GOOGL,109.85,111.45,109.61,110.8,15287174,stock
2023-10-04,GOOGL,109.02,109.64,108.21,108.82,24758775,stock
2023-10-05,GOOGL,109.92,111.17,108.0,109.91,13291591,stock
2023-10-06,GOOGL,110.16,110.73,107.95,108.43,24380830,stock
2023-10-09,GOOGL,111.46,113.26,110.98,113.02,16211675,stock
2023-10-10,GOOGL,114.66,115.91,114.1,115.64,20049152,stock
2023-10-11,GOOGL,115.54,116.64,115.19,116.14,10973449,stock
2023-10-12,GOOGL,118.89,120.09,117.57,118.46,23629226,stock
2023-10-13,GOOGL,120.99,121.41,120.58,121.02,21736806,stock
2023-10-16,GOOGL,121.53,121.95,119.37,119.76,9539386,stock
2023-10-17,GOOGL,119.93,120.43,116.16,117.95,7850786,stock
2023-10-18,GOOGL,117.24,119.06,116.55,118.17,8735451,stock
2023-10-19,GOOGL,118.64,120.52,117.33,120.15,16086273,stock
2023-10-20,GOOGL,121.96,122.68,119.92,120.51,9636217,stock
2023-10-23,GOOGL,114.76,117.15,114.57,116.98,18075133,stock
2023-10-24,GOOGL,116.53,117.11,114.45,115.25,9332364,stock
2023-10-25,GOOGL,114.76,115.62,114.21,115.12,9926507,stock
2023-10-26,GOOGL,113.74,115.38,113.57,114.99,29578690,stock
2023-10-27,GOOGL,120.12,121.77,118.52,119.42,23931351,stock
2023-10-30,GOOGL,114.28,116.98,112.85,116.35,20718258,stock
2023-10-31,GOOGL,118.42,119.97,116.49,117.51,22497776,stock
2023-11-01,GOOGL,121.87,123.32,119.85,120.91,9327155,stock
2023-11-02,GOOGL,127.49,127.69,126.12,126.28,19005810,stock
2023-11-03,GOOGL,125.94,128.18,123.48,125.36,9175698,stock
2023-11-06,GOOGL,126.95,127.31,125.73,126.57,34238444,stock
2023-11-07,GOOGL,127.64,129.3,125.99,127.99,29886466,stock
2023-11-08,GOOGL,128.71,129.03,128.08,128.5,35727996,stock
2023-11-09,GOOGL,127.5,129.97,125.29,128.3,36370622,stock
2023-11-10,GOOGL,130.68,131.11,128.86,129.4,25691320,stock
2023-11-13,GOOGL,122.71,123.52,122.56,123.36,37545558,stock
2023-11-14,GOOGL,125.38,126.44,124.24,125.01,22370204,stock
2023-11-15,GOOGL,126.89,127.44,123.94,125.35,31291552,stock
2023-11-16,GOOGL,122.69,125.84,122.18,124.86,24545608,stock
2023-11-17,GOOGL,130.73,131.43,128.98,129.85,30513331,stock
2023-11-20,GOOGL,127.2,129.24,125.72,128.23,22019070,stock
2023-11-21,GOOGL,124.88,127.76,124.49,127.29,37247609,stock
2023-11-22,GOOGL,131.37,132.49,130.9,132.24,37145846,stock
2023-11-23,GOOGL,128.78,130.45,128.59,130.2,39949332,stock
2023-11-24,GOOGL,126.96,129.34,126.71,128.89,12967912,stock
2023-11-27,GOOGL,130.75,131.3,128.34,128.57,37414051,stock
2023-11-28,GOOGL,132.44,132.7,129.89,130.68,12340952,stock
2023-11-29,GOOGL,133.2,133.43,130.93,131.23,23611401,stock
2023-11-30,GOOGL,129.37,129.58,127.78,128.09,29283426,stock
2023-12-01,GOOGL,125.16,127.6,124.93,126.84,25529396,stock
2023-12-04,GOOGL,123.68,126.14,123.36,125.42,36048998,stock
2023-12-05,GOOGL,127.29,128.58,123.43,125.27,47988164,stock
2023-12-06,GOOGL,128.64,129.47,125.02,126.33,43660431,stock
2023-12-07,GOOGL,127.83,128.17,127.1,127.37,18546657,stock
2023-12-08,GOOGL,125.31,125.46,122.89,123.18,45586449,stock
2023-12-11,GOOGL,127.58,128.19,124.76,125.74,32423978,stock
2023-12-12,GOOGL,126.2,126.65,126.09,126.38,35712327,stock
2023-12-13,GOOGL,129.52,129.88,129.36,129.79,19273048,stock
2023-12-14,GOOGL,131.18,131.82,129.91,130.93,50813552,stock
2023-12-15,GOOGL,135.24,135.67,133.55,133.74,27320585,stock
2023-12-18,GOOGL,136.43,137.89,132.77,134.97,42555982,stock
2023-12-19,GOOGL,138.85,139.9,136.94,138.51,34090936,stock
2023-12-20,GOOGL,139.25,140.47,139.02,139.93,37995282,stock
2023-12-21,GOOGL,141.04,141.84,139.09,139.71,43227103,stock
2023-12-22,GOOGL,146.23,146.37,145.78,145.92,55849416,stock
2023-12-25,GOOGL,146.96,149.2,145.94,148.45,39904651,stock
2023-12-26,GOOGL,150.39,150.85,149.25,150.12,36222150,stock
2023-12-27,GOOGL,148.79,150.29,145.82,146.57,56286114,stock
2023-12-28,GOOGL,140.64,143.37,139.97,143.07,22020318,stock
2023-12-29,GOOGL,142.06,144.43,140.68,143.91,42060578,stock
2024-01-01,GOOGL,145.04,146.46,143.72,144.35,44595900,stock
2024-01-02,GOOGL,141.37,143.02,140.95,142.72,27673790,stock
2024-01-03,GOOGL,141.14,143.83,140.61,143.14,20218252,stock
2024-01-04,GOOGL,150.12,150.8,146.62,147.57,24390927,stock
2024-01-05,GOOGL,147.46,149.86,147.38,149.58,17167284,stock
2024-01-08,GOOGL,143.92,147.24,143.26,146.42,25891446,stock
2024-01-09,GOOGL,147.36,147.77,145.55,146.15,21772220,stock
2024-01-10,GOOGL,142.58,145.87,142.01,143.98,52925297,stock
2024-01-11,GOOGL,140.76,143.28,140.6,142.96,28202880,stock
2024-01-12,GOOGL,142.87,143.57,141.5,141.89,54567723,stock
2024-01-15,GOOGL,142.4,142.9,140.22,140.65,60363999,stock
2024-01-16,GOOGL,137.57,137.74,137.23,137.37,17524145,stock
2024-01-17,GOOGL,137.59,137.97,136.44,137.08,50499759,stock
2024-01-18,GOOGL,135.51,136.68,134.14,135.67,59585194,stock
2024-01-19,GOOGL,129.58,129.99,128.17,128.36,56207821,stock
2024-01-22,GOOGL,135.25,135.97,132.73,133.51,20247611,stock
2024-01-23,GOOGL,134.59,137.13,133.57,136.34,27312661,stock
2024-01-24,GOOGL,135.34,135.77,135.05,135.41,45634111,stock
2024-01-25,GOOGL,137.26,138.27,134.42,135.5,40929010,stock
2024-01-26,GOOGL,134.53,135.53,131.05,132.56,65513497,stock
2024-01-29,GOOGL,137.0,137.28,136.68,136.94,33200986,stock
2024-01-30,GOOGL,143.43,143.84,141.26,142.01,40609570,stock
2024-01-31,GOOGL,145.07,146.1,141.54,142.47,27516457,stock
2024-02-01,GOOGL,144.86,145.5,144.21,145.31,37638195,stock
2024-02-02,GOOGL,143.79,146.33,143.34,145.84,64720509,stock
2024-02-05,GOOGL,141.12,142.43,140.89,142.23,39817798,stock
2024-02-06,GOOGL,142.93,143.25,140.68,141.16,55283462,stock
2024-02-07,GOOGL,139.68,142.29,138.82,141.56,52324209,stock
2024-02-08,GOOGL,140.56,142.09,137.85,140.38,69557643,stock
2024-02-09,GOOGL,141.12,142.79,139.28,139.84,31190967,stock
2024-02-12,GOOGL,141.34,141.63,138.92,139.64,55465912,stock
2024-02-13,GOOGL,137.89,139.92,137.51,139.47,25598224,stock
2024-02-14,GOOGL,142.25,144.71,137.13,139.65,28575597,stock
2024-02-15,GOOGL,134.6,137.64,134.16,136.91,32744981,stock
2024-02-16,GOOGL,136.71,137.38,134.78,135.09,22773784,stock
2024-02-19,GOOGL,133.62,134.96,130.75,131.88,39190639,stock
2024-02-20,GOOGL,133.72,135.5,132.22,134.39,69407116,stock
2024-02-21,GOOGL,128.02,129.87,127.16,129.16,51225482,stock
2024-02-22,GOOGL,133.55,134.5,130.2,132.06,68878196,stock
2024-02-23,GOOGL,137.93,138.79,134.93,135.63,39341191,stock
2024-02-26,GOOGL,136.72,137.43,133.58,134.89,51934567,stock
2024-02-27,GOOGL,130.67,131.02,127.91,128.42,34391572,stock
2024-02-28,GOOGL,126.82,127.82,126.51,127.58,69658883,stock
2024-02-29,GOOGL,129.52,130.97,126.04,127.46,35922558,stock
2024-03-01,GOOGL,124.32,125.47,123.99,125.07,36889762,stock
2024-03-04,GOOGL,124.25,125.4,121.94,123.89,28959962,stock
2024-03-05,GOOGL,126.32,128.78,124.24,127.59,26437134,stock
2024-03-06,GOOGL,130.31,131.41,128.79,129.25,40395335,stock
2024-03-07,GOOGL,126.0,129.3,123.81,127.03,55344180,stock
2024-03-08,GOOGL,122.09,124.65,120.67,123.27,64655711,stock
2024-03-11,GOOGL,121.69,122.96,120.98,122.55,21870401,stock
2024-03-12,GOOGL,120.79,123.27,120.24,122.09,72688492,stock
2024-03-13,GOOGL,121.02,124.34,119.76,123.28,25545227,stock
2024-03-14,GOOGL,123.56,125.62,121.38,122.07,25418918,stock
2024-03-15,GOOGL,123.53,123.82,122.3,123.3,34372933,stock
2024-03-18,GOOGL,127.29,128.59,127.01,127.96,68707569,stock
2024-03-19,GOOGL,132.0,133.05,129.48,129.99,65679428,stock
2024-03-20,GOOGL,130.79,131.21,128.88,129.91,54342417,stock
2024-03-21,GOOGL,130.23,130.8,129.35,129.5,47903972,stock
2024-03-22,GOOGL,130.5,132.22,127.9,128.66,43116796,stock
2024-03-25,GOOGL,132.01,132.69,131.02,131.62,28832587,stock
2024-03-26,GOOGL,128.18,131.34,127.23,130.1,20943914,stock
2024-03-27,GOOGL,131.24,132.92,128.58,130.25,69558556,stock
2024-03-28,GOOGL,132.54,132.77,130.09,130.42,54318567,stock
2024-03-29,GOOGL,126.89,129.36,126.52,129.22,27923965,stock
2024-04-01,GOOGL,125.02,126.2,124.59,125.93,69552344,stock
2024-04-02,GOOGL,124.46,126.99,123.91,126.74,55574025,stock
2024-04-03,GOOGL,128.65,129.12,126.28,126.64,51855471,stock
2024-04-04,GOOGL,130.28,130.75,127.7,127.88,28558990,stock
2024-04-05,GOOGL,125.91,127.15,124.59,126.63,27249476,stock
2024-04-08,GOOGL,130.14,130.79,128.18,129.64,63329659,stock
2024-04-09,GOOGL,126.78,129.07,124.87,127.54,36330357,stock
2024-04-10,GOOGL,132.59,133.43,130.91,131.79,26483673,stock
2024-04-11,GOOGL,128.84,129.76,126.26,127.53,27452322,stock
2024-04-12,GOOGL,129.15,129.44,127.92,128.63,42093357,stock
2024-04-15,GOOGL,131.78,133.34,128.34,129.83,28983055,stock
2024-04-16,GOOGL,127.57,128.41,126.79,127.92,41394987,stock
2024-04-17,GOOGL,126.79,129.5,126.66,129.0,26686759,stock
2024-04-18,GOOGL,133.66,134.15,131.21,132.21,25040033,stock
2024-04-19,GOOGL,126.22,127.38,124.98,126.8,24754851,stock
2024-04-22,GOOGL,128.76,129.27,127.53,128.05,27920433,stock
2024-04-23,GOOGL,122.99,124.57,121.39,122.16,21109193,stock
2024-04-24,GOOGL,120.74,122.48,118.88,119.98,51573247,stock
2024-04-25,GOOGL,125.48,126.17,123.29,123.79,32349851,stock
2024-04-26,GOOGL,120.75,123.14,118.96,122.46,26852918,stock
2024-04-29,GOOGL,118.22,121.4,116.66,119.8,40775912,stock
2024-04-30,GOOGL,120.54,121.21,117.84,119.38,32655389,stock
2024-05-01,GOOGL,125.9,127.42,122.39,124.21,47593481,stock
2024-05-02,GOOGL,109.47,109.98,106.55,107.99,34907412,stock
2024-05-03,GOOGL,107.18,107.82,104.97,105.89,25518603,stock
2024-05-06,GOOGL,110.64,111.21,107.65,108.98,52214757,stock
2024-05-07,GOOGL,114.21,114.51,112.08,112.93,39832336,stock
2024-05-08,GOOGL,113.53,113.99,112.52,112.74,25996073,stock
2024-05-09,GOOGL,109.38,111.17,108.26,110.15,49981620,stock
2024-05-10,GOOGL,113.89,114.98,112.78,114.66,24768884,stock
2024-05-13,GOOGL,117.78,118.48,116.91,118.22,44230555,stock
2024-05-14,GOOGL,121.29,121.72,119.42,119.79,17415446,stock
2024-05-15,GOOGL,119.3,119.7,117.21,117.99,39211853,stock
2024-05-16,GOOGL,119.87,121.22,117.0,117.92,32762753,stock
2024-05-17,GOOGL,115.68,118.7,114.1,117.59,28763923,stock
2024-05-20,GOOGL,116.2,119.44,115.89,118.37,44411226,stock
2024-05-21,GOOGL,120.38,122.4,119.43,121.72,28799122,stock
2024-05-22,GOOGL,123.7,123.94,123.48,123.8,24191461,stock
2024-05-23,GOOGL,119.76,121.58,118.94,121.33,40159330,stock
2024-05-24,GOOGL,125.67,125.81,124.36,124.58,51340650,stock
2024-05-27,GOOGL,126.57,127.38,123.93,125.37,29350477,stock
2024-05-28,GOOGL,127.76,128.51,126.12,127.05,33719840,stock
2024-05-29,GOOGL,129.02,131.15,128.55,130.68,16075381,stock
2024-05-30,GOOGL,129.3,129.79,126.84,127.99,38752980,stock
2024-05-31,GOOGL,130.17,130.46,127.57,127.94,32959486,stock
2024-06-03,GOOGL,126.91,127.54,125.55,126.69,47598851,stock
2024-06-04,GOOGL,123.87,125.91,121.33,123.01,23778626,stock
2024-06-05,GOOGL,121.94,124.31,121.69,123.86,19076508,stock
2024-06-06,GOOGL,130.8,132.77,128.27,129.95,18591693,stock
2024-06-07,GOOGL,123.36,125.7,123.21,125.53,41886649,stock
2024-06-10,GOOGL,125.42,126.45,123.51,125.49,31524167,stock
2024-06-11,GOOGL,129.1,129.84,126.08,127.06,11609806,stock
2024-06-12,GOOGL,127.69,128.31,126.86,127.4,34200079,stock
2024-06-13,GOOGL,126.68,127.97,125.85,127.16,42456989,stock
2024-06-14,GOOGL,122.16,125.91,121.08,124.1,22692588,stock
2024-06-17,GOOGL,122.48,126.22,122.08,124.69,24327535,stock
2024-06-18,GOOGL,123.87,124.46,122.71,122.94,34770635,stock
2024-06-19,GOOGL,118.26,119.78,115.84,117.97,24770154,stock
2024-06-20,GOOGL,121.33,121.71,120.55,120.71,32451487,stock
2024-06-21,GOOGL,121.59,123.54,121.08,122.97,32714507,stock
2024-06-24,GOOGL,122.42,123.35,122.2,123.12,22891114,stock
2024-06-25,GOOGL,122.76,124.42,122.11,123.7,28627890,stock
2024-06-26,GOOGL,126.87,128.31,124.83,126.29,19920449,stock
2024-06-27,GOOGL,128.9,129.51,126.24,126.86,18554673,stock
2024-06-28,GOOGL,127.93,130.05,126.97,129.1,31223015,stock
2024-07-01,GOOGL,127.23,128.66,126.34,128.41,26972569,stock
2024-07-02,GOOGL,133.84,134.63,130.74,131.69,16194132,stock
2024-07-03,GOOGL,134.34,135.13,131.49,132.54,15517952,stock
2024-07-04,GOOGL,134.97,135.91,131.66,133.07,27582903,stock
2024-07-05,GOOGL,130.24,130.79,129.52,129.93,17819895,stock
2024-07-08,GOOGL,131.21,131.92,129.51,130.68,35096438,stock
2024-07-09,GOOGL,128.83,130.26,127.6,128.67,31191016,stock
2024-07-10,GOOGL,125.95,127.41,125.77,127.16,31682521,stock
2024-07-11,GOOGL,123.48,126.37,123.04,125.24,20665353,stock
2024-07-12,GOOGL,121.96,123.13,121.72,122.77,13200371,stock
2024-07-15,GOOGL,129.25,130.06,126.91,127.86,22740750,stock
2024-07-16,GOOGL,129.31,132.04,128.8,131.18,14924820,stock
2024-07-17,GOOGL,135.08,137.33,134.66,136.09,22735699,stock
2024-07-18,GOOGL,134.64,135.13,131.76,133.01,16369876,stock
2024-07-19,GOOGL,154.91,157.8,154.48,157.21,27937819,stock
2024-07-22,GOOGL,153.61,155.35,152.53,153.44,21185866,stock
2024-07-23,GOOGL,153.42,155.32,150.21,151.47,17440612,stock
2024-07-24,GOOGL,151.29,152.9,146.65,148.89,13406517,stock
2024-07-25,GOOGL,151.32,153.01,150.73,152.49,16066005,stock
2024-07-26,GOOGL,149.8,151.76,149.5,151.39,26813504,stock
2024-07-29,GOOGL,152.68,155.53,152.31,154.54,21838291,stock
2024-07-30,GOOGL,158.5,158.76,155.95,156.37,11103977,stock
2024-07-31,GOOGL,164.39,164.71,162.84,163.42,16671458,stock
2024-08-01,GOOGL,158.96,160.41,157.32,158.94,15345474,stock
2024-08-02,GOOGL,164.88,165.47,160.65,162.83,27515427,stock
2024-08-05,GOOGL,167.8,169.83,165.02,166.47,12650805,stock
2024-08-06,GOOGL,166.32,167.11,161.41,163.47,8633199,stock
2024-08-07,GOOGL,166.6,168.72,166.03,166.68,12069273,stock
2024-08-08,GOOGL,166.53,170.56,165.75,167.79,11260189,stock
2024-08-09,GOOGL,169.25,171.74,166.26,167.12,22831070,stock
2024-08-12,GOOGL,163.2,165.63,162.49,164.57,21401915,stock
2024-08-13,GOOGL,163.96,165.86,161.54,162.39,9141542,stock
2024-08-14,GOOGL,169.68,170.92,167.9,168.89,9098603,stock
2024-08-15,GOOGL,172.1,172.67,167.55,168.94,10883744,stock
2024-08-16,GOOGL,169.92,172.13,169.65,171.52,19711969,stock
2024-08-19,GOOGL,168.55,170.31,166.38,169.02,6578642,stock
2024-08-20,GOOGL,164.31,168.19,162.41,166.58,20638295,stock
2024-08-21,GOOGL,172.67,172.99,169.54,170.09,13338492,stock
2024-08-22,GOOGL,168.62,168.81,165.62,165.83,17290426,stock
2024-08-23,GOOGL,166.56,167.4,164.02,164.58,11384791,stock
2024-08-26,GOOGL,166.57,167.26,162.9,164.74,14887499,stock
2024-08-27,GOOGL,167.01,169.55,162.63,165.13,23477986,stock
2024-08-28,GOOGL,164.34,164.77,164.19,164.62,21201625,stock
2024-08-29,GOOGL,168.32,168.62,164.88,165.92,19791481,stock
2024-08-30,GOOGL,166.62,170.85,164.94,168.16,20809989,stock
2024-09-02,GOOGL,173.28,173.79,170.04,170.58,12286158,stock
2024-09-03,GOOGL,164.96,168.41,164.18,167.46,22480162,stock
2024-09-04,GOOGL,163.76,168.06,161.89,166.61,16396505,stock
2024-09-05,GOOGL,168.25,172.73,166.13,170.49,12713124,stock
2024-09-06,GOOGL,170.59,174.41,168.6,173.46,21537861,stock
2024-09-09,GOOGL,170.26,171.3,167.39,169.05,11707972,stock
2024-09-10,GOOGL,170.28,171.18,169.14,170.23,15656923,stock
2024-09-11,GOOGL,163.7,165.72,163.15,164.0,9987537,stock
2024-09-12,GOOGL,161.61,164.38,161.14,164.2,25116052,stock
2024-09-13,GOOGL,171.55,172.09,169.93,170.28,22187050,stock
2024-09-16,GOOGL,164.43,169.59,162.01,167.29,7975518,stock
2024-09-17,GOOGL,166.98,168.59,162.64,164.71,22315863,stock
2024-09-18,GOOGL,167.79,169.23,165.16,167.17,18941589,stock
2024-09-19,GOOGL,161.49,163.12,160.64,162.38,24671422,stock
2024-09-20,GOOGL,158.07,160.73,157.43,160.49,25857873,stock
2024-09-23,GOOGL,160.83,163.93,159.99,162.37,7241153,stock
2024-09-24,GOOGL,158.34,161.25,157.43,160.47,20863605,stock
2024-09-25,GOOGL,158.35,161.8,157.23,159.8,26881352,stock
2024-09-26,GOOGL,163.61,164.18,160.34,162.13,11123176,stock
2024-09-27,GOOGL,162.2,165.17,159.39,163.48,7481149,stock
2024-09-30,GOOGL,164.48,165.55,163.18,164.36,14274958,stock
2024-10-01,GOOGL,160.38,163.73,159.37,163.35,20600769,stock
2024-10-02,GOOGL,164.6,165.29,163.57,164.56,26592058,stock
2024-10-03,GOOGL,165.35,165.91,163.57,164.22,27557998,stock
2024-10-04,GOOGL,166.55,167.1,164.27,165.7,20999044,stock
2024-10-07,GOOGL,162.53,164.64,161.34,164.2,18443801,stock
2024-10-08,GOOGL,161.56,164.92,160.74,163.68,17391697,stock
2024-10-09,GOOGL,159.75,161.41,157.42,160.67,10950851,stock
2024-10-10,GOOGL,161.06,163.07,159.93,160.62,14708575,stock
2024-10-11,GOOGL,160.76,161.32,157.73,158.21,13283546,stock
2024-10-14,GOOGL,153.87,155.56,153.28,154.94,17953507,stock
2024-10-15,GOOGL,155.53,156.92,155.04,155.75,18360584,stock
2024-10-16,GOOGL,157.75,159.6,154.0,156.43,9437090,stock
2024-10-17,GOOGL,157.83,159.38,156.98,158.82,24929628,stock
2024-10-18,GOOGL,155.16,158.24,154.64,157.57,25500744,stock
2022-01-03,BTC-USD,27652.43,29324.59,27405.35,28533.16,35515111867,crypto
2022-01-04,BTC-USD,30129.91,30287.22,29169.03,29263.84,19117548574,crypto
2022-01-05,BTC-USD,30901.19,31605.6,29292.68,29870.39,36991422514,crypto
2022-01-06,BTC-USD,28888.07,29620.07,28472.23,28795.33,10636189909,crypto
2022-01-07,BTC-USD,27985.29,29471.74,27331.41,29004.02,12339820813,crypto
2022-01-10,BTC-USD,28981.84,29639.57,28580.58,29497.95,10652308840,crypto
2022-01-11,BTC-USD,28665.79,30531.42,27667.31,29522.24,26793013093,crypto
2022-01-12,BTC-USD,26842.61,27579.48,26351.37,26889.94,36167496647,crypto
2022-01-13,BTC-USD,27434.48,27933.53,26047.1,27098.39,35684737379,crypto
2022-01-14,BTC-USD,28922.61,30532.24,28600.52,29950.27,20987075070,crypto
2022-01-17,BTC-USD,29776.93,30008.2,29319.21,29483.67,16114774339,crypto
2022-01-18,BTC-USD,27733.2,28619.83,27692.39,28547.61,21038954524,crypto
2022-01-19,BTC-USD,29129.18,29821.75,28805.57,29045.8,36695622403,crypto
2022-01-20,BTC-USD,30577.88,31395.02,28361.49,29471.71,41704048689,crypto
2022-01-21,BTC-USD,32127.92,32237.61,30942.97,31112.32,25981830614,crypto
2022-01-24,BTC-USD,30677.01,31029.66,28786.21,29414.85,15251780775,crypto
2022-01-25,BTC-USD,30957.1,31039.09,30232.62,30414.27,13984753583,crypto
2022-01-26,BTC-USD,31030.13,31517.66,30099.12,31248.8,18136188636,crypto
2022-01-27,BTC-USD,29682.2,31141.45,29617.95,31065.08,31856180672,crypto
2022-01-28,BTC-USD,31262.64,31861.84,31193.95,31557.94,35558867618,crypto
2022-01-31,BTC-USD,32116.76,33285.03,31778.93,33070.8,21125007860,crypto
2022-02-01,BTC-USD,35760.2,36482.46,34041.63,34411.99,28172369350,crypto
2022-02-02,BTC-USD,31734.49,33696.88,30751.37,32703.08,14969045890,crypto
2022-02-03,BTC-USD,34053.4,34454.94,33318.22,33949.57,41556133024,crypto
2022-02-04,BTC-USD,34958.41,35446.72,32946.99,33867.82,47019058956,crypto
2022-02-07,BTC-USD,34000.96,35243.91,32992.12,33996.06,47131254976,crypto
2022-02-08,BTC-USD,35091.37,35291.76,33821.43,34125.28,32768547118,crypto
2022-02-09,BTC-USD,35082.08,36052.85,32981.86,33912.29,42633383095,crypto
2022-02-10,BTC-USD,34757.89,36507.77,34256.91,35798.44,35102164780,crypto
2022-02-11,BTC-USD,34424.94,37201.11,33878.51,35681.67,39811793706,crypto
2022-02-14,BTC-USD,33032.45,34412.08,32190.04,33945.54,17386924516,crypto
2022-02-15,BTC-USD,33390.7,34220.83,32958.84,33366.38,21053058796,crypto
2022-02-16,BTC-USD,34344.12,34629.46,32990.57,33652.59,42431905426,crypto
2022-02-17,BTC-USD,36996.56,37265.22,34386.67,35584.3,33436641093,crypto
2022-02-18,BTC-USD,37077.51,37449.27,36095.54,36581.54,29019846348,crypto
2022-02-21,BTC-USD,33660.23,36107.22,33055.27,35225.48,17998007619,crypto
2022-02-22,BTC-USD,38584.68,40388.19,37752.3,39413.3,33399595796,crypto
2022-02-23,BTC-USD,39581.53,40391.06,39067.09,39905.66,18629000276,crypto
2022-02-24,BTC-USD,41975.83,43915.77,40654.71,42284.09,36879317031,crypto
2022-02-25,BTC-USD,42625.25,42844.08,41544.38,42017.39,56129487248,crypto
2022-02-28,BTC-USD,41705.82,43885.83,40908.14,43059.58,54812828123,crypto
2022-03-01,BTC-USD,44274.5,45032.91,43494.17,44739.68,38865223452,crypto
2022-03-02,BTC-USD,46533.99,47396.09,46320.76,47284.36,39831015730,crypto
2022-03-03,BTC-USD,48106.44,50536.64,46740.64,49613.41,43367422563,crypto
2022-03-04,BTC-USD,49344.04,52462.6,48683.3,51625.21,20366531347,crypto
2022-03-07,BTC-USD,48735.27,51749.57,47579.54,50923.84,47786159527,crypto
2022-03-08,BTC-USD,50058.57,51049.81,49406.43,49655.17,33680565672,crypto
2022-03-09,BTC-USD,50358.52,51373.02,49425.36,50429.18,40694220645,crypto
2022-03-10,BTC-USD,53469.2,53799.64,52224.18,52618.13,41815080555,crypto
2022-03-11,BTC-USD,51676.78,52482.47,50829.63,52119.45,50095053714,crypto
2022-03-14,BTC-USD,56414.24,56994.7,53565.82,54705.87,27517807798,crypto
2022-03-15,BTC-USD,60763.98,61373.6,57764.1,58430.54,40558954932,crypto
2022-03-16,BTC-USD,54113.12,57141.7,52415.3,56098.23,38530595918,crypto
2022-03-17,BTC-USD,53156.89,54672.53,52908.75,54051.8,43348961933,crypto
2022-03-18,BTC-USD,55556.02,56467.44,53073.07,53738.3,52166592597,crypto
2022-03-21,BTC-USD,52866.21,55269.4,51493.03,54514.6,32634719449,crypto
2022-03-22,BTC-USD,53757.65,53954.19,52581.14,53269.45,22944582552,crypto
2022-03-23,BTC-USD,55378.99,57519.92,54213.07,56639.82,14968577433,crypto
2022-03-24,BTC-USD,58140.11,58948.88,56076.53,57759.93,16808111147,crypto
2022-03-25,BTC-USD,58760.33,59602.93,57372.66,57891.49,41706000890,crypto
2022-03-28,BTC-USD,55925.46,56902.2,53946.23,54296.21,30614922523,crypto
2022-03-29,BTC-USD,49986.24,51925.34,47788.9,51200.16,50452711292,crypto
2022-03-30,BTC-USD,49763.74,52672.84,48166.57,51877.65,47404261357,crypto
2022-03-31,BTC-USD,46743.72,48259.39,45274.56,47154.12,41839809946,crypto
2022-04-01,BTC-USD,47232.11,50816.83,46514.31,49377.26,28172353772,crypto
2022-04-04,BTC-USD,50231.44,50685.67,48343.62,49051.61,39344994012,crypto
2022-04-05,BTC-USD,59294.29,60483.98,55357.74,56787.27,37584348700,crypto
2022-04-06,BTC-USD,64287.45,64598.58,62608.43,63033.63,36184647998,crypto
2022-04-07,BTC-USD,63355.89,63642.68,62186.94,62552.32,48629283530,crypto
2022-04-08,BTC-USD,64462.94,64847.14,61789.31,62284.84,56142227671,crypto
2022-04-11,BTC-USD,67921.77,68227.67,64493.56,65171.3,16861142868,crypto
2022-04-12,BTC-USD,71444.89,73009.95,69347.28,70397.8,56435181815,crypto
2022-04-13,BTC-USD,64687.4,66503.16,64124.11,65428.03,21200677105,crypto
2022-04-14,BTC-USD,58321.44,62398.68,56841.01,60404.51,34271522866,crypto
2022-04-15,BTC-USD,57790.31,59490.61,57331.22,58766.52,56539048953,crypto
2022-04-18,BTC-USD,60950.17,61236.26,60129.23,60358.12,42938662408,crypto
2022-04-19,BTC-USD,61417.93,62175.39,60287.79,61753.75,35982415146,crypto
2022-04-20,BTC-USD,65071.99,65994.27,64263.67,64831.69,41036097806,crypto
2022-04-21,BTC-USD,60494.21,61932.58,59013.87,61455.18,24843269672,crypto
2022-04-22,BTC-USD,52937.55,55978.18,52285.11,55400.11,27204926376,crypto
2022-04-25,BTC-USD,56148.48,58251.78,54484.32,57609.77,53839747520,crypto
2022-04-26,BTC-USD,56734.56,56874.69,55332.45,55530.0,55691561076,crypto
2022-04-27,BTC-USD,48761.18,52384.22,47528.53,50733.75,54465517052,crypto
2022-04-28,BTC-USD,51704.54,52570.57,50597.36,51091.56,47738221668,crypto
2022-04-29,BTC-USD,53191.89,53723.75,52335.44,52974.58,28129395216,crypto
2022-05-02,BTC-USD,52967.62,53521.33,51613.18,52710.76,27331980352,crypto
2022-05-03,BTC-USD,50946.94,52913.3,50215.54,51661.69,31499304764,crypto
2022-05-04,BTC-USD,50522.36,52436.09,49918.36,51318.19,16952915426,crypto
2022-05-05,BTC-USD,48459.81,51241.47,48258.38,50494.73,27072516260,crypto
2022-05-06,BTC-USD,47324.93,47682.98,47148.12,47546.44,46069573813,crypto
2022-05-09,BTC-USD,45470.25,46491.93,44718.32,46064.67,35979835467,crypto
2022-05-10,BTC-USD,48167.8,48633.8,45843.97,47181.59,32967547400,crypto
2022-05-11,BTC-USD,47032.6,48607.35,46477.43,47893.48,21975101857,crypto
2022-05-12,BTC-USD,50024.97,50284.01,47947.73,48281.19,33684743671,crypto
2022-05-13,BTC-USD,50439.44,52123.68,49951.42,51732.65,16966531566,crypto
2022-05-16,BTC-USD,52207.89,52931.22,50016.36,51337.5,50663882155,crypto
2022-05-17,BTC-USD,46264.41,47042.83,45072.37,46569.86,34907155100,crypto
2022-05-18,BTC-USD,48717.27,48836.17,46578.74,46968.86,32469334085,crypto
2022-05-19,BTC-USD,47901.55,51093.33,47278.44,50113.15,25739550004,crypto
2022-05-20,BTC-USD,45575.37,47054.82,45467.72,46920.17,25974440463,crypto
2022-05-23,BTC-USD,47477.44,48572.71,44902.36,45722.06,44490307812,crypto
2022-05-24,BTC-USD,44762.43,47161.19,44440.49,46427.44,29384494907,crypto
2022-05-25,BTC-USD,48227.07,50149.41,47556.95,49144.68,41085688525,crypto
2022-05-26,BTC-USD,47662.25,48526.45,46792.04,48187.44,35170419561,crypto
2022-05-27,BTC-USD,45935.36,46823.55,45807.94,46732.84,34833404375,crypto
2022-05-30,BTC-USD,44288.59,45100.02,42164.1,42791.76,48937579497,crypto
2022-05-31,BTC-USD,43437.16,43920.17,42403.94,43012.91,38022378622,crypto
2022-06-01,BTC-USD,47313.4,47533.94,46976.27,47176.4,33555746972,crypto
2022-06-02,BTC-USD,46648.43,48925.39,45728.96,47792.8,18146763273,crypto
2022-06-03,BTC-USD,47942.05,48759.54,46811.9,47768.78,44775266357,crypto
2022-06-06,BTC-USD,47594.93,48689.37,47146.4,48490.41,39760715459,crypto
2022-06-07,BTC-USD,49586.21,50262.42,47949.93,48490.45,37521303382,crypto
2022-06-08,BTC-USD,46511.02,47599.42,45361.19,46771.84,40653437278,crypto
2022-06-09,BTC-USD,47812.26,50065.02,46874.77,48561.39,29673126606,crypto
2022-06-10,BTC-USD,50150.34,51981.42,48576.77,49081.79,16411832812,crypto
2022-06-13,BTC-USD,49515.96,50335.55,48427.54,49145.28,41914969850,crypto
2022-06-14,BTC-USD,48492.42,50041.0,46263.5,47058.39,29447616987,crypto
2022-06-15,BTC-USD,51756.42,52588.16,49532.88,49926.26,11592292797,crypto
2022-06-16,BTC-USD,51841.27,52213.22,50644.8,51467.92,41504533936,crypto
2022-06-17,BTC-USD,51538.77,53090.57,49550.79,50228.23,27051260590,crypto
2022-06-20,BTC-USD,52679.89,53748.84,51281.47,52570.73,13420774658,crypto
2022-06-21,BTC-USD,52072.12,52703.42,50399.13,51432.42,34583853499,crypto
2022-06-22,BTC-USD,47953.32,50187.73,47193.19,49678.81,41552699379,crypto
2022-06-23,BTC-USD,48200.78,48672.87,46984.49,48033.18,28312941411,crypto
2022-06-24,BTC-USD,42469.39,45867.73,41174.81,44375.78,36891066227,crypto
2022-06-27,BTC-USD,45647.51,47172.62,43842.47,45350.14,23650022812,crypto
2022-06-28,BTC-USD,41296.58,42143.31,40292.49,41783.93,37738350053,crypto
2022-06-29,BTC-USD,38563.34,40456.79,38269.34,39556.57,34437078743,crypto
2022-06-30,BTC-USD,36062.14,36518.34,35589.36,36047.24,23343718676,crypto
2022-07-01,BTC-USD,36794.98,37701.73,35486.6,35925.85,29071610703,crypto
2022-07-04,BTC-USD,36486.83,36522.4,35654.52,35701.5,26164000888,crypto
2022-07-05,BTC-USD,36650.61,36715.48,35106.67,35198.08,37084319151,crypto
2022-07-06,BTC-USD,34044.15,34280.59,33446.34,33601.66,29342500314,crypto
2022-07-07,BTC-USD,30625.48,31976.65,30507.51,31891.03,30982262369,crypto
2022-07-08,BTC-USD,33217.57,33514.08,31995.54,32580.75,32775350722,crypto
2022-07-11,BTC-USD,32413.65,32590.45,31675.59,31799.38,18039218044,crypto
2022-07-12,BTC-USD,33105.07,33724.02,31749.6,32271.45,19339764548,crypto
2022-07-13,BTC-USD,29850.68,31992.53,29070.28,31026.65,24197439659,crypto
2022-07-14,BTC-USD,30476.44,31624.47,29896.73,31296.13,26541654172,crypto
2022-07-15,BTC-USD,33336.19,34284.45,32253.92,33203.06,29633834997,crypto
2022-07-18,BTC-USD,33698.44,34791.29,33301.26,34107.57,14415560953,crypto
2022-07-19,BTC-USD,34584.81,35449.74,33101.71,33497.17,20122899127,crypto
2022-07-20,BTC-USD,33436.34,34222.1,33337.23,33904.06,15072421030,crypto
2022-07-21,BTC-USD,34095.74,34246.53,33357.73,33555.64,20050941328,crypto
2022-07-22,BTC-USD,33542.49,33825.53,33165.38,33584.33,20626587623,crypto
2022-07-25,BTC-USD,33904.21,34244.15,32974.55,33112.37,28886905878,crypto
2022-07-26,BTC-USD,32947.71,33196.02,32685.12,32884.84,9176615555,crypto
2022-07-27,BTC-USD,32954.36,33462.56,32648.34,33216.81,29981459514,crypto
2022-07-28,BTC-USD,33064.22,33561.88,31524.74,31780.56,19267470889,crypto
2022-07-29,BTC-USD,31521.21,32118.61,29908.64,30375.62,28609370105,crypto
2022-08-01,BTC-USD,27361.51,29462.09,26570.86,28549.97,10100626828,crypto
2022-08-02,BTC-USD,25403.3,26948.31,24774.52,26579.59,16050872245,crypto
2022-08-03,BTC-USD,25196.01,25495.41,24424.61,25175.37,21147452957,crypto
2022-08-04,BTC-USD,25435.27,25801.46,24997.43,25369.35,23281885944,crypto
2022-08-05,BTC-USD,24547.86,25221.9,24141.61,24382.52,16869412511,crypto
2022-08-08,BTC-USD,25540.69,25856.75,24664.52,24965.11,19272316341,crypto
2022-08-09,BTC-USD,23898.98,25287.25,23416.37,25016.64,21715079094,crypto
2022-08-10,BTC-USD,23141.71,23326.6,22770.96,22907.37,12755347133,crypto
2022-08-11,BTC-USD,22779.87,24387.51,21895.06,23604.38,21193061964,crypto
2022-08-12,BTC-USD,25359.57,25551.2,24125.7,24493.76,14953397634,crypto
2022-08-15,BTC-USD,22424.48,24353.14,21627.59,23434.15,24251535531,crypto
2022-08-16,BTC-USD,24514.54,25369.02,22969.75,23893.42,21361515443,crypto
2022-08-17,BTC-USD,23551.5,23737.56,22639.29,23001.53,9896363022,crypto
2022-08-18,BTC-USD,23161.66,23300.96,22785.65,23114.4,15908705286,crypto
2022-08-19,BTC-USD,22333.24,22785.11,21670.61,21846.78,10111056696,crypto
2022-08-22,BTC-USD,20636.89,20859.18,19820.29,20163.29,7528969712,crypto
2022-08-23,BTC-USD,20016.29,20473.01,19639.0,19828.83,22355842449,crypto
2022-08-24,BTC-USD,20307.26,20497.01,19522.63,19728.59,8937847218,crypto
2022-08-25,BTC-USD,18748.39,19451.64,18697.13,19388.37,6342079981,crypto
2022-08-26,BTC-USD,18648.47,18732.8,18166.92,18391.56,20659322313,crypto
2022-08-29,BTC-USD,18437.2,18686.74,17779.52,18072.59,5672579742,crypto
2022-08-30,BTC-USD,17587.67,18457.92,17109.84,18302.08,16861341900,crypto
2022-08-31,BTC-USD,17899.48,18728.87,17671.04,18274.28,11503719068,crypto
2022-09-01,BTC-USD,18998.59,19468.65,18271.33,18434.19,13202013157,crypto
2022-09-02,BTC-USD,17249.36,18258.7,17087.38,17895.55,17383771298,crypto
2022-09-05,BTC-USD,18815.48,19197.81,18434.31,18873.89,12850969587,crypto
2022-09-06,BTC-USD,18688.35,19233.98,17506.67,17909.86,8490532982,crypto
2022-09-07,BTC-USD,17620.87,18426.08,17540.15,18316.31,7480496843,crypto
2022-09-08,BTC-USD,18917.76,19587.52,18712.69,19326.49,8516620322,crypto
2022-09-09,BTC-USD,19061.86,20105.51,18964.99,19759.17,8130148870,crypto
2022-09-12,BTC-USD,19469.15,19865.33,19332.41,19589.71,12427325242,crypto
2022-09-13,BTC-USD,18965.69,19266.97,18908.83,19139.05,19390747131,crypto
2022-09-14,BTC-USD,19223.2,20183.68,19075.54,20062.55,8676528827,crypto
2022-09-15,BTC-USD,18682.0,19062.52,18181.48,18827.54,8037690880,crypto
2022-09-16,BTC-USD,18167.65,18329.79,17586.48,18032.31,14182951243,crypto
2022-09-19,BTC-USD,17076.74,17747.85,17045.5,17721.44,17053443338,crypto
2022-09-20,BTC-USD,17946.1,19210.33,17381.05,18745.8,6359862451,crypto
2022-09-21,BTC-USD,18279.34,19447.68,18063.4,19078.45,6645606948,crypto
2022-09-22,BTC-USD,18078.07,18382.79,17795.3,18274.33,18274670831,crypto
2022-09-23,BTC-USD,18022.82,18220.58,17902.49,18029.93,17354411324,crypto
2022-09-26,BTC-USD,18213.62,18442.62,17324.81,17547.1,16890455906,crypto
2022-09-27,BTC-USD,16408.62,17259.08,15761.87,17003.99,19490393613,crypto
2022-09-28,BTC-USD,16988.67,17941.88,16829.29,17778.65,5823140968,crypto
2022-09-29,BTC-USD,17211.97,17807.33,16402.45,16722.75,16881249073,crypto
2022-09-30,BTC-USD,17475.18,18219.03,16947.33,17987.28,5271547620,crypto
2022-10-03,BTC-USD,18199.98,18893.09,17943.85,18679.66,7208363250,crypto
2022-10-04,BTC-USD,20400.49,20918.32,19189.17,19629.31,9721850128,crypto
2022-10-05,BTC-USD,19749.81,20167.74,18986.01,19234.24,14538009420,crypto
2022-10-06,BTC-USD,18568.48,19269.19,18463.8,19114.45,6576453155,crypto
2022-10-07,BTC-USD,17881.71,18126.44,17453.41,17929.59,17809311265,crypto
2022-10-10,BTC-USD,16769.61,18086.45,16591.44,17520.0,19938651372,crypto
2022-10-11,BTC-USD,17695.22,18349.05,17499.8,17922.51,5802660694,crypto
2022-10-12,BTC-USD,19136.64,19174.98,18880.19,19008.38,13735188349,crypto
2022-10-13,BTC-USD,17427.44,18730.54,16950.38,18093.6,11736596681,crypto
2022-10-14,BTC-USD,17463.62,18230.7,17075.24,17807.33,11978873461,crypto
2022-10-17,BTC-USD,17580.62,18060.58,17182.43,17695.35,16304009247,crypto
2022-10-18,BTC-USD,16571.94,16757.54,16450.37,16626.39,13609440501,crypto
2022-10-19,BTC-USD,17015.95,17135.45,16825.55,17083.31,12721098500,crypto
2022-10-20,BTC-USD,17253.35,17747.53,16399.15,16543.98,6092311356,crypto
2022-10-21,BTC-USD,16918.83,16993.23,16273.03,16407.36,6342738710,crypto
2022-10-24,BTC-USD,16428.14,16684.64,15785.79,16085.08,18742359373,crypto
2022-10-25,BTC-USD,15114.41,15985.12,14596.08,15531.53,7932776863,crypto
2022-10-26,BTC-USD,15291.15,15599.38,15184.2,15534.37,14671262396,crypto
2022-10-27,BTC-USD,16007.9,16057.71,15321.82,15392.07,9812669229,crypto
2022-10-28,BTC-USD,15021.85,15420.75,14791.11,15144.22,18671865643,crypto
2022-10-31,BTC-USD,14090.31,14677.39,14056.35,14663.16,14885508849,crypto
2022-11-01,BTC-USD,14411.98,15016.5,13830.09,14882.96,6118070350,crypto
2022-11-02,BTC-USD,15633.31,16085.98,15594.26,16040.7,15776069052,crypto
2022-11-03,BTC-USD,15847.29,16312.89,15736.99,16150.07,10738242312,crypto
2022-11-04,BTC-USD,16145.81,16973.78,16065.52,16898.92,21122779438,crypto
2022-11-07,BTC-USD,15340.77,16092.95,14741.8,15882.05,6866439511,crypto
2022-11-08,BTC-USD,16507.87,16857.86,15449.97,16003.21,18767043264,crypto
2022-11-09,BTC-USD,14744.43,15578.91,14205.11,15239.75,21292071569,crypto
2022-11-10,BTC-USD,14307.95,14626.04,13963.34,14266.95,21547111681,crypto
2022-11-11,BTC-USD,13668.06,14058.46,13355.82,13806.98,12897621288,crypto
2022-11-14,BTC-USD,15166.57,15785.93,13995.24,14575.03,18189477676,crypto
2022-11-15,BTC-USD,14887.78,15357.24,14803.95,15219.24,26276946014,crypto
2022-11-16,BTC-USD,16048.83,16399.11,14966.5,15394.27,12371873698,crypto
2022-11-17,BTC-USD,13853.8,14469.65,13749.38,14375.48,8960901835,crypto
2022-11-18,BTC-USD,14746.81,14789.49,14187.69,14256.19,19427041339,crypto
2022-11-21,BTC-USD,14144.87,14616.42,13932.43,14458.29,28747426740,crypto
2022-11-22,BTC-USD,15200.63,15280.7,14487.27,14580.24,26576949543,crypto
2022-11-23,BTC-USD,13260.52,13444.61,13244.7,13426.04,17033046490,crypto
2022-11-24,BTC-USD,12698.07,12951.72,12664.68,12905.22,13517022521,crypto
2022-11-25,BTC-USD,13110.94,13423.21,12683.21,12874.5,11313698531,crypto
2022-11-28,BTC-USD,12671.32,13215.15,12614.23,13195.58,25125917061,crypto
2022-11-29,BTC-USD,12181.96,12460.77,11839.16,11959.86,20313673680,crypto
2022-11-30,BTC-USD,12042.02,12343.99,11544.01,11878.86,26981466405,crypto
2022-12-01,BTC-USD,11584.0,12437.97,11420.8,11961.55,21492685919,crypto
2022-12-02,BTC-USD,11952.78,12555.09,11816.8,12433.94,11836420774,crypto
2022-12-05,BTC-USD,13310.88,13421.69,12778.85,12834.14,16495848770,crypto
2022-12-06,BTC-USD,12852.15,13745.45,12731.12,13181.63,16288490231,crypto
2022-12-07,BTC-USD,12257.87,12818.39,12144.52,12721.93,23274132540,crypto
2022-12-08,BTC-USD,11732.5,11877.89,11496.59,11681.04,25640360944,crypto
2022-12-09,BTC-USD,11972.38,12169.0,11393.6,11481.99,26997859988,crypto
2022-12-12,BTC-USD,11600.34,12126.84,11322.63,12017.37,13868211933,crypto
2022-12-13,BTC-USD,12716.73,12815.05,12700.07,12801.45,24846079415,crypto
2022-12-14,BTC-USD,13174.34,13297.07,12919.98,13224.0,30356679631,crypto
2022-12-15,BTC-USD,14075.81,14116.39,13382.73,13488.71,35877220639,crypto
2022-12-16,BTC-USD,13543.71,13813.09,13338.44,13728.0,17264625698,crypto
2022-12-19,BTC-USD,13243.82,13596.74,13060.9,13395.41,31731837991,crypto
2022-12-20,BTC-USD,13701.5,13847.92,13174.63,13323.9,32210992624,crypto
2022-12-21,BTC-USD,14661.88,14883.07,14269.7,14370.35,15331130674,crypto
2022-12-22,BTC-USD,13705.81,13898.26,13600.91,13780.47,19232156629,crypto
2022-12-23,BTC-USD,14192.89,15215.14,13933.12,14826.52,10459653602,crypto
2022-12-26,BTC-USD,14940.96,15183.94,14494.31,14620.52,33150732372,crypto
2022-12-27,BTC-USD,15036.21,15667.79,14801.24,15526.84,23783560709,crypto
2022-12-28,BTC-USD,14463.32,14695.92,14138.78,14581.65,34739253406,crypto
2022-12-29,BTC-USD,14474.81,15270.49,13979.73,14978.7,23453822829,crypto
2022-12-30,BTC-USD,14509.73,15075.32,14005.96,14497.48,23500185973,crypto
2023-01-02,BTC-USD,13853.26,13976.59,13533.4,13609.77,15277841536,crypto
2023-01-03,BTC-USD,14315.97,14740.66,13413.92,13751.14,44376735052,crypto
2023-01-04,BTC-USD,14322.25,14890.8,14090.52,14397.4,32248112679,crypto
2023-01-05,BTC-USD,14278.88,14507.79,13659.41,13867.19,33124021369,crypto
2023-01-06,BTC-USD,12428.1,13196.2,12361.57,12969.1,29037598760,crypto
2023-01-09,BTC-USD,12902.73,13057.58,12805.51,12922.07,19775305139,crypto
2023-01-10,BTC-USD,13239.02,13464.34,12652.59,12877.77,26439398189,crypto
2023-01-11,BTC-USD,13061.55,13350.19,12932.43,13206.07,14909240576,crypto
2023-01-12,BTC-USD,13706.14,13989.75,13312.56,13789.51,24706458972,crypto
2023-01-13,BTC-USD,13852.24,13934.33,13522.31,13759.57,35925458277,crypto
2023-01-16,BTC-USD,14673.08,15147.51,14499.7,14965.27,15859503413,crypto
2023-01-17,BTC-USD,15115.16,15300.82,14798.59,15124.61,31852007777,crypto
2023-01-18,BTC-USD,14231.07,15141.21,14103.12,14898.1,20768287734,crypto
2023-01-19,BTC-USD,14223.38,14483.7,13476.41,13862.86,42735933189,crypto
2023-01-20,BTC-USD,13741.65,13934.0,13323.25,13706.82,32911298076,crypto
2023-01-23,BTC-USD,13392.34,14046.86,13262.74,13507.65,45005951227,crypto
2023-01-24,BTC-USD,14737.28,14918.61,13938.6,14111.21,46581779508,crypto
2023-01-25,BTC-USD,14618.23,14714.11,14224.47,14415.18,20146280422,crypto
2023-01-26,BTC-USD,13207.28,13956.23,12966.77,13676.92,42076470765,crypto
2023-01-27,BTC-USD,13174.89,14119.25,12969.48,13790.24,17071577355,crypto
2023-01-30,BTC-USD,14696.92,14939.12,13748.5,14220.44,21246787139,crypto
2023-01-31,BTC-USD,15513.05,15535.37,15196.48,15240.28,46369440463,crypto
2023-02-01,BTC-USD,16458.22,16568.38,15744.33,15869.19,24497682544,crypto
2023-02-02,BTC-USD,16001.1,17081.32,15597.33,16430.14,18217541674,crypto
2023-02-03,BTC-USD,16764.51,16857.18,16404.86,16482.87,32589102823,crypto
2023-02-06,BTC-USD,16653.34,17199.97,16509.32,16781.81,39506577236,crypto
2023-02-07,BTC-USD,18444.39,18717.04,17440.28,17761.32,41951056976,crypto
2023-02-08,BTC-USD,17114.21,17229.91,16444.6,16735.77,17917972965,crypto
2023-02-09,BTC-USD,16995.29,17346.31,16058.46,16482.9,27623173007,crypto
2023-02-10,BTC-USD,15224.44,16012.63,15119.85,15927.67,32343921974,crypto
2023-02-13,BTC-USD,16253.79,16402.54,16167.45,16209.86,52975111472,crypto
2023-02-14,BTC-USD,17412.62,17803.49,16863.33,17141.11,14278007734,crypto
2023-02-15,BTC-USD,16647.0,16807.77,16539.4,16695.11,34134907399,crypto
2023-02-16,BTC-USD,14467.84,15142.16,13986.23,15000.03,19020102426,crypto
2023-02-17,BTC-USD,15362.75,15499.43,14345.36,14731.71,43427999046,crypto
2023-02-20,BTC-USD,15479.31,16085.55,15112.05,15357.57,35563737746,crypto
2023-02-21,BTC-USD,15313.62,15798.07,15267.84,15741.52,33843665776,crypto
2023-02-22,BTC-USD,16580.77,16880.79,15988.74,16055.8,49241142485,crypto
2023-02-23,BTC-USD,16110.74,16426.49,15661.31,15862.7,29925825042,crypto
2023-02-24,BTC-USD,14983.65,15108.52,14557.81,14982.97,43930077531,crypto
2023-02-27,BTC-USD,15754.16,15824.84,15135.32,15342.13,57035188477,crypto
2023-02-28,BTC-USD,15215.64,15286.84,14752.2,14784.21,58499039222,crypto
2023-03-01,BTC-USD,16706.12,17000.2,15916.75,16319.23,26218052128,crypto
2023-03-02,BTC-USD,16028.19,17186.04,15643.12,16751.99,30583113654,crypto
2023-03-03,BTC-USD,16607.45,16743.94,16025.44,16328.1,55448061349,crypto
2023-03-06,BTC-USD,16248.49,16506.5,15803.23,15892.95,29179530240,crypto
2023-03-07,BTC-USD,16317.26,16806.94,15375.3,15834.53,32206354971,crypto
2023-03-08,BTC-USD,16275.97,16291.73,15651.93,15672.62,58674759247,crypto
2023-03-09,BTC-USD,16709.44,17287.38,15839.15,16488.66,21932699254,crypto
2023-03-10,BTC-USD,16939.54,17424.45,16189.37,16635.88,53755730425,crypto
2023-03-13,BTC-USD,15798.66,16490.49,15535.99,16105.14,24853119090,crypto
2023-03-14,BTC-USD,18195.84,18236.55,17508.9,17543.93,51341846209,crypto
2023-03-15,BTC-USD,17301.0,17841.58,17093.54,17591.69,31544114469,crypto
2023-03-16,BTC-USD,18181.18,18269.63,18095.95,18220.09,39735756055,crypto
2023-03-17,BTC-USD,17403.08,17996.58,17269.64,17737.03,45043929807,crypto
2023-03-20,BTC-USD,18626.75,18921.16,17550.32,18038.25,19206257947,crypto
2023-03-21,BTC-USD,18829.11,19099.7,18175.77,18301.71,37436222365,crypto
2023-03-22,BTC-USD,17565.35,17700.18,16623.32,16818.18,41317223870,crypto
2023-03-23,BTC-USD,19185.23,19357.82,18273.48,18423.88,30135087430,crypto
2023-03-24,BTC-USD,20263.95,20456.65,19110.67,19535.37,18405663196,crypto
2023-03-27,BTC-USD,19186.25,19549.37,19058.95,19198.9,41544638062,crypto
2023-03-28,BTC-USD,18275.26,18457.39,17961.75,18278.96,21882626692,crypto
2023-03-29,BTC-USD,18809.6,19393.35,17963.99,18576.38,35602478492,crypto
2023-03-30,BTC-USD,18462.45,18731.51,18274.4,18658.33,34352374455,crypto
2023-03-31,BTC-USD,19806.69,20331.84,18623.0,18968.84,35516592611,crypto
2023-04-03,BTC-USD,18898.18,19232.74,18862.05,19142.65,23911799582,crypto
2023-04-04,BTC-USD,19529.78,19954.44,18906.96,19593.53,48351451189,crypto
2023-04-05,BTC-USD,21854.49,22239.29,20641.96,20922.56,46815981896,crypto
2023-04-06,BTC-USD,21449.32,21587.03,21353.17,21475.07,15444740233,crypto
2023-04-07,BTC-USD,20388.11,20677.09,20202.29,20494.54,36889682385,crypto
2023-04-10,BTC-USD,21720.98,21923.81,21635.83,21801.39,39389000986,crypto
2023-04-11,BTC-USD,24055.45,24256.71,23240.57,23483.58,57608523986,crypto
2023-04-12,BTC-USD,26310.58,27747.61,25828.17,27075.9,16553071488,crypto
2023-04-13,BTC-USD,25176.01,25862.28,24800.2,25753.92,30920569253,crypto
2023-04-14,BTC-USD,25998.94,26124.7,25743.64,26049.96,23401917457,crypto
2023-04-17,BTC-USD,24215.99,24605.89,23523.4,23731.94,32418947572,crypto
2023-04-18,BTC-USD,24569.53,24645.89,24215.12,24342.25,45370710913,crypto
2023-04-19,BTC-USD,23990.61,24465.1,23094.67,23760.98,15559403794,crypto
2023-04-20,BTC-USD,26898.61,27118.12,25739.57,25922.2,43143833229,crypto
2023-04-21,BTC-USD,25483.84,25690.16,24840.92,25046.7,25141156368,crypto
2023-04-24,BTC-USD,22232.95,23473.2,21885.63,23224.99,46622052536,crypto
2023-04-25,BTC-USD,22908.12,23317.23,22251.34,22749.02,27721200652,crypto
2023-04-26,BTC-USD,20691.44,21152.22,20524.2,20824.39,21914658632,crypto
2023-04-27,BTC-USD,21205.16,21917.93,20688.15,21551.05,34583506226,crypto
2023-04-28,BTC-USD,19648.06,20018.53,19330.91,19648.4,31746259390,crypto
2023-05-01,BTC-USD,20045.62,20070.85,19585.15,19683.41,35268752954,crypto
2023-05-02,BTC-USD,17420.33,17993.16,17338.38,17935.37,47688993039,crypto
2023-05-03,BTC-USD,17219.93,17783.32,17088.16,17687.56,51685789718,crypto
2023-05-04,BTC-USD,18374.36,19189.73,18229.4,19054.69,46774332814,crypto
2023-05-05,BTC-USD,19358.87,19776.92,18788.77,19376.14,17564782423,crypto
2023-05-08,BTC-USD,19115.96,19173.64,18486.66,18647.0,27958667752,crypto
2023-05-09,BTC-USD,19195.45,19339.55,18453.16,18630.15,14391754337,crypto
2023-05-10,BTC-USD,17989.01,18754.97,17865.74,18654.58,21116736974,crypto
2023-05-11,BTC-USD,18514.62,19231.0,18259.39,19065.12,28933097691,crypto
2023-05-12,BTC-USD,18047.55,18544.89,17721.76,17936.75,50470425786,crypto
2023-05-15,BTC-USD,18726.96,18832.57,18211.0,18430.69,15021999813,crypto
2023-05-16,BTC-USD,16868.26,17103.62,15946.18,16326.99,41331613416,crypto
2023-05-17,BTC-USD,16316.26,16491.13,15257.32,15878.64,29211808337,crypto
2023-05-18,BTC-USD,16084.27,16498.08,15014.19,15541.32,23216480247,crypto
2023-05-19,BTC-USD,15544.69,16150.38,15484.06,15998.61,46059611708,crypto
2023-05-22,BTC-USD,15624.74,16109.09,15373.61,16022.93,18007442414,crypto
2023-05-23,BTC-USD,14971.99,15260.56,14770.69,15048.38,12249195296,crypto
2023-05-24,BTC-USD,14484.56,14621.05,14264.61,14403.13,23589247041,crypto
2023-05-25,BTC-USD,15038.28,15089.51,14488.7,14539.75,46832830306,crypto
2023-05-26,BTC-USD,14754.81,14843.54,14333.65,14495.35,16179397414,crypto
2023-05-29,BTC-USD,14754.31,15025.52,13840.94,14129.54,14618289152,crypto
2023-05-30,BTC-USD,13358.24,14120.01,13089.98,13834.01,13117669647,crypto
2023-05-31,BTC-USD,14362.64,14703.59,14092.94,14281.39,26016352227,crypto
2023-06-01,BTC-USD,13827.76,14091.52,13731.98,13959.52,40318487333,crypto
2023-06-02,BTC-USD,13665.5,14266.36,13422.98,13911.24,19939624049,crypto
2023-06-05,BTC-USD,15465.15,15580.37,14935.86,15345.84,27663630577,crypto
2023-06-06,BTC-USD,14143.27,14475.6,13847.6,14400.73,43268118125,crypto
2023-06-07,BTC-USD,13669.31,13768.79,13148.08,13255.94,11074967770,crypto
2023-06-08,BTC-USD,13248.04,14175.8,12852.51,13738.57,29582182632,crypto
2023-06-09,BTC-USD,13657.96,13775.53,13227.44,13332.02,40243355760,crypto
2023-06-12,BTC-USD,12839.2,13267.89,12625.07,13149.03,28187977593,crypto
2023-06-13,BTC-USD,12387.03,12747.53,12362.89,12701.19,16165961232,crypto
2023-06-14,BTC-USD,12002.07,12607.14,11933.29,12559.84,11361997611,crypto
2023-06-15,BTC-USD,13996.62,14417.39,13266.52,13503.36,39202763227,crypto
2023-06-16,BTC-USD,14491.68,14530.77,13958.45,14006.68,19609301757,crypto
2023-06-19,BTC-USD,15089.23,15272.38,14316.18,14568.11,24502525370,crypto
2023-06-20,BTC-USD,13749.65,14019.13,13544.85,13675.48,15218518605,crypto
2023-06-21,BTC-USD,12632.34,13143.55,12226.9,12991.59,20736971598,crypto
2023-06-22,BTC-USD,11363.77,11461.39,11295.77,11439.18,19135997560,crypto
2023-06-23,BTC-USD,11073.65,11344.17,10922.99,11035.55,32345114982,crypto
2023-06-26,BTC-USD,11788.9,11901.98,11151.57,11526.79,10707869946,crypto
2023-06-27,BTC-USD,12071.0,12287.43,11414.21,11803.97,25542950480,crypto
2023-06-28,BTC-USD,12167.75,12266.27,11560.79,11692.74,22122850347,crypto
2023-06-29,BTC-USD,11667.0,11743.92,11603.53,11686.85,12975392033,crypto
2023-06-30,BTC-USD,11217.37,11650.25,10801.84,11335.79,25269519844,crypto
2023-07-03,BTC-USD,11860.25,12004.26,11145.72,11446.44,11027534669,crypto
2023-07-04,BTC-USD,11742.28,11878.87,11705.35,11853.74,20555262606,crypto
2023-07-05,BTC-USD,10929.43,11158.17,10808.89,11027.9,15105924358,crypto
2023-07-06,BTC-USD,11352.07,11460.92,11015.65,11183.2,14349228971,crypto
2023-07-07,BTC-USD,12094.31,12155.33,11595.1,11668.26,18349042297,crypto
2023-07-10,BTC-USD,11732.82,11787.47,11295.75,11458.05,11716897240,crypto
2023-07-11,BTC-USD,11866.2,12033.21,11468.83,11831.01,14184677904,crypto
2023-07-12,BTC-USD,13683.34,13719.04,13327.86,13435.27,27635215053,crypto
2023-07-13,BTC-USD,13159.63,13476.99,12977.24,13379.02,10794673123,crypto
2023-07-14,BTC-USD,13140.46,13769.51,12816.55,13624.74,19142056287,crypto
2023-07-17,BTC-USD,13681.51,13841.03,13098.82,13186.25,17731047304,crypto
2023-07-18,BTC-USD,13150.49,13763.79,12632.14,13300.89,10639239347,crypto
2023-07-19,BTC-USD,13641.38,13708.77,13550.57,13586.04,24378196099,crypto
2023-07-20,BTC-USD,14245.4,14429.95,13563.54,13712.54,22715769395,crypto
2023-07-21,BTC-USD,12871.18,13467.16,12531.06,13104.09,16016221577,crypto
2023-07-24,BTC-USD,13625.4,13765.15,13089.88,13232.96,11723974645,crypto
2023-07-25,BTC-USD,14254.01,14342.98,14073.51,14140.03,14073650007,crypto
2023-07-26,BTC-USD,13860.27,14631.56,13539.47,14435.61,20051536228,crypto
2023-07-27,BTC-USD,14776.29,15673.94,14471.42,15081.78,16566264210,crypto
2023-07-28,BTC-USD,15245.32,15579.34,14467.19,14929.25,17082111439,crypto
2023-07-31,BTC-USD,15199.97,15821.72,14634.46,15449.36,9020566975,crypto
2023-08-01,BTC-USD,14973.54,15994.35,14681.37,15652.56,8716526295,crypto
2023-08-02,BTC-USD,14556.45,15186.6,14403.28,15004.4,20881269214,crypto
2023-08-03,BTC-USD,15553.61,15713.23,14824.65,15228.63,9293653633,crypto
2023-08-04,BTC-USD,14156.28,14636.05,14047.82,14571.26,15835282656,crypto
2023-08-07,BTC-USD,14546.44,14781.12,14039.22,14169.21,19671688206,crypto
2023-08-08,BTC-USD,14229.68,14706.29,14006.25,14297.59,19492753685,crypto
2023-08-09,BTC-USD,14688.02,14845.79,13943.54,14497.37,19829268409,crypto
2023-08-10,BTC-USD,13468.56,13825.31,13351.36,13748.8,16135616080,crypto
2023-08-11,BTC-USD,14560.75,14936.67,14156.18,14423.82,20035449835,crypto
2023-08-14,BTC-USD,14320.06,14971.28,14190.54,14807.31,19805617324,crypto
2023-08-15,BTC-USD,14790.35,15027.99,14232.5,14352.27,8876722003,crypto
2023-08-16,BTC-USD,13804.64,13855.96,13384.12,13399.5,9407214978,crypto
2023-08-17,BTC-USD,13603.55,13623.79,13290.63,13319.06,11606904151,crypto
2023-08-18,BTC-USD,13201.08,13245.4,12997.81,13060.98,13013171070,crypto
2023-08-21,BTC-USD,13242.83,13283.96,13117.57,13134.21,6149369073,crypto
2023-08-22,BTC-USD,13430.16,13607.28,12596.62,12927.8,5943356230,crypto
2023-08-23,BTC-USD,11710.96,12033.37,11526.92,11817.06,18517528102,crypto
2023-08-24,BTC-USD,12115.47,12165.8,11589.36,11618.15,8706773966,crypto
2023-08-25,BTC-USD,11918.59,11977.91,11277.79,11465.19,8798293913,crypto
2023-08-28,BTC-USD,11559.87,11834.43,11459.56,11802.73,15441879318,crypto
2023-08-29,BTC-USD,11621.86,11784.27,11045.08,11443.38,8219970336,crypto
2023-08-30,BTC-USD,11805.66,12581.26,11634.84,12347.48,9478548777,crypto
2023-08-31,BTC-USD,11269.34,11358.05,11242.98,11335.37,6615750275,crypto
2023-09-01,BTC-USD,12463.34,12553.03,11835.94,12030.33,8070180366,crypto
2023-09-04,BTC-USD,11883.14,12025.6,11808.73,11915.46,12284827616,crypto
2023-09-05,BTC-USD,12858.41,12915.26,12167.83,12391.59,8189491090,crypto
2023-09-06,BTC-USD,12209.82,12556.9,12171.15,12442.39,9207174391,crypto
2023-09-07,BTC-USD,12595.88,13229.09,12467.72,13103.62,12709394795,crypto
2023-09-08,BTC-USD,13461.08,13699.01,12720.52,12883.63,14250128782,crypto
2023-09-11,BTC-USD,12047.24,12313.01,11930.3,12268.31,9308359304,crypto
2023-09-12,BTC-USD,12858.17,13211.02,12817.63,13084.68,12443153839,crypto
2023-09-13,BTC-USD,12843.26,13151.39,12714.55,13024.54,12518637244,crypto
2023-09-14,BTC-USD,12872.04,13325.91,12622.21,13161.63,7491918423,crypto
2023-09-15,BTC-USD,14262.26,14535.92,13710.68,13920.6,17680300293,crypto
2023-09-18,BTC-USD,13366.67,13392.45,13212.61,13295.58,7632087060,crypto
2023-09-19,BTC-USD,13951.19,14088.98,13422.53,13663.51,19841593435,crypto
2023-09-20,BTC-USD,13119.22,13333.32,13102.74,13312.23,18488769031,crypto
2023-09-21,BTC-USD,13768.51,13871.77,13083.99,13239.91,9317339940,crypto
2023-09-22,BTC-USD,13397.29,13442.98,13109.68,13289.69,13995363983,crypto
2023-09-25,BTC-USD,12465.95,12526.33,12348.42,12428.33,9810832273,crypto
2023-09-26,BTC-USD,12152.27,12517.01,11805.41,12006.29,12200104800,crypto
2023-09-27,BTC-USD,12791.19,13022.82,12453.81,12765.28,11351680667,crypto
2023-09-28,BTC-USD,13341.79,13479.35,13114.4,13291.27,18634760283,crypto
2023-09-29,BTC-USD,12969.77,13541.12,12666.63,13260.49,15982613167,crypto
2023-10-02,BTC-USD,13091.77,13576.68,12876.09,13413.07,20644328116,crypto
2023-10-03,BTC-USD,13432.91,13497.13,13224.13,13243.26,11323656156,crypto
2023-10-04,BTC-USD,14222.01,14300.27,13998.43,14083.93,12718138040,crypto
2023-10-05,BTC-USD,13545.91,14474.86,13424.01,13964.51,13884121537,crypto
2023-10-06,BTC-USD,14368.97,14538.86,13912.66,14118.02,11843028901,crypto
2023-10-09,BTC-USD,14519.52,14989.41,14319.76,14872.64,6104587097,crypto
2023-10-10,BTC-USD,14016.66,14601.67,13774.64,14368.54,12756961520,crypto
2023-10-11,BTC-USD,15019.63,15612.82,14753.21,15420.33,16996100347,crypto
2023-10-12,BTC-USD,14277.55,14439.01,14232.39,14401.27,7801797822,crypto
2023-10-13,BTC-USD,15062.5,15731.42,14717.25,15504.81,20722154145,crypto
2023-10-16,BTC-USD,15450.04,15966.3,14819.73,15254.58,19445068836,crypto
2023-10-17,BTC-USD,15296.21,15474.79,14973.68,15096.43,19482924799,crypto
2023-10-18,BTC-USD,14257.46,14360.32,13622.61,13872.49,9717597184,crypto
2023-10-19,BTC-USD,13359.22,13831.03,13152.03,13598.26,18764658923,crypto
2023-10-20,BTC-USD,12987.47,13286.92,12717.15,12983.13,19901685394,crypto
2023-10-23,BTC-USD,13201.48,13293.45,12595.57,12639.24,18829776758,crypto
2023-10-24,BTC-USD,12158.27,12734.26,12012.38,12567.67,7449959778,crypto
2023-10-25,BTC-USD,13199.86,13520.04,12807.62,13127.75,16919707145,crypto
2023-10-26,BTC-USD,13524.02,13582.06,13124.65,13257.59,10156727800,crypto
2023-10-27,BTC-USD,12928.34,13504.74,12882.9,13449.15,25647358264,crypto
2023-10-30,BTC-USD,12249.32,12992.32,11808.58,12808.61,18362091636,crypto
2023-10-31,BTC-USD,12326.98,12626.28,11997.96,12317.04,18322035132,crypto
2023-11-01,BTC-USD,12952.95,13462.22,12843.71,13362.15,21386039046,crypto
2023-11-02,BTC-USD,13247.44,13708.2,12715.98,12933.77,8874994491,crypto
2023-11-03,BTC-USD,14471.09,14767.0,13536.72,13941.52,13623556869,crypto
2023-11-06,BTC-USD,13679.08,13878.42,13636.85,13796.76,22655651757,crypto
2023-11-07,BTC-USD,14037.37,14316.57,13432.01,13805.08,9191389077,crypto
2023-11-08,BTC-USD,15090.5,15316.44,13986.61,14493.54,20733264802,crypto
2023-11-09,BTC-USD,15054.07,15396.75,15018.99,15354.96,16917302814,crypto
2023-11-10,BTC-USD,15121.65,15305.33,15083.08,15286.22,26315387198,crypto
2023-11-13,BTC-USD,14355.38,15158.38,14137.22,15028.99,11479758326,crypto
2023-11-14,BTC-USD,14636.94,15626.0,14101.37,14998.71,14359784252,crypto
2023-11-15,BTC-USD,15663.63,16078.41,14783.98,15236.17,24475818102,crypto
2023-11-16,BTC-USD,15261.18,16330.81,15089.32,15867.63,19455040213,crypto
2023-11-17,BTC-USD,15172.02,16317.12,14574.84,15878.59,14820128207,crypto
2023-11-20,BTC-USD,15767.55,16511.77,15646.34,16335.18,29769793775,crypto
2023-11-21,BTC-USD,18260.67,18433.26,17153.49,17593.82,14778764038,crypto
2023-11-22,BTC-USD,18585.78,19045.4,17324.63,17907.26,25255927836,crypto
2023-11-23,BTC-USD,17354.05,18280.93,17257.84,18169.25,11614011783,crypto
2023-11-24,BTC-USD,17128.73,17155.27,16919.78,16977.35,9884727924,crypto
2023-11-27,BTC-USD,14686.92,15456.99,14306.76,15089.47,22687246500,crypto
2023-11-28,BTC-USD,16000.52,16158.29,15158.54,15363.18,13069457951,crypto
2023-11-29,BTC-USD,15919.6,16013.06,15200.16,15305.42,30236922308,crypto
2023-11-30,BTC-USD,15423.56,15684.98,14419.61,14962.42,27593523629,crypto
2023-12-01,BTC-USD,14654.44,15165.29,14621.12,15134.86,18912591205,crypto
2023-12-04,BTC-USD,15293.75,15523.37,14932.98,15101.32,11647614740,crypto
2023-12-05,BTC-USD,15785.26,16167.97,15668.03,15895.44,26949181047,crypto
2023-12-06,BTC-USD,16480.37,16698.44,15591.45,15965.14,21215135452,crypto
2023-12-07,BTC-USD,14796.13,15460.14,14785.71,15445.16,28388671701,crypto
2023-12-08,BTC-USD,16354.18,16652.57,15804.91,16157.0,22638376920,crypto
2023-12-11,BTC-USD,16558.78,16769.98,15821.48,16007.9,34517027899,crypto
2023-12-12,BTC-USD,16622.74,16841.72,16256.54,16399.92,26297083534,crypto
2023-12-13,BTC-USD,16037.05,16182.34,15831.06,16059.38,33271970363,crypto
2023-12-14,BTC-USD,15831.77,16002.29,15501.38,15604.37,31208903775,crypto
2023-12-15,BTC-USD,15541.41,15733.34,15463.0,15671.42,40129921899,crypto
2023-12-18,BTC-USD,15629.75,15958.45,15395.37,15688.31,40062639884,crypto
2023-12-19,BTC-USD,15901.72,16404.35,15574.58,16038.75,19016995376,crypto
2023-12-20,BTC-USD,16226.43,16285.3,15579.67,15853.95,20672816301,crypto
2023-12-21,BTC-USD,14121.39,14822.64,13918.77,14603.81,12513747598,crypto
2023-12-22,BTC-USD,14585.19,14721.21,14177.91,14329.32,13901559441,crypto
2023-12-25,BTC-USD,14777.12,15042.33,14420.99,14857.87,34505523244,crypto
2023-12-26,BTC-USD,15161.02,15714.12,14399.65,14667.7,41667513794,crypto
2023-12-27,BTC-USD,14051.97,14682.29,13780.58,14513.23,27303754532,crypto
2023-12-28,BTC-USD,15203.8,15355.2,14902.78,15179.52,26152655337,crypto
2023-12-29,BTC-USD,15318.14,15572.51,14555.66,14708.25,26133428528,crypto
2024-01-01,BTC-USD,14068.97,14366.51,13568.22,13728.62,32911694294,crypto
2024-01-02,BTC-USD,13736.55,13807.83,13572.47,13636.56,45020093635,crypto
2024-01-03,BTC-USD,13836.01,14001.32,13220.27,13349.33,21536425660,crypto
2024-01-04,BTC-USD,12657.61,12907.69,12466.96,12787.72,35119486993,crypto
2024-01-05,BTC-USD,12598.67,12703.27,12577.44,12693.54,47015559104,crypto
2024-01-08,BTC-USD,12606.38,13307.84,12428.62,12983.91,49447502267,crypto
2024-01-09,BTC-USD,13508.51,13896.06,12812.27,12984.98,47206807287,crypto
2024-01-10,BTC-USD,13707.25,13943.9,13034.21,13172.18,41373417838,crypto
2024-01-11,BTC-USD,14769.24,15019.96,14004.22,14299.3,40120402286,crypto
2024-01-12,BTC-USD,13690.93,14372.18,13523.96,14087.4,24588501935,crypto
2024-01-15,BTC-USD,14304.46,14348.82,14094.35,14272.1,44556798913,crypto
2024-01-16,BTC-USD,14349.01,14505.48,13751.98,13955.76,33890773725,crypto
2024-01-17,BTC-USD,13760.83,13798.82,13300.05,13440.95,29167823181,crypto
2024-01-18,BTC-USD,13566.11,13587.29,13086.57,13098.33,52390843331,crypto
2024-01-19,BTC-USD,13321.86,13452.88,12539.31,12825.57,43431916195,crypto
2024-01-22,BTC-USD,13384.45,13439.9,12990.27,13041.25,48011362941,crypto
2024-01-23,BTC-USD,14804.19,15177.29,14288.19,14502.57,18394923587,crypto
2024-01-24,BTC-USD,14443.66,14537.32,13999.2,14049.74,39720855150,crypto
2024-01-25,BTC-USD,13339.26,14033.43,13116.0,13795.68,40329420311,crypto
2024-01-26,BTC-USD,13619.42,13934.41,13187.19,13763.43,52824049036,crypto
2024-01-29,BTC-USD,14533.25,14586.9,13904.86,14017.77,40988806317,crypto
2024-01-30,BTC-USD,13786.76,14224.51,13760.14,14192.1,37910699265,crypto
2024-01-31,BTC-USD,14944.52,15282.47,14652.62,15043.86,40311321343,crypto
2024-02-01,BTC-USD,13987.28,14082.77,13323.49,13494.5,38227071214,crypto
2024-02-02,BTC-USD,12428.3,12928.37,11601.49,12126.23,15646635561,crypto
2024-02-05,BTC-USD,11725.77,12195.53,11248.99,11864.56,17911892878,crypto
2024-02-06,BTC-USD,12186.27,12832.06,11973.67,12471.36,31891318608,crypto
2024-02-07,BTC-USD,11656.16,11707.93,11551.38,11628.75,20993828644,crypto
2024-02-08,BTC-USD,10541.68,10795.4,9871.32,10161.81,51276763105,crypto
2024-02-09,BTC-USD,10194.93,10459.26,10177.71,10431.6,19749040829,crypto
2024-02-12,BTC-USD,10291.24,10577.6,10255.83,10551.89,43402232021,crypto
2024-02-13,BTC-USD,9965.52,10085.37,9870.0,10051.73,36337383094,crypto
2024-02-14,BTC-USD,9251.02,9905.03,9113.49,9620.5,24579292621,crypto
2024-02-15,BTC-USD,9277.0,9318.48,9159.08,9214.31,21163409555,crypto
2024-02-16,BTC-USD,9366.63,9500.83,9160.13,9264.89,17878412347,crypto
2024-02-19,BTC-USD,8999.16,9048.15,8976.29,9011.91,28001243880,crypto
2024-02-20,BTC-USD,9048.14,9313.93,9008.2,9219.13,34746573436,crypto
2024-02-21,BTC-USD,7746.85,8199.28,7632.47,8111.82,34616388582,crypto
2024-02-22,BTC-USD,7749.85,7911.2,7621.38,7808.9,58893684473,crypto
2024-02-23,BTC-USD,7684.01,7917.51,7248.16,7426.77,29266162500,crypto
2024-02-26,BTC-USD,7416.86,7633.3,7161.52,7345.27,58686859297,crypto
2024-02-27,BTC-USD,7401.25,7624.39,7111.24,7173.14,46106146053,crypto
2024-02-28,BTC-USD,7215.77,7642.39,7061.74,7439.08,26989303828,crypto
2024-02-29,BTC-USD,7135.94,7165.5,6735.86,6845.4,40059033455,crypto
2024-03-01,BTC-USD,6554.93,6920.3,6459.37,6862.86,47756834958,crypto
2024-03-04,BTC-USD,6927.54,7266.11,6821.61,7040.99,47304486183,crypto
2024-03-05,BTC-USD,7774.9,7862.97,7496.58,7658.36,56476295669,crypto
2024-03-06,BTC-USD,7492.4,7517.35,7484.3,7497.87,15508856150,crypto
2024-03-07,BTC-USD,7837.25,7857.96,7567.68,7611.95,55169763728,crypto
2024-03-08,BTC-USD,6880.6,7033.26,6838.1,7021.98,42171832829,crypto
2024-03-11,BTC-USD,6334.64,6412.46,6116.96,6308.56,16071020665,crypto
2024-03-12,BTC-USD,6487.01,6617.11,6426.28,6556.27,48148816445,crypto
2024-03-13,BTC-USD,6566.02,6591.67,6540.43,6557.91,32885016860,crypto
2024-03-14,BTC-USD,6998.46,7222.0,6854.32,6918.54,34886352605,crypto
2024-03-15,BTC-USD,6303.09,6582.95,6189.31,6507.15,30054602644,crypto
2024-03-18,BTC-USD,6593.82,6884.31,6370.01,6664.52,24138500025,crypto
2024-03-19,BTC-USD,7081.0,7315.7,7056.26,7252.85,17350989108,crypto
2024-03-20,BTC-USD,7717.92,7752.31,7326.05,7394.83,37253200529,crypto
2024-03-21,BTC-USD,7190.1,7638.05,7091.77,7491.19,16704971440,crypto
2024-03-22,BTC-USD,7568.75,7714.25,7255.88,7497.82,41226436711,crypto
2024-03-25,BTC-USD,7102.51,7111.23,6967.07,6989.59,18836802765,crypto
2024-03-26,BTC-USD,7648.58,7848.09,7154.05,7432.95,52869756770,crypto
2024-03-27,BTC-USD,7039.49,7272.5,7026.1,7235.03,31791083064,crypto
2024-03-28,BTC-USD,7295.09,7425.91,7271.52,7404.86,16669024257,crypto
2024-03-29,BTC-USD,6842.82,6928.11,6823.58,6905.37,40499028907,crypto
2024-04-01,BTC-USD,6430.98,6624.25,6334.86,6551.7,57488000268,crypto
2024-04-02,BTC-USD,6874.92,7033.83,6839.71,6992.26,14753247539,crypto
2024-04-03,BTC-USD,6746.34,7007.96,6677.74,6887.27,45752620280,crypto
2024-04-04,BTC-USD,7062.91,7555.36,6772.38,7356.41,47543445624,crypto
2024-04-05,BTC-USD,7595.22,7675.63,7090.33,7334.22,26647259695,crypto
2024-04-08,BTC-USD,6950.48,7102.44,6573.26,6754.21,38762622987,crypto
2024-04-09,BTC-USD,7219.67,7340.67,6891.11,7034.38,19738615018,crypto
2024-04-10,BTC-USD,6698.22,6957.09,6608.45,6853.53,52984606429,crypto
2024-04-11,BTC-USD,7379.25,7418.64,7011.55,7075.97,45028090774,crypto
2024-04-12,BTC-USD,6851.37,7151.42,6781.48,7087.55,32620772204,crypto
2024-04-15,BTC-USD,6548.87,6655.66,6512.96,6615.39,47545574496,crypto
2024-04-16,BTC-USD,6392.69,6734.02,6322.57,6667.82,14093880440,crypto
2024-04-17,BTC-USD,7517.2,7546.48,7355.45,7364.14,39627368283,crypto
2024-04-18,BTC-USD,7199.55,7599.24,7168.71,7533.1,48596951738,crypto
2024-04-19,BTC-USD,7579.88,7784.19,7466.46,7517.39,43473179334,crypto
2024-04-22,BTC-USD,7640.53,7966.21,7479.75,7894.05,27028191876,crypto
2024-04-23,BTC-USD,8165.1,8308.97,7847.4,7973.23,31973137874,crypto
2024-04-24,BTC-USD,7858.02,8117.85,7696.44,8052.79,20613991771,crypto
2024-04-25,BTC-USD,7359.62,7784.36,7279.55,7670.6,18353197903,crypto
2024-04-26,BTC-USD,7650.1,8043.64,7449.11,7755.62,24551626949,crypto
2024-04-29,BTC-USD,8357.39,8486.91,8041.21,8129.61,18230722230,crypto
2024-04-30,BTC-USD,8007.6,8129.64,7779.86,7833.35,23786839583,crypto
2024-05-01,BTC-USD,8366.48,8407.77,8326.74,8356.11,34110538933,crypto
2024-05-02,BTC-USD,8397.23,8528.76,8193.77,8325.86,20601186118,crypto
2024-05-03,BTC-USD,8252.51,8512.82,7837.1,8003.8,27730416270,crypto
2024-05-06,BTC-USD,8448.7,8695.41,8270.2,8375.49,30729981930,crypto
2024-05-07,BTC-USD,8134.42,8374.64,8093.6,8272.23,48000771964,crypto
2024-05-08,BTC-USD,8803.73,8952.06,8488.0,8564.13,27614498974,crypto
2024-05-09,BTC-USD,8301.64,8618.83,8242.77,8456.65,27305392459,crypto
2024-05-10,BTC-USD,8070.59,8563.78,7775.34,8438.13,14195226124,crypto
2024-05-13,BTC-USD,8264.63,8735.1,8190.46,8631.96,11981683331,crypto
2024-05-14,BTC-USD,8891.34,9022.97,8699.46,8750.07,29171632347,crypto
2024-05-15,BTC-USD,7947.29,8027.37,7918.62,8002.57,13743005000,crypto
2024-05-16,BTC-USD,7445.21,7628.41,7421.14,7612.61,22708802800,crypto
2024-05-17,BTC-USD,7774.0,8071.58,7609.09,7941.72,36285405224,crypto
2024-05-20,BTC-USD,7612.16,8019.53,7504.57,7898.59,44514351874,crypto
2024-05-21,BTC-USD,7408.94,7852.83,7357.4,7718.47,42235982033,crypto
2024-05-22,BTC-USD,7357.84,7384.4,7236.06,7264.36,24109034843,crypto
2024-05-23,BTC-USD,7195.42,7459.8,6765.62,6923.3,17871998757,crypto
2024-05-24,BTC-USD,6543.61,6610.83,6287.18,6324.37,21133761360,crypto
2024-05-27,BTC-USD,6164.89,6430.08,6063.61,6298.76,28050002742,crypto
2024-05-28,BTC-USD,6237.53,6241.63,6128.5,6134.47,18147217395,crypto
2024-05-29,BTC-USD,5864.81,5992.74,5707.04,5876.3,27243100891,crypto
2024-05-30,BTC-USD,5600.64,5915.16,5551.48,5861.24,15290079371,crypto
2024-05-31,BTC-USD,5924.79,6027.04,5865.78,5961.01,34951712507,crypto
2024-06-03,BTC-USD,6614.24,6735.91,6380.16,6553.07,13997842641,crypto
2024-06-04,BTC-USD,6323.92,6394.01,6087.43,6125.13,35607848463,crypto
2024-06-05,BTC-USD,6353.06,6674.43,6123.76,6456.4,37094992614,crypto
2024-06-06,BTC-USD,6724.6,6938.75,6539.78,6748.78,15021870192,crypto
2024-06-07,BTC-USD,6503.92,6543.72,6445.14,6519.53,14047623545,crypto
2024-06-10,BTC-USD,6800.42,6957.79,6530.93,6582.72,16082771953,crypto
2024-06-11,BTC-USD,6495.45,6521.98,6386.08,6451.77,11066654062,crypto
2024-06-12,BTC-USD,5714.81,5999.33,5611.68,5858.24,17167755012,crypto
2024-06-13,BTC-USD,6158.38,6325.67,6108.94,6273.04,23206199375,crypto
2024-06-14,BTC-USD,6164.61,6641.43,6043.72,6449.57,17448146574,crypto
2024-06-17,BTC-USD,6805.84,6836.0,6590.09,6602.18,18996489377,crypto
2024-06-18,BTC-USD,6445.32,6626.03,6243.77,6478.81,24787564117,crypto
2024-06-19,BTC-USD,6313.99,6334.1,6049.67,6063.3,29816332213,crypto
2024-06-20,BTC-USD,6271.84,6352.09,5939.61,6009.69,27916236211,crypto
2024-06-21,BTC-USD,6419.85,6528.98,6224.8,6348.19,20544769567,crypto
2024-06-24,BTC-USD,5779.24,6055.72,5708.77,5929.55,25974156567,crypto
2024-06-25,BTC-USD,5420.03,5752.05,5248.04,5657.42,25707202804,crypto
2024-06-26,BTC-USD,5847.56,5851.84,5678.88,5692.51,9191338350,crypto
2024-06-27,BTC-USD,5220.27,5518.52,5186.29,5448.5,19656873991,crypto
2024-06-28,BTC-USD,5321.87,5343.61,5190.5,5260.24,22546576704,crypto
2024-07-01,BTC-USD,5069.41,5208.81,4898.14,5163.5,13777476923,crypto
2024-07-02,BTC-USD,5019.31,5107.03,4735.85,4858.17,18892639903,crypto
2024-07-03,BTC-USD,4618.75,4699.98,4528.19,4652.14,26063933788,crypto
2024-07-04,BTC-USD,4657.11,4891.36,4617.6,4804.16,16137757802,crypto
2024-07-05,BTC-USD,4598.16,4678.92,4385.96,4531.94,24629850757,crypto
2024-07-08,BTC-USD,4392.49,4426.48,4175.73,4219.62,8589037421,crypto
2024-07-09,BTC-USD,4017.77,4178.3,3938.72,4103.72,11355240107,crypto
2024-07-10,BTC-USD,4135.41,4313.49,4049.83,4243.26,20910383366,crypto
2024-07-11,BTC-USD,4336.18,4446.85,4081.78,4207.93,18963451699,crypto
2024-07-12,BTC-USD,4159.57,4177.83,4110.0,4122.93,18521143359,crypto
2024-07-15,BTC-USD,4064.42,4187.02,3957.85,4133.24,18422453597,crypto
2024-07-16,BTC-USD,3722.26,3942.78,3607.77,3822.88,15032473618,crypto
2024-07-17,BTC-USD,3781.29,3928.19,3750.52,3910.89,23625256209,crypto
2024-07-18,BTC-USD,3837.94,4001.96,3819.81,3980.95,24095333218,crypto
2024-07-19,BTC-USD,3963.36,4035.09,3818.86,3910.25,12431131215,crypto
2024-07-22,BTC-USD,4252.81,4275.9,4080.5,4093.37,19122669394,crypto
2024-07-23,BTC-USD,3875.44,3924.47,3835.92,3892.81,22091687237,crypto
2024-07-24,BTC-USD,3984.37,4120.56,3963.01,4097.54,22531275730,crypto
2024-07-25,BTC-USD,4053.95,4278.99,3888.8,4128.19,8820446760,crypto
2024-07-26,BTC-USD,4053.93,4115.79,4007.1,4068.17,20785751554,crypto
2024-07-29,BTC-USD,4076.22,4209.73,4022.94,4066.57,13634066630,crypto
2024-07-30,BTC-USD,4103.28,4133.02,3961.36,4049.01,22461700205,crypto
2024-07-31,BTC-USD,4236.55,4294.92,4188.44,4279.71,22466014897,crypto
2024-08-01,BTC-USD,4161.34,4190.96,4057.09,4079.34,10756969094,crypto
2024-08-02,BTC-USD,3970.31,4055.36,3822.62,3943.71,10063622108,crypto
2024-08-05,BTC-USD,4200.81,4209.77,4123.07,4134.04,15774374179,crypto
2024-08-06,BTC-USD,4134.29,4172.25,3947.16,4026.74,9384591765,crypto
2024-08-07,BTC-USD,4241.01,4251.43,4191.76,4195.37,11782410767,crypto
2024-08-08,BTC-USD,4669.47,4677.96,4500.04,4531.06,12035916019,crypto
2024-08-09,BTC-USD,4304.8,4475.49,4266.4,4452.09,19629497539,crypto
2024-08-12,BTC-USD,4669.23,4750.33,4527.79,4593.01,13139265532,crypto
2024-08-13,BTC-USD,4538.35,4622.04,4216.39,4362.82,10838134721,crypto
2024-08-14,BTC-USD,4353.18,4618.93,4310.37,4515.8,11892787773,crypto
2024-08-15,BTC-USD,4375.1,4566.53,4369.22,4558.79,17323055629,crypto
2024-08-16,BTC-USD,4672.18,4700.91,4589.16,4659.2,10620976631,crypto
2024-08-19,BTC-USD,4468.11,4569.98,4438.66,4528.05,18740974177,crypto
2024-08-20,BTC-USD,4113.23,4338.2,4002.89,4204.03,12268234344,crypto
2024-08-21,BTC-USD,4164.51,4359.48,4141.06,4302.47,13083775810,crypto
2024-08-22,BTC-USD,4098.79,4133.36,3790.11,3922.92,17683643198,crypto
2024-08-23,BTC-USD,3997.12,4110.52,3787.94,3869.23,19471250826,crypto
2024-08-26,BTC-USD,3873.47,4094.58,3805.5,4038.65,9041929999,crypto
2024-08-27,BTC-USD,4080.37,4169.71,4018.5,4075.71,16980786449,crypto
2024-08-28,BTC-USD,4270.53,4502.46,4224.02,4451.41,5457647757,crypto
2024-08-29,BTC-USD,4820.31,4925.82,4614.92,4663.89,15019601387,crypto
2024-08-30,BTC-USD,4641.08,4650.79,4519.18,4530.92,12138227488,crypto
2024-09-02,BTC-USD,4679.54,4769.41,4469.48,4538.76,12319975676,crypto
2024-09-03,BTC-USD,4464.74,4587.19,4392.85,4531.36,8168952125,crypto
2024-09-04,BTC-USD,4134.78,4238.99,4098.26,4222.06,5661554823,crypto
2024-09-05,BTC-USD,4141.53,4164.3,4015.0,4049.15,9560956035,crypto
2024-09-06,BTC-USD,4122.18,4184.99,3893.11,3950.22,14750303205,crypto
2024-09-09,BTC-USD,3525.41,3615.44,3505.15,3606.15,17690542540,crypto
2024-09-10,BTC-USD,3467.67,3707.2,3398.89,3615.68,7678063849,crypto
2024-09-11,BTC-USD,3503.2,3651.2,3416.18,3577.17,5806445168,crypto
2024-09-12,BTC-USD,3196.94,3357.71,3168.91,3319.42,16948982346,crypto
2024-09-13,BTC-USD,3315.19,3431.11,3303.16,3382.04,8162224909,crypto
2024-09-16,BTC-USD,3350.12,3509.78,3306.3,3494.51,15640107596,crypto
2024-09-17,BTC-USD,3542.53,3587.73,3477.45,3532.17,20341838074,crypto
2024-09-18,BTC-USD,3422.83,3498.37,3409.03,3482.77,9552915681,crypto
2024-09-19,BTC-USD,3585.8,3633.96,3548.62,3578.5,13716604923,crypto
2024-09-20,BTC-USD,3804.24,3860.24,3604.0,3691.57,19528699894,crypto
2024-09-23,BTC-USD,3847.99,3898.61,3665.97,3744.87,8041362173,crypto
2024-09-24,BTC-USD,3519.21,3716.0,3460.37,3610.26,17642120325,crypto
2024-09-25,BTC-USD,3673.31,3723.71,3604.8,3657.3,8310636384,crypto
2024-09-26,BTC-USD,3854.62,3935.43,3825.71,3861.37,19899898296,crypto
2024-09-27,BTC-USD,3828.59,3869.3,3733.23,3760.96,15711594860,crypto
2024-09-30,BTC-USD,4188.33,4282.1,4072.81,4135.39,22619858132,crypto
2024-10-01,BTC-USD,4183.85,4265.86,3982.63,4040.74,14511033236,crypto
2024-10-02,BTC-USD,3919.92,4079.41,3890.13,4048.66,11852976638,crypto
2024-10-03,BTC-USD,3973.39,4015.25,3916.38,3929.94,13432379884,crypto
2024-10-04,BTC-USD,3840.61,3999.46,3827.18,3971.61,14562344240,crypto
2024-10-07,BTC-USD,3674.82,3727.56,3595.69,3673.96,22241993236,crypto
2024-10-08,BTC-USD,3644.46,3673.25,3576.58,3586.58,21209562376,crypto
2024-10-09,BTC-USD,3394.28,3518.79,3287.1,3416.29,19649701800,crypto
2024-10-10,BTC-USD,3422.79,3512.81,3358.4,3438.87,21726636407,crypto
2024-10-11,BTC-USD,3624.26,3745.93,3557.14,3598.06,21658093674,crypto
2024-10-14,BTC-USD,3643.99,3733.39,3597.17,3706.04,25817210223,crypto
2024-10-15,BTC-USD,3345.95,3438.81,3301.78,3332.56,15556137931,crypto
2024-10-16,BTC-USD,3659.8,3679.95,3644.61,3655.14,16610737231,crypto
2024-10-17,BTC-USD,3732.91,3742.03,3687.65,3705.88,22301149334,crypto
2024-10-18,BTC-USD,3473.32,3670.34,3434.89,3580.41,12324746722,crypto
2022-01-03,ETH-USD,1796.2,1824.16,1788.26,1816.35,14473949460,crypto
2022-01-04,ETH-USD,1739.48,1895.41,1684.99,1834.77,13372369492,crypto
2022-01-05,ETH-USD,1691.5,1844.27,1634.51,1769.4,13426803989,crypto
2022-01-06,ETH-USD,1857.86,1911.58,1771.39,1789.49,17121960371,crypto
2022-01-07,ETH-USD,1641.21,1799.0,1625.08,1731.38,11575809321,crypto
2022-01-10,ETH-USD,1759.16,1805.07,1633.02,1693.97,6060890454,crypto
2022-01-11,ETH-USD,1581.52,1676.59,1545.05,1631.88,7693225168,crypto
2022-01-12,ETH-USD,1574.13,1592.18,1464.84,1508.83,13770836426,crypto
2022-01-13,ETH-USD,1510.99,1556.18,1439.03,1521.59,20684339186,crypto
2022-01-14,ETH-USD,1540.21,1584.85,1529.14,1572.0,14074655371,crypto
2022-01-17,ETH-USD,1621.1,1651.81,1602.9,1617.8,22036438866,crypto
2022-01-18,ETH-USD,1728.58,1735.81,1672.88,1693.1,9698628461,crypto
2022-01-19,ETH-USD,1661.83,1735.67,1649.42,1724.26,9489164045,crypto
2022-01-20,ETH-USD,1645.71,1682.78,1617.19,1675.15,11330880284,crypto
2022-01-21,ETH-USD,1664.82,1775.13,1646.49,1755.02,14258941370,crypto
2022-01-24,ETH-USD,1697.01,1718.07,1606.07,1629.41,20498660343,crypto
2022-01-25,ETH-USD,1519.06,1576.24,1503.11,1551.28,7846079278,crypto
2022-01-26,ETH-USD,1401.15,1480.47,1391.94,1471.75,17808573687,crypto
2022-01-27,ETH-USD,1605.85,1664.17,1502.09,1562.45,20565322152,crypto
2022-01-28,ETH-USD,1591.65,1695.07,1548.54,1646.26,12114632996,crypto
2022-01-31,ETH-USD,1751.04,1809.22,1643.39,1691.66,20017871843,crypto
2022-02-01,ETH-USD,1782.85,1848.47,1741.6,1795.11,16332378292,crypto
2022-02-02,ETH-USD,1643.69,1769.89,1607.1,1711.05,21015741174,crypto
2022-02-03,ETH-USD,1730.73,1757.36,1715.46,1744.86,15376596123,crypto
2022-02-04,ETH-USD,1642.96,1796.75,1612.86,1733.59,21252829611,crypto
2022-02-07,ETH-USD,1802.44,1849.32,1786.41,1816.97,14830812803,crypto
2022-02-08,ETH-USD,1828.7,1883.24,1730.85,1806.22,16391572123,crypto
2022-02-09,ETH-USD,1694.95,1784.91,1680.72,1769.08,15472149547,crypto
2022-02-10,ETH-USD,1843.57,1913.99,1793.89,1823.23,15311959509,crypto
2022-02-11,ETH-USD,1891.59,1923.91,1879.45,1914.01,20841073980,crypto
2022-02-14,ETH-USD,1912.64,1920.95,1836.84,1845.67,20876282984,crypto
2022-02-15,ETH-USD,1772.14,1869.36,1759.17,1840.22,12818363283,crypto
2022-02-16,ETH-USD,1830.97,1850.21,1712.13,1736.84,19557543863,crypto
2022-02-17,ETH-USD,1472.41,1527.6,1460.14,1514.48,26238682737,crypto
2022-02-18,ETH-USD,1498.17,1596.28,1430.58,1531.89,21496806085,crypto
2022-02-21,ETH-USD,1624.29,1641.58,1559.07,1584.69,14315730412,crypto
2022-02-22,ETH-USD,1534.45,1627.96,1522.87,1608.34,26397312086,crypto
2022-02-23,ETH-USD,1384.16,1463.99,1369.16,1445.39,7268235467,crypto
2022-02-24,ETH-USD,1366.16,1427.85,1361.87,1418.33,18935816823,crypto
2022-02-25,ETH-USD,1302.09,1305.47,1248.06,1255.93,11896908982,crypto
2022-02-28,ETH-USD,1405.07,1447.41,1325.37,1354.74,26043588657,crypto
2022-03-01,ETH-USD,1242.31,1309.49,1204.2,1276.69,24485401181,crypto
2022-03-02,ETH-USD,1404.02,1411.32,1348.06,1368.51,25638644540,crypto
2022-03-03,ETH-USD,1408.63,1473.52,1391.26,1442.16,11540568925,crypto
2022-03-04,ETH-USD,1420.13,1458.33,1310.58,1373.02,14764663073,crypto
2022-03-07,ETH-USD,1223.82,1342.47,1179.43,1290.6,22636554015,crypto
2022-03-08,ETH-USD,1324.61,1330.3,1308.1,1316.24,17316465523,crypto
2022-03-09,ETH-USD,1240.08,1279.76,1216.65,1257.02,9011867210,crypto
2022-03-10,ETH-USD,1238.68,1271.03,1233.8,1264.63,11149690298,crypto
2022-03-11,ETH-USD,1168.57,1285.85,1112.38,1231.98,10295674707,crypto
2022-03-14,ETH-USD,1083.06,1147.72,1055.23,1117.46,8969891313,crypto
2022-03-15,ETH-USD,1013.34,1065.93,954.26,988.84,27141836802,crypto
2022-03-16,ETH-USD,1014.56,1020.56,985.32,1001.65,17457400336,crypto
2022-03-17,ETH-USD,934.14,974.29,928.94,971.58,10101490370,crypto
2022-03-18,ETH-USD,954.95,961.19,928.96,942.84,15256810462,crypto
2022-03-21,ETH-USD,1017.91,1042.0,965.78,980.02,14316075699,crypto
2022-03-22,ETH-USD,1031.61,1057.95,999.43,1045.77,12976441892,crypto
2022-03-23,ETH-USD,1016.98,1041.57,988.1,1030.63,24294070441,crypto
2022-03-24,ETH-USD,1027.8,1065.84,982.51,1011.9,15470213851,crypto
2022-03-25,ETH-USD,1056.49,1082.4,1016.3,1040.54,26599044864,crypto
2022-03-28,ETH-USD,922.81,976.9,919.33,966.1,28337678563,crypto
2022-03-29,ETH-USD,1023.54,1056.85,967.87,978.42,11520488511,crypto
2022-03-30,ETH-USD,991.58,1044.19,947.36,1008.98,26211512478,crypto
2022-03-31,ETH-USD,1021.47,1067.52,987.4,1047.86,27187608721,crypto
2022-04-01,ETH-USD,905.11,956.21,891.21,942.36,20382803527,crypto
2022-04-04,ETH-USD,929.43,945.39,899.89,904.07,28304174436,crypto
2022-04-05,ETH-USD,883.7,894.78,854.48,861.78,18332436023,crypto
2022-04-06,ETH-USD,838.08,880.77,829.75,866.88,23136963628,crypto
2022-04-07,ETH-USD,893.01,910.05,864.92,890.46,12275427846,crypto
2022-04-08,ETH-USD,987.27,991.26,961.1,967.25,13870003422,crypto
2022-04-11,ETH-USD,957.25,970.29,926.9,941.65,8620890225,crypto
2022-04-12,ETH-USD,903.89,923.28,896.13,916.6,23022806730,crypto
2022-04-13,ETH-USD,949.23,988.99,931.19,976.82,14679167633,crypto
2022-04-14,ETH-USD,965.98,1021.38,933.7,993.28,11226754762,crypto
2022-04-15,ETH-USD,1100.61,1105.6,1060.02,1065.43,19600558840,crypto
2022-04-18,ETH-USD,1096.63,1100.95,1077.81,1082.92,16770910671,crypto
2022-04-19,ETH-USD,1045.73,1053.94,1011.6,1016.55,19483940916,crypto
2022-04-20,ETH-USD,907.93,968.88,878.82,945.06,11712968528,crypto
2022-04-21,ETH-USD,889.26,911.31,849.92,868.11,22862180026,crypto
2022-04-22,ETH-USD,891.17,903.45,887.07,900.66,11357665718,crypto
2022-04-25,ETH-USD,1001.49,1028.74,940.98,961.89,14596919245,crypto
2022-04-26,ETH-USD,1085.84,1124.59,1052.4,1065.3,13525186338,crypto
2022-04-27,ETH-USD,1090.44,1119.02,1086.05,1116.31,17636879333,crypto
2022-04-28,ETH-USD,1134.91,1194.81,1128.59,1190.52,10253682350,crypto
2022-04-29,ETH-USD,1199.27,1203.95,1150.13,1153.6,25410278956,crypto
2022-05-02,ETH-USD,1038.72,1111.38,1025.11,1082.95,7807470326,crypto
2022-05-03,ETH-USD,1181.32,1195.97,1127.63,1135.23,10851045415,crypto
2022-05-04,ETH-USD,1116.04,1167.77,1091.22,1162.08,22733421059,crypto
2022-05-05,ETH-USD,1214.5,1228.89,1151.33,1169.43,18295560062,crypto
2022-05-06,ETH-USD,1205.07,1210.77,1183.61,1195.1,14620972404,crypto
2022-05-09,ETH-USD,1277.97,1288.56,1203.6,1217.01,12029828077,crypto
2022-05-10,ETH-USD,1282.94,1345.88,1250.03,1306.58,13828629651,crypto
2022-05-11,ETH-USD,1355.06,1413.71,1339.14,1403.59,13019163244,crypto
2022-05-12,ETH-USD,1493.46,1506.07,1421.98,1446.82,15647714713,crypto
2022-05-13,ETH-USD,1461.92,1520.99,1445.65,1516.32,26155608610,crypto
2022-05-16,ETH-USD,1603.4,1620.55,1546.43,1560.43,25058068008,crypto
2022-05-17,ETH-USD,1484.58,1567.64,1435.33,1521.95,13947415141,crypto
2022-05-18,ETH-USD,1644.94,1671.99,1538.84,1587.26,8493076696,crypto
2022-05-19,ETH-USD,1551.1,1607.1,1440.91,1470.66,22742656584,crypto
2022-05-20,ETH-USD,1484.67,1588.54,1438.83,1559.05,25456531826,crypto
2022-05-23,ETH-USD,1419.73,1483.27,1411.78,1460.49,24400037227,crypto
2022-05-24,ETH-USD,1419.77,1505.14,1383.82,1484.23,10706558957,crypto
2022-05-25,ETH-USD,1430.1,1446.81,1402.89,1417.38,14896698270,crypto
2022-05-26,ETH-USD,1424.91,1526.56,1381.22,1461.77,12416157372,crypto
2022-05-27,ETH-USD,1412.8,1473.93,1396.63,1459.63,23813695078,crypto
2022-05-30,ETH-USD,1357.28,1367.26,1329.72,1337.59,12607822857,crypto
2022-05-31,ETH-USD,1337.76,1388.74,1321.38,1369.45,24594555914,crypto
2022-06-01,ETH-USD,1340.62,1357.16,1309.37,1327.13,7647342158,crypto
2022-06-02,ETH-USD,1449.3,1487.5,1366.66,1393.59,9671932502,crypto
2022-06-03,ETH-USD,1460.39,1483.01,1376.03,1394.25,17952308741,crypto
2022-06-06,ETH-USD,1398.59,1452.9,1384.97,1425.48,16320494160,crypto
2022-06-07,ETH-USD,1293.55,1378.55,1283.15,1352.89,15945475099,crypto
2022-06-08,ETH-USD,1272.26,1340.39,1232.27,1310.26,15452280008,crypto
2022-06-09,ETH-USD,1266.22,1301.01,1248.26,1278.13,22251800979,crypto
2022-06-10,ETH-USD,1324.66,1347.94,1317.98,1340.34,17692072525,crypto
2022-06-13,ETH-USD,1429.19,1476.74,1425.34,1470.46,7904773914,crypto
2022-06-14,ETH-USD,1436.91,1443.37,1400.88,1407.33,21506829900,crypto
2022-06-15,ETH-USD,1512.45,1533.92,1469.41,1493.79,20622259859,crypto
2022-06-16,ETH-USD,1384.1,1386.46,1324.34,1326.29,8924579306,crypto
2022-06-17,ETH-USD,1190.88,1247.49,1181.2,1242.48,15087616802,crypto
2022-06-20,ETH-USD,1214.57,1225.64,1169.32,1179.13,9852893867,crypto
2022-06-21,ETH-USD,1104.45,1113.98,1091.38,1095.03,18733227217,crypto
2022-06-22,ETH-USD,1031.78,1038.39,988.62,1004.1,14663086594,crypto
2022-06-23,ETH-USD,1055.61,1073.91,1004.43,1027.58,14999403883,crypto
2022-06-24,ETH-USD,984.13,1031.86,976.52,1015.95,18138274925,crypto
2022-06-27,ETH-USD,1056.94,1059.34,1034.1,1037.79,18898321754,crypto
2022-06-28,ETH-USD,1086.36,1098.1,1055.49,1078.39,19843617231,crypto
2022-06-29,ETH-USD,1116.61,1119.3,1093.12,1094.7,8206516273,crypto
2022-06-30,ETH-USD,1086.13,1140.32,1082.96,1135.48,16360826322,crypto
2022-07-01,ETH-USD,1083.5,1161.78,1068.89,1131.6,13500454018,crypto
2022-07-04,ETH-USD,1006.13,1095.36,990.7,1060.51,8052470376,crypto
2022-07-05,ETH-USD,980.36,1062.65,951.35,1012.04,11470076852,crypto
2022-07-06,ETH-USD,1029.44,1047.71,943.71,980.17,8534490938,crypto
2022-07-07,ETH-USD,936.04,968.19,919.81,931.38,5416178896,crypto
2022-07-08,ETH-USD,915.99,926.59,914.67,922.68,17937124250,crypto
2022-07-11,ETH-USD,838.37,900.78,795.16,877.85,12153627399,crypto
2022-07-12,ETH-USD,873.65,882.75,850.76,858.27,15539262410,crypto
2022-07-13,ETH-USD,915.7,945.28,867.55,875.01,11191598279,crypto
2022-07-14,ETH-USD,884.17,914.25,872.02,892.3,15977870700,crypto
2022-07-15,ETH-USD,872.82,884.86,817.11,849.64,4702631625,crypto
2022-07-18,ETH-USD,793.08,840.42,787.76,827.49,10386549084,crypto
2022-07-19,ETH-USD,861.7,901.63,828.52,878.21,16302615174,crypto
2022-07-20,ETH-USD,872.83,909.46,863.61,902.87,10863652957,crypto
2022-07-21,ETH-USD,1010.84,1048.79,985.11,1012.43,6419300510,crypto
2022-07-22,ETH-USD,1028.3,1096.16,1008.7,1080.76,13960509447,crypto
2022-07-25,ETH-USD,1188.25,1204.73,1100.67,1151.42,12921797242,crypto
2022-07-26,ETH-USD,1088.58,1096.24,1060.28,1067.23,15175902573,crypto
2022-07-27,ETH-USD,1109.05,1131.81,1102.29,1113.47,14244589653,crypto
2022-07-28,ETH-USD,1129.63,1144.8,1100.27,1110.66,13015614547,crypto
2022-07-29,ETH-USD,1093.59,1106.61,1051.35,1077.94,13851858444,crypto
2022-08-01,ETH-USD,1139.8,1142.4,1084.54,1088.39,12741194197,crypto
2022-08-02,ETH-USD,1131.85,1169.18,1123.08,1146.92,4302738213,crypto
2022-08-03,ETH-USD,1239.62,1248.19,1152.98,1179.43,6649368856,crypto
2022-08-04,ETH-USD,1143.74,1173.98,1074.6,1124.24,13752257536,crypto
2022-08-05,ETH-USD,1189.8,1193.74,1165.87,1171.57,3880458142,crypto
2022-08-08,ETH-USD,1079.67,1152.74,1058.73,1131.65,7470783915,crypto
2022-08-09,ETH-USD,1204.38,1219.29,1134.85,1145.68,8722746710,crypto
2022-08-10,ETH-USD,1106.98,1178.1,1089.62,1127.17,9658966126,crypto
2022-08-11,ETH-USD,1162.35,1171.63,1081.61,1114.13,5935864118,crypto
2022-08-12,ETH-USD,1106.93,1198.48,1075.65,1162.55,8842132546,crypto
2022-08-15,ETH-USD,1100.84,1136.37,1079.78,1098.35,6786438334,crypto
2022-08-16,ETH-USD,1232.31,1252.64,1214.88,1222.86,3624938519,crypto
2022-08-17,ETH-USD,1117.82,1134.84,1087.76,1106.76,6998553787,crypto
2022-08-18,ETH-USD,1090.65,1102.26,1060.44,1071.4,10028579365,crypto
2022-08-19,ETH-USD,1051.23,1113.47,1040.2,1093.87,9424993518,crypto
2022-08-22,ETH-USD,1116.34,1139.2,1094.76,1130.05,6500526882,crypto
2022-08-23,ETH-USD,1109.77,1125.17,1108.83,1124.27,3272577668,crypto
2022-08-24,ETH-USD,1182.71,1201.55,1115.36,1121.18,4780191294,crypto
2022-08-25,ETH-USD,1131.85,1192.01,1071.49,1147.24,10158818297,crypto
2022-08-26,ETH-USD,1169.04,1180.22,1118.12,1133.21,3667716998,crypto
2022-08-29,ETH-USD,1287.0,1290.34,1222.14,1223.94,7283790126,crypto
2022-08-30,ETH-USD,1250.11,1289.3,1244.31,1282.28,6752404472,crypto
2022-08-31,ETH-USD,1272.99,1367.58,1258.4,1345.88,8600042952,crypto
2022-09-01,ETH-USD,1328.72,1336.98,1273.19,1276.73,3851612632,crypto
2022-09-02,ETH-USD,1226.22,1275.91,1223.47,1271.68,4899682629,crypto
2022-09-05,ETH-USD,1203.93,1260.05,1179.33,1251.34,7351020438,crypto
2022-09-06,ETH-USD,1119.5,1190.35,1102.76,1184.48,7003475025,crypto
2022-09-07,ETH-USD,1248.89,1261.02,1179.73,1208.66,3408330278,crypto
2022-09-08,ETH-USD,1141.15,1181.29,1132.5,1173.92,9951229643,crypto
2022-09-09,ETH-USD,1193.21,1236.55,1180.38,1217.49,3703220535,crypto
2022-09-12,ETH-USD,1152.22,1167.19,1106.14,1148.36,8648115484,crypto
2022-09-13,ETH-USD,1209.63,1287.14,1186.13,1262.73,9865575694,crypto
2022-09-14,ETH-USD,1141.75,1233.26,1118.13,1202.47,2760388810,crypto
2022-09-15,ETH-USD,1152.89,1233.63,1095.85,1217.55,3303944711,crypto
2022-09-16,ETH-USD,1323.58,1344.96,1263.43,1272.26,3102905282,crypto
2022-09-19,ETH-USD,1268.59,1289.03,1218.45,1233.44,9344129467,crypto
2022-09-20,ETH-USD,1259.4,1331.37,1224.36,1293.17,5922506253,crypto
2022-09-21,ETH-USD,1226.25,1257.98,1192.26,1209.12,7320784595,crypto
2022-09-22,ETH-USD,1371.61,1390.41,1284.93,1310.17,8172604948,crypto
2022-09-23,ETH-USD,1371.26,1398.08,1275.12,1311.71,7552664372,crypto
2022-09-26,ETH-USD,1278.04,1293.04,1256.43,1269.89,3231105582,crypto
2022-09-27,ETH-USD,1266.24,1319.07,1217.89,1249.67,9495512054,crypto
2022-09-28,ETH-USD,1353.34,1387.42,1263.91,1307.04,4905702807,crypto
2022-09-29,ETH-USD,1241.57,1278.2,1226.57,1266.2,5316901487,crypto
2022-09-30,ETH-USD,1242.02,1250.59,1183.62,1215.56,3929555167,crypto
2022-10-03,ETH-USD,1135.34,1233.14,1077.58,1201.32,6823663261,crypto
2022-10-04,ETH-USD,1101.45,1131.69,1097.93,1126.47,8636768089,crypto
2022-10-05,ETH-USD,1228.79,1269.99,1212.86,1245.6,5764921407,crypto
2022-10-06,ETH-USD,1201.55,1215.53,1191.4,1207.88,2895044109,crypto
2022-10-07,ETH-USD,1215.37,1280.68,1187.45,1264.92,5811218818,crypto
2022-10-10,ETH-USD,1251.76,1317.63,1241.68,1280.09,5376570825,crypto
2022-10-11,ETH-USD,1214.7,1230.16,1179.26,1213.1,7436049140,crypto
2022-10-12,ETH-USD,1228.25,1235.13,1207.67,1213.19,6258506530,crypto
2022-10-13,ETH-USD,1317.29,1337.55,1217.57,1267.15,9104796421,crypto
2022-10-14,ETH-USD,1278.79,1293.76,1242.67,1254.6,4681695095,crypto
2022-10-17,ETH-USD,1342.04,1356.93,1332.55,1340.23,6371669402,crypto
2022-10-18,ETH-USD,1357.5,1424.26,1352.36,1418.25,9849012430,crypto
2022-10-19,ETH-USD,1464.07,1516.25,1435.29,1492.36,9719648920,crypto
2022-10-20,ETH-USD,1380.24,1472.09,1351.27,1455.69,9510962884,crypto
2022-10-21,ETH-USD,1137.91,1168.35,1136.96,1166.46,11190435738,crypto
2022-10-24,ETH-USD,1147.7,1158.45,1120.94,1128.2,7935983139,crypto
2022-10-25,ETH-USD,1194.98,1216.37,1129.75,1140.9,7492199071,crypto
2022-10-26,ETH-USD,1179.42,1199.61,1153.69,1176.14,10831099210,crypto
2022-10-27,ETH-USD,1036.69,1047.71,1027.39,1044.14,8368066205,crypto
2022-10-28,ETH-USD,1004.81,1048.55,997.53,1044.1,8318561589,crypto
2022-10-31,ETH-USD,998.75,1066.71,971.04,1053.64,11375618788,crypto
2022-11-01,ETH-USD,994.61,1047.23,986.38,1038.09,11266662063,crypto
2022-11-02,ETH-USD,1079.36,1137.26,1057.53,1114.94,6751727416,crypto
2022-11-03,ETH-USD,1181.67,1231.32,1081.03,1141.56,4261151967,crypto
2022-11-04,ETH-USD,1181.03,1231.59,1169.82,1227.35,12076749631,crypto
2022-11-07,ETH-USD,1171.3,1219.45,1164.16,1213.35,8844839432,crypto
2022-11-08,ETH-USD,1241.42,1282.14,1236.27,1278.06,5457898496,crypto
2022-11-09,ETH-USD,1334.98,1410.82,1323.18,1398.88,3514161067,crypto
2022-11-10,ETH-USD,1528.62,1561.13,1474.18,1504.13,5194725302,crypto
2022-11-11,ETH-USD,1450.6,1472.02,1395.06,1417.01,4044394552,crypto
2022-11-14,ETH-USD,1375.47,1437.23,1363.79,1397.93,8081805105,crypto
2022-11-15,ETH-USD,1419.27,1442.92,1357.11,1372.19,11804015042,crypto
2022-11-16,ETH-USD,1457.31,1468.15,1387.15,1410.18,4420601108,crypto
2022-11-17,ETH-USD,1485.57,1504.62,1437.55,1465.02,11871065899,crypto
2022-11-18,ETH-USD,1380.56,1413.03,1370.05,1399.52,6322392546,crypto
2022-11-21,ETH-USD,1442.43,1445.52,1401.05,1405.32,7608070798,crypto
2022-11-22,ETH-USD,1285.63,1299.22,1245.4,1258.05,8827797256,crypto
2022-11-23,ETH-USD,1432.75,1462.82,1343.98,1362.43,7737327348,crypto
2022-11-24,ETH-USD,1346.69,1386.39,1312.65,1325.11,4166332888,crypto
2022-11-25,ETH-USD,1337.58,1374.86,1298.46,1329.72,9515605993,crypto
2022-11-28,ETH-USD,1331.11,1337.01,1302.85,1307.78,5829142467,crypto
2022-11-29,ETH-USD,1420.28,1431.28,1378.38,1393.43,12244906041,crypto
2022-11-30,ETH-USD,1177.66,1218.93,1156.02,1192.56,6593778327,crypto
2022-12-01,ETH-USD,1146.21,1205.68,1140.73,1191.95,8568469714,crypto
2022-12-02,ETH-USD,1233.63,1239.98,1176.56,1185.51,13289778386,crypto
2022-12-05,ETH-USD,1139.91,1172.64,1114.67,1156.76,5326243705,crypto
2022-12-06,ETH-USD,1287.35,1308.48,1258.62,1272.47,16499982399,crypto
2022-12-07,ETH-USD,1256.38,1271.61,1204.97,1212.35,14275885052,crypto
2022-12-08,ETH-USD,1292.83,1329.39,1234.41,1265.42,5418861496,crypto
2022-12-09,ETH-USD,1282.08,1299.77,1273.02,1290.98,16011138744,crypto
2022-12-12,ETH-USD,1339.93,1414.64,1314.94,1384.29,11899220463,crypto
2022-12-13,ETH-USD,1333.61,1348.71,1315.6,1334.94,11525899581,crypto
2022-12-14,ETH-USD,1222.26,1308.68,1198.19,1282.71,17622023914,crypto
2022-12-15,ETH-USD,1302.13,1373.98,1292.31,1362.96,5183436209,crypto
2022-12-16,ETH-USD,1373.22,1420.04,1356.81,1395.78,7469890002,crypto
2022-12-19,ETH-USD,1323.93,1336.41,1252.4,1282.59,5805808579,crypto
2022-12-20,ETH-USD,1202.18,1250.93,1190.19,1245.6,8205534500,crypto
2022-12-21,ETH-USD,1237.71,1327.75,1209.56,1272.86,10883778331,crypto
2022-12-22,ETH-USD,1316.68,1372.81,1280.5,1333.42,13095249773,crypto
2022-12-23,ETH-USD,1297.58,1309.94,1269.09,1285.04,17457044707,crypto
2022-12-26,ETH-USD,1079.22,1100.88,1070.62,1095.17,14919502727,crypto
2022-12-27,ETH-USD,1184.47,1198.7,1106.63,1127.59,11843766855,crypto
2022-12-28,ETH-USD,1104.57,1125.73,1047.32,1054.81,16020225387,crypto
2022-12-29,ETH-USD,972.04,1008.32,903.6,944.42,16831760010,crypto
2022-12-30,ETH-USD,848.05,855.68,801.17,808.51,15441959964,crypto
2023-01-02,ETH-USD,819.39,866.85,807.73,845.86,7778410069,crypto
2023-01-03,ETH-USD,815.67,856.6,809.07,852.21,11744601320,crypto
2023-01-04,ETH-USD,809.37,842.85,807.27,842.03,13392961525,crypto
2023-01-05,ETH-USD,928.21,971.72,873.08,909.25,17582513769,crypto
2023-01-06,ETH-USD,925.99,951.89,915.17,942.06,20503113313,crypto
2023-01-09,ETH-USD,986.57,1036.2,979.0,1030.05,6699375413,crypto
2023-01-10,ETH-USD,926.15,956.96,925.04,954.48,10994700361,crypto
2023-01-11,ETH-USD,988.78,1017.6,924.14,953.05,19647195454,crypto
2023-01-12,ETH-USD,886.24,896.21,863.99,872.31,22567093006,crypto
2023-01-13,ETH-USD,839.89,870.2,808.22,861.72,14857826547,crypto
2023-01-16,ETH-USD,845.24,869.11,826.15,850.36,10095318332,crypto
2023-01-17,ETH-USD,915.68,924.24,875.16,880.53,9833339511,crypto
2023-01-18,ETH-USD,930.54,937.28,876.69,883.09,6698719855,crypto
2023-01-19,ETH-USD,868.9,957.82,833.47,914.26,11728336127,crypto
2023-01-20,ETH-USD,911.64,991.85,872.19,950.7,22749860667,crypto
2023-01-23,ETH-USD,1128.81,1134.03,1058.35,1070.76,19241260827,crypto
2023-01-24,ETH-USD,1104.54,1118.93,1030.25,1052.77,19699201196,crypto
2023-01-25,ETH-USD,999.94,1027.22,990.73,1000.07,10467627221,crypto
2023-01-26,ETH-USD,995.76,1016.33,993.71,1014.1,12095458152,crypto
2023-01-27,ETH-USD,1015.14,1022.67,954.74,970.72,13848189084,crypto
2023-01-30,ETH-USD,1061.48,1083.88,1046.06,1053.57,10329280263,crypto
2023-01-31,ETH-USD,1022.82,1052.76,1007.21,1037.7,25230022691,crypto
2023-02-01,ETH-USD,1042.29,1064.02,986.27,1006.32,8257182242,crypto
2023-02-02,ETH-USD,958.5,994.99,935.29,980.97,24951208220,crypto
2023-02-03,ETH-USD,1065.22,1094.41,995.04,1020.91,7783421114,crypto
2023-02-06,ETH-USD,1038.53,1073.68,969.69,1012.5,21904684061,crypto
2023-02-07,ETH-USD,992.63,996.89,973.51,977.78,11865105506,crypto
2023-02-08,ETH-USD,1058.43,1085.53,1052.62,1072.0,11345834711,crypto
2023-02-09,ETH-USD,1025.62,1040.3,1014.58,1023.09,20426840329,crypto
2023-02-10,ETH-USD,1020.78,1039.13,1014.0,1025.51,7875245172,crypto
2023-02-13,ETH-USD,1016.97,1083.43,980.73,1063.39,15074093348,crypto
2023-02-14,ETH-USD,971.14,994.07,954.99,972.53,7830625011,crypto
2023-02-15,ETH-USD,1010.85,1027.99,968.77,998.96,26523652193,crypto
2023-02-16,ETH-USD,984.24,988.87,938.2,943.01,22183285604,crypto
2023-02-17,ETH-USD,943.94,994.63,930.37,987.06,27109225733,crypto
2023-02-20,ETH-USD,967.32,990.11,929.8,936.54,19472972620,crypto
2023-02-21,ETH-USD,1008.8,1023.37,955.75,973.3,22674081324,crypto
2023-02-22,ETH-USD,1000.51,1041.95,992.63,1034.75,8159361298,crypto
2023-02-23,ETH-USD,1029.04,1105.87,1015.83,1085.38,15465714425,crypto
2023-02-24,ETH-USD,1118.33,1122.77,1092.55,1100.93,14471876822,crypto
2023-02-27,ETH-USD,1092.88,1109.98,1046.1,1087.45,29031525665,crypto
2023-02-28,ETH-USD,1064.75,1092.77,1042.49,1053.94,10859717524,crypto
2023-03-01,ETH-USD,1098.19,1158.65,1076.12,1143.21,18026085562,crypto
2023-03-02,ETH-USD,1048.03,1116.79,1018.16,1100.5,27982562529,crypto
2023-03-03,ETH-USD,1038.17,1063.14,1032.89,1039.9,26848164701,crypto
2023-03-06,ETH-USD,1037.74,1087.77,1032.59,1079.1,27485122689,crypto
2023-03-07,ETH-USD,1030.89,1047.31,1012.26,1033.28,25534974649,crypto
2023-03-08,ETH-USD,961.28,990.93,949.49,981.06,23322540374,crypto
2023-03-09,ETH-USD,869.23,912.75,859.58,906.54,17008981527,crypto
2023-03-10,ETH-USD,834.99,913.07,794.74,883.14,28574198999,crypto
2023-03-13,ETH-USD,919.73,922.13,878.71,879.48,23684926710,crypto
2023-03-14,ETH-USD,887.42,893.92,885.75,891.67,23548982149,crypto
2023-03-15,ETH-USD,938.27,946.09,932.29,939.95,24282494186,crypto
2023-03-16,ETH-USD,927.6,1000.95,909.89,967.97,14672304825,crypto
2023-03-17,ETH-USD,956.21,980.73,937.13,958.25,7523896349,crypto
2023-03-20,ETH-USD,896.98,978.2,886.72,948.24,8581123993,crypto
2023-03-21,ETH-USD,1013.98,1017.01,971.38,975.61,14029562726,crypto
2023-03-22,ETH-USD,1067.23,1070.74,1035.27,1046.76,18369525822,crypto
2023-03-23,ETH-USD,1073.29,1120.86,1041.24,1054.48,21408507421,crypto
2023-03-24,ETH-USD,1051.98,1080.5,1012.43,1028.03,20507510507,crypto
2023-03-27,ETH-USD,931.83,990.84,907.97,973.78,15332241330,crypto
2023-03-28,ETH-USD,926.43,937.51,894.83,899.74,21132528236,crypto
2023-03-29,ETH-USD,936.16,950.01,918.33,933.69,13417030145,crypto
2023-03-30,ETH-USD,986.87,987.93,961.11,964.24,26217158874,crypto
2023-03-31,ETH-USD,1049.02,1075.17,955.79,995.75,11816636707,crypto
2023-04-03,ETH-USD,956.51,1009.0,948.57,989.12,9387706252,crypto
2023-04-04,ETH-USD,1040.71,1075.97,1035.42,1069.13,17597722007,crypto
2023-04-05,ETH-USD,1016.77,1057.96,1004.74,1041.45,24285861311,crypto
2023-04-06,ETH-USD,1132.93,1147.68,1092.21,1098.07,28256270166,crypto
2023-04-07,ETH-USD,1120.54,1121.69,1093.65,1096.17,25622450399,crypto
2023-04-10,ETH-USD,1003.24,1067.21,999.83,1060.53,14991032179,crypto
2023-04-11,ETH-USD,1061.0,1110.69,1040.51,1096.1,14671597475,crypto
2023-04-12,ETH-USD,1128.47,1154.64,1110.36,1121.52,13589942314,crypto
2023-04-13,ETH-USD,1107.34,1163.76,1098.4,1144.21,11318660551,crypto
2023-04-14,ETH-USD,1137.52,1162.92,1120.43,1149.8,15556264499,crypto
2023-04-17,ETH-USD,1174.49,1232.11,1087.26,1147.87,15556901614,crypto
2023-04-18,ETH-USD,1357.31,1376.67,1304.55,1309.53,11628936017,crypto
2023-04-19,ETH-USD,1467.39,1522.19,1336.17,1398.22,15857195905,crypto
2023-04-20,ETH-USD,1500.13,1510.01,1439.3,1455.51,14194575886,crypto
2023-04-21,ETH-USD,1479.94,1503.15,1410.96,1465.07,21263431031,crypto
2023-04-24,ETH-USD,1470.65,1555.38,1445.8,1549.14,21271635202,crypto
2023-04-25,ETH-USD,1602.63,1614.19,1590.29,1594.54,20975830170,crypto
2023-04-26,ETH-USD,1512.69,1607.05,1504.88,1597.48,22929736107,crypto
2023-04-27,ETH-USD,1627.66,1643.77,1563.78,1571.66,26713596004,crypto
2023-04-28,ETH-USD,1489.03,1580.05,1472.97,1565.31,27257590272,crypto
2023-05-01,ETH-USD,1303.9,1333.76,1294.41,1315.36,19095956976,crypto
2023-05-02,ETH-USD,1389.31,1437.42,1315.84,1331.21,7975395576,crypto
2023-05-03,ETH-USD,1309.18,1341.73,1261.01,1296.44,11497108909,crypto
2023-05-04,ETH-USD,1418.97,1453.87,1377.86,1415.7,12926256936,crypto
2023-05-05,ETH-USD,1490.63,1512.61,1371.39,1417.77,25585895341,crypto
2023-05-08,ETH-USD,1394.59,1401.32,1311.57,1328.56,25304528896,crypto
2023-05-09,ETH-USD,1343.67,1357.12,1281.18,1325.45,7530116328,crypto
2023-05-10,ETH-USD,1213.37,1263.15,1202.37,1251.84,11244037945,crypto
2023-05-11,ETH-USD,1238.77,1314.66,1231.87,1285.37,21746136529,crypto
2023-05-12,ETH-USD,1376.35,1382.94,1301.79,1306.63,7692135626,crypto
2023-05-15,ETH-USD,1433.22,1476.07,1324.19,1377.86,23406607191,crypto
2023-05-16,ETH-USD,1358.81,1421.37,1255.76,1319.74,23538112777,crypto
2023-05-17,ETH-USD,1394.55,1411.11,1317.71,1322.74,24615215651,crypto
2023-05-18,ETH-USD,1287.9,1322.62,1190.31,1227.56,6351151459,crypto
2023-05-19,ETH-USD,1275.97,1292.39,1251.26,1276.36,15422021878,crypto
2023-05-22,ETH-USD,1255.25,1361.1,1234.03,1313.83,11714733945,crypto
2023-05-23,ETH-USD,1366.5,1395.88,1324.0,1350.69,21644575401,crypto
2023-05-24,ETH-USD,1389.63,1403.59,1309.44,1351.35,13622571581,crypto
2023-05-25,ETH-USD,1321.97,1415.03,1294.2,1383.09,21842894644,crypto
2023-05-26,ETH-USD,1518.38,1572.51,1481.75,1511.28,10003719844,crypto
2023-05-29,ETH-USD,1554.84,1588.79,1478.2,1488.37,18467494765,crypto
2023-05-30,ETH-USD,1545.9,1570.8,1480.49,1500.36,12647281357,crypto
2023-05-31,ETH-USD,1364.79,1439.84,1338.43,1413.92,19826751051,crypto
2023-06-01,ETH-USD,1358.89,1388.77,1326.3,1348.53,12307996182,crypto
2023-06-02,ETH-USD,1429.38,1462.03,1331.5,1356.34,20837967876,crypto
2023-06-05,ETH-USD,1503.99,1534.99,1408.01,1441.82,13141609352,crypto
2023-06-06,ETH-USD,1381.82,1443.53,1352.34,1422.21,7644379260,crypto
2023-06-07,ETH-USD,1400.83,1420.84,1385.14,1404.44,21079925896,crypto
2023-06-08,ETH-USD,1355.8,1387.93,1300.3,1373.91,19843520414,crypto
2023-06-09,ETH-USD,1370.16,1376.58,1328.09,1334.62,6389612328,crypto
2023-06-12,ETH-USD,1421.94,1438.13,1327.14,1356.99,19065861162,crypto
2023-06-13,ETH-USD,1226.8,1285.08,1207.73,1250.22,6200338226,crypto
2023-06-14,ETH-USD,1355.34,1414.17,1312.45,1342.02,11083686495,crypto
2023-06-15,ETH-USD,1299.2,1331.11,1252.85,1294.31,17622702715,crypto
2023-06-16,ETH-USD,1336.68,1353.44,1318.52,1347.27,16400992561,crypto
2023-06-19,ETH-USD,1271.18,1272.59,1254.56,1256.88,14215603528,crypto
2023-06-20,ETH-USD,1296.92,1338.42,1273.75,1304.5,14046557549,crypto
2023-06-21,ETH-USD,1372.99,1425.78,1293.58,1354.15,13155512510,crypto
2023-06-22,ETH-USD,1323.0,1387.92,1320.75,1383.62,4874728841,crypto
2023-06-23,ETH-USD,1294.85,1343.82,1266.56,1310.5,7000072668,crypto
2023-06-26,ETH-USD,1259.4,1369.95,1221.32,1329.15,6610044861,crypto
2023-06-27,ETH-USD,1208.51,1251.17,1198.27,1245.91,15597385050,crypto
2023-06-28,ETH-USD,1163.72,1243.92,1153.45,1229.2,14874731827,crypto
2023-06-29,ETH-USD,1257.75,1336.86,1226.04,1301.33,14711849160,crypto
2023-06-30,ETH-USD,1382.78,1419.42,1332.44,1360.16,14761794184,crypto
2023-07-03,ETH-USD,1322.78,1395.94,1294.68,1361.84,7950026605,crypto
2023-07-04,ETH-USD,1335.15,1338.08,1287.21,1291.27,5364301186,crypto
2023-07-05,ETH-USD,1305.65,1363.33,1270.25,1338.47,11575536756,crypto
2023-07-06,ETH-USD,1366.73,1428.61,1313.42,1340.44,12918232990,crypto
2023-07-07,ETH-USD,1179.4,1193.72,1153.18,1180.31,7088695497,crypto
2023-07-10,ETH-USD,1199.42,1253.93,1187.87,1232.72,11780104195,crypto
2023-07-11,ETH-USD,1295.95,1340.51,1198.91,1231.57,14809333903,crypto
2023-07-12,ETH-USD,1340.37,1375.24,1292.8,1316.3,12966466924,crypto
2023-07-13,ETH-USD,1288.42,1317.33,1202.51,1239.84,11278962424,crypto
2023-07-14,ETH-USD,1056.4,1104.35,994.53,1041.51,6178136047,crypto
2023-07-17,ETH-USD,1096.43,1131.44,1035.68,1058.04,4021310364,crypto
2023-07-18,ETH-USD,1070.93,1095.31,1047.78,1075.57,13747195419,crypto
2023-07-19,ETH-USD,957.89,996.44,913.59,980.46,7993470194,crypto
2023-07-20,ETH-USD,935.68,965.84,899.57,929.46,6735354350,crypto
2023-07-21,ETH-USD,1109.2,1161.27,1042.7,1081.97,12564230645,crypto
2023-07-24,ETH-USD,1008.61,1067.82,1006.64,1064.36,11697341374,crypto
2023-07-25,ETH-USD,1135.38,1151.48,1093.59,1108.47,7473758443,crypto
2023-07-26,ETH-USD,1107.91,1110.79,1065.65,1069.93,5074372064,crypto
2023-07-27,ETH-USD,964.98,983.45,941.87,954.11,7926624152,crypto
2023-07-28,ETH-USD,970.39,983.02,933.65,945.6,9017546145,crypto
2023-07-31,ETH-USD,961.84,969.24,921.34,932.26,9813587119,crypto
2023-08-01,ETH-USD,955.03,958.51,908.04,912.34,8479949250,crypto
2023-08-02,ETH-USD,892.44,921.05,878.17,906.97,9089332304,crypto
2023-08-03,ETH-USD,904.77,932.82,888.52,920.62,3956801320,crypto
2023-08-04,ETH-USD,885.98,916.52,874.54,913.41,8496345160,crypto
2023-08-07,ETH-USD,869.91,897.33,820.89,852.41,9778682302,crypto
2023-08-08,ETH-USD,907.89,922.16,867.79,875.86,9399507420,crypto
2023-08-09,ETH-USD,753.51,802.54,734.52,787.13,3191390699,crypto
2023-08-10,ETH-USD,677.69,722.18,642.77,703.47,10008677243,crypto
2023-08-11,ETH-USD,727.64,738.55,720.64,732.95,9799698925,crypto
2023-08-14,ETH-USD,769.9,779.49,744.73,753.98,7329980995,crypto
2023-08-15,ETH-USD,766.53,777.91,740.65,751.9,3479591357,crypto
2023-08-16,ETH-USD,691.38,702.42,674.4,696.63,10342429305,crypto
2023-08-17,ETH-USD,650.55,671.54,647.92,670.3,10181510322,crypto
2023-08-18,ETH-USD,684.85,690.35,651.82,660.95,8343071710,crypto
2023-08-21,ETH-USD,633.88,646.56,591.91,605.65,7095200325,crypto
2023-08-22,ETH-USD,578.92,583.64,577.02,581.76,3438323519,crypto
2023-08-23,ETH-USD,626.2,646.92,578.86,603.25,5629318749,crypto
2023-08-24,ETH-USD,668.71,683.16,647.39,652.77,5986835060,crypto
2023-08-25,ETH-USD,615.25,654.96,596.2,638.14,6729132625,crypto
2023-08-28,ETH-USD,686.28,697.09,659.12,665.52,7177256203,crypto
2023-08-29,ETH-USD,594.24,611.21,573.18,599.26,5913532692,crypto
2023-08-30,ETH-USD,645.17,647.25,620.14,621.64,9864937900,crypto
2023-08-31,ETH-USD,594.6,598.73,587.53,594.99,7997565855,crypto
2023-09-01,ETH-USD,626.79,642.23,582.55,605.38,3490048453,crypto
2023-09-04,ETH-USD,612.12,624.68,580.57,597.42,3285983008,crypto
2023-09-05,ETH-USD,661.1,664.27,639.82,642.68,8380028471,crypto
2023-09-06,ETH-USD,614.81,621.99,594.03,612.75,8920677698,crypto
2023-09-07,ETH-USD,619.99,636.0,618.53,634.52,7078287470,crypto
2023-09-08,ETH-USD,611.19,627.35,604.11,625.09,6655590965,crypto
2023-09-11,ETH-USD,602.03,630.69,593.73,619.92,5215209648,crypto
2023-09-12,ETH-USD,605.73,618.62,596.45,613.93,3326493355,crypto
2023-09-13,ETH-USD,592.1,601.41,578.07,586.26,3956848266,crypto
2023-09-14,ETH-USD,608.66,610.14,584.25,586.04,5776261296,crypto
2023-09-15,ETH-USD,566.59,601.26,548.11,584.26,7663940051,crypto
2023-09-18,ETH-USD,603.02,621.79,575.82,592.3,7624226680,crypto
2023-09-19,ETH-USD,563.59,596.84,560.36,595.3,9690051388,crypto
2023-09-20,ETH-USD,629.44,645.89,595.72,622.26,5104372083,crypto
2023-09-21,ETH-USD,651.48,658.35,649.14,654.94,8947799696,crypto
2023-09-22,ETH-USD,626.2,631.07,613.6,618.42,6291100150,crypto
2023-09-25,ETH-USD,624.36,657.17,605.44,648.94,5615372145,crypto
2023-09-26,ETH-USD,627.39,644.15,585.7,608.2,5941847861,crypto
2023-09-27,ETH-USD,647.3,655.84,617.0,628.43,7903075822,crypto
2023-09-28,ETH-USD,646.34,658.4,630.26,650.48,8411438735,crypto
2023-09-29,ETH-USD,558.81,610.14,552.11,585.81,4793485348,crypto
2023-10-02,ETH-USD,609.06,610.1,588.12,589.05,7789563657,crypto
2023-10-03,ETH-USD,575.6,591.05,558.95,574.29,2947167942,crypto
2023-10-04,ETH-USD,577.72,583.07,544.22,551.04,4072244332,crypto
2023-10-05,ETH-USD,587.23,602.95,584.53,593.78,8016003019,crypto
2023-10-06,ETH-USD,542.06,575.4,539.68,573.04,4999018701,crypto
2023-10-09,ETH-USD,545.94,558.49,531.17,548.4,7241944552,crypto
2023-10-10,ETH-USD,535.16,562.93,521.68,550.91,3180131111,crypto
2023-10-11,ETH-USD,593.09,613.68,556.63,572.3,3444484326,crypto
2023-10-12,ETH-USD,556.44,578.92,544.8,568.09,3383707271,crypto
2023-10-13,ETH-USD,583.29,609.79,575.96,605.97,8620352567,crypto
2023-10-16,ETH-USD,644.51,646.91,618.38,624.18,9450820799,crypto
2023-10-17,ETH-USD,528.14,571.01,517.29,553.93,4053297609,crypto
2023-10-18,ETH-USD,532.98,550.69,528.13,538.24,7855966962,crypto
2023-10-19,ETH-USD,532.42,546.7,506.96,522.07,12093585598,crypto
2023-10-20,ETH-USD,542.15,554.82,522.78,536.24,9622670844,crypto
2023-10-23,ETH-USD,414.61,423.2,411.04,417.9,6441016477,crypto
2023-10-24,ETH-USD,491.51,492.41,480.21,480.99,7670317881,crypto
2023-10-25,ETH-USD,474.41,496.02,473.46,495.44,11602414505,crypto
2023-10-26,ETH-USD,508.19,509.43,498.36,499.72,4271731584,crypto
2023-10-27,ETH-USD,504.52,537.16,498.51,533.48,12031734640,crypto
2023-10-30,ETH-USD,579.11,615.41,564.73,607.12,6977371950,crypto
2023-10-31,ETH-USD,631.57,656.16,608.79,637.16,6895831370,crypto
2023-11-01,ETH-USD,643.11,676.94,634.75,671.56,4249087459,crypto
2023-11-02,ETH-USD,694.12,708.8,663.7,676.68,10566369585,crypto
2023-11-03,ETH-USD,690.18,707.13,664.11,671.7,7304788867,crypto
2023-11-06,ETH-USD,672.05,676.35,651.93,654.61,11957070132,crypto
2023-11-07,ETH-USD,656.07,665.74,614.21,625.78,8658365222,crypto
2023-11-08,ETH-USD,625.77,630.54,596.68,602.82,12824675067,crypto
2023-11-09,ETH-USD,574.02,575.05,557.88,559.89,11820615863,crypto
2023-11-10,ETH-USD,568.04,596.5,544.81,557.78,12791708323,crypto
2023-11-13,ETH-USD,490.49,522.07,471.0,508.62,3869297348,crypto
2023-11-14,ETH-USD,492.16,536.97,477.79,514.2,5051848467,crypto
2023-11-15,ETH-USD,520.5,523.13,510.13,513.38,10064798393,crypto
2023-11-16,ETH-USD,511.87,520.47,509.53,517.75,14751967244,crypto
2023-11-17,ETH-USD,502.14,513.98,495.89,503.29,8709965799,crypto
2023-11-20,ETH-USD,588.95,615.85,570.14,596.33,4416619763,crypto
2023-11-21,ETH-USD,647.07,660.97,640.01,642.91,7713571898,crypto
2023-11-22,ETH-USD,612.7,620.6,597.39,600.62,13585726057,crypto
2023-11-23,ETH-USD,580.4,619.81,557.29,608.6,14008180386,crypto
2023-11-24,ETH-USD,618.29,624.18,584.8,588.82,13079022891,crypto
2023-11-27,ETH-USD,583.75,586.94,552.82,557.09,8178530658,crypto
2023-11-28,ETH-USD,504.29,518.96,501.93,517.71,6466231096,crypto
2023-11-29,ETH-USD,532.9,534.23,527.97,530.38,8411708208,crypto
2023-11-30,ETH-USD,493.79,512.32,492.45,511.08,14296658329,crypto
2023-12-01,ETH-USD,565.69,582.45,518.84,539.23,11447952902,crypto
2023-12-04,ETH-USD,571.37,588.36,550.91,569.76,12171884431,crypto
2023-12-05,ETH-USD,619.9,628.75,608.29,614.72,11293571120,crypto
2023-12-06,ETH-USD,574.91,605.64,568.77,586.81,12047065180,crypto
2023-12-07,ETH-USD,605.66,608.29,600.25,602.59,11122241250,crypto
2023-12-08,ETH-USD,596.36,637.04,582.85,624.17,19923513338,crypto
2023-12-11,ETH-USD,575.52,616.19,564.45,608.35,17223888597,crypto
2023-12-12,ETH-USD,606.73,619.18,558.74,583.3,6580716047,crypto
2023-12-13,ETH-USD,660.62,665.72,628.87,637.54,20048387517,crypto
2023-12-14,ETH-USD,642.18,656.05,615.51,645.83,11774655784,crypto
2023-12-15,ETH-USD,654.74,677.74,645.07,669.08,14241924864,crypto
2023-12-18,ETH-USD,644.97,648.61,637.29,639.76,16489732657,crypto
2023-12-19,ETH-USD,603.82,617.21,588.22,598.5,21378315549,crypto
2023-12-20,ETH-USD,551.39,585.58,546.73,580.28,5709157912,crypto
2023-12-21,ETH-USD,607.72,609.52,573.42,576.57,17151316448,crypto
2023-12-22,ETH-USD,527.36,548.59,525.71,544.01,21135076156,crypto
2023-12-25,ETH-USD,528.5,557.91,506.93,543.93,11287602954,crypto
2023-12-26,ETH-USD,509.76,513.61,483.64,495.89,20104243616,crypto
2023-12-27,ETH-USD,475.3,480.15,460.76,466.45,12257343731,crypto
2023-12-28,ETH-USD,484.36,494.28,472.93,484.18,22852599110,crypto
2023-12-29,ETH-USD,510.64,533.11,485.36,500.73,20652946188,crypto
2024-01-01,ETH-USD,509.15,514.32,488.31,490.25,17294373997,crypto
2024-01-02,ETH-USD,454.67,468.3,452.44,463.74,13948307827,crypto
2024-01-03,ETH-USD,454.53,460.13,435.88,438.44,16264150625,crypto
2024-01-04,ETH-USD,435.82,454.08,410.43,429.7,21457563955,crypto
2024-01-05,ETH-USD,463.4,482.29,426.39,445.39,8171305543,crypto
2024-01-08,ETH-USD,452.51,475.38,436.82,468.9,8528392905,crypto
2024-01-09,ETH-USD,443.06,466.04,436.19,456.45,8150562362,crypto
2024-01-10,ETH-USD,441.41,443.72,426.34,428.56,12343132906,crypto
2024-01-11,ETH-USD,413.69,437.49,408.14,435.1,21807055696,crypto
2024-01-12,ETH-USD,416.97,428.1,404.44,416.0,18507918799,crypto
2024-01-15,ETH-USD,401.29,415.28,394.03,404.47,21903071098,crypto
2024-01-16,ETH-USD,417.78,440.88,407.29,435.23,17624670422,crypto
2024-01-17,ETH-USD,460.94,467.44,450.21,455.66,16189488893,crypto
2024-01-18,ETH-USD,444.05,474.16,427.97,459.82,8509695571,crypto
2024-01-19,ETH-USD,408.37,438.03,404.61,428.93,19197408321,crypto
2024-01-22,ETH-USD,430.72,435.34,426.6,434.12,9194725252,crypto
2024-01-23,ETH-USD,470.9,487.58,447.4,460.43,10461377187,crypto
2024-01-24,ETH-USD,434.9,452.63,431.14,451.2,12374701969,crypto
2024-01-25,ETH-USD,487.55,503.2,471.59,486.2,23595014633,crypto
2024-01-26,ETH-USD,532.21,533.4,519.88,522.23,15916086049,crypto
2024-01-29,ETH-USD,639.47,687.09,635.94,675.56,23455763288,crypto
2024-01-30,ETH-USD,662.18,697.12,654.36,687.27,24887625323,crypto
2024-01-31,ETH-USD,748.02,749.72,704.41,710.12,12189415106,crypto
2024-02-01,ETH-USD,756.7,794.89,740.8,767.86,15784954942,crypto
2024-02-02,ETH-USD,825.24,834.35,762.88,787.31,16169616984,crypto
2024-02-05,ETH-USD,752.41,770.7,751.48,766.2,24310892947,crypto
2024-02-06,ETH-USD,732.11,754.12,723.01,747.83,20492968131,crypto
2024-02-07,ETH-USD,732.37,759.05,730.36,758.01,20930876767,crypto
2024-02-08,ETH-USD,692.74,709.9,683.63,706.36,8434145986,crypto
2024-02-09,ETH-USD,676.34,732.37,650.49,701.09,25132742512,crypto
2024-02-12,ETH-USD,756.69,758.8,742.87,744.97,13112719241,crypto
2024-02-13,ETH-USD,667.46,676.87,641.1,660.65,11127162025,crypto
2024-02-14,ETH-USD,735.82,746.71,704.55,719.12,29286271346,crypto
2024-02-15,ETH-USD,788.39,805.46,755.15,765.22,19194564128,crypto
2024-02-16,ETH-USD,725.88,751.2,722.02,746.41,19347968616,crypto
2024-02-19,ETH-USD,778.57,785.47,746.78,769.36,12498274533,crypto
2024-02-20,ETH-USD,738.2,794.39,708.03,769.8,13940393830,crypto
2024-02-21,ETH-USD,839.72,850.96,817.55,824.01,16555088999,crypto
2024-02-22,ETH-USD,850.97,877.1,843.18,870.12,28684373421,crypto
2024-02-23,ETH-USD,803.53,809.59,791.06,805.95,19225319411,crypto
2024-02-26,ETH-USD,843.03,859.64,819.92,832.74,24834632409,crypto
2024-02-27,ETH-USD,804.49,831.28,790.64,823.71,11430672533,crypto
2024-02-28,ETH-USD,868.29,896.02,807.34,827.8,17574171785,crypto
2024-02-29,ETH-USD,823.73,826.01,786.26,795.62,11151006086,crypto
2024-03-01,ETH-USD,881.99,916.24,853.31,876.26,21462894653,crypto
2024-03-04,ETH-USD,904.94,948.49,892.97,928.22,21700997901,crypto
2024-03-05,ETH-USD,898.37,900.58,889.78,891.57,29100716057,crypto
2024-03-06,ETH-USD,802.32,838.6,789.77,828.8,18082292296,crypto
2024-03-07,ETH-USD,790.18,816.53,779.94,811.73,12030459400,crypto
2024-03-08,ETH-USD,840.1,842.6,830.13,831.69,19877532244,crypto
2024-03-11,ETH-USD,816.41,861.62,797.52,843.09,23896537482,crypto
2024-03-12,ETH-USD,920.21,940.35,885.64,903.61,17595219037,crypto
2024-03-13,ETH-USD,952.36,968.8,928.8,944.11,9870463222,crypto
2024-03-14,ETH-USD,1035.14,1043.66,961.38,996.22,26640533432,crypto
2024-03-15,ETH-USD,968.38,1028.46,949.79,1014.7,9298470297,crypto
2024-03-18,ETH-USD,967.19,970.25,938.94,940.43,28715402968,crypto
2024-03-19,ETH-USD,976.33,986.85,911.57,930.73,25939942188,crypto
2024-03-20,ETH-USD,1011.75,1016.59,975.62,987.01,19510242025,crypto
2024-03-21,ETH-USD,1032.66,1054.06,970.11,984.61,22120131118,crypto
2024-03-22,ETH-USD,1055.73,1067.96,1006.68,1012.64,22779210950,crypto
2024-03-25,ETH-USD,980.98,1043.82,928.52,995.44,20093448862,crypto
2024-03-26,ETH-USD,980.64,999.06,933.17,941.0,24093767276,crypto
2024-03-27,ETH-USD,918.05,936.67,915.26,935.01,20002058878,crypto
2024-03-28,ETH-USD,949.8,973.74,934.44,951.42,22902906928,crypto
2024-03-29,ETH-USD,958.61,996.86,893.04,918.09,17577391153,crypto
2024-04-01,ETH-USD,915.38,948.24,876.57,906.63,9958408982,crypto
2024-04-02,ETH-USD,893.95,915.09,816.51,861.31,22016969989,crypto
2024-04-03,ETH-USD,763.81,787.93,756.82,778.91,23268295375,crypto
2024-04-04,ETH-USD,798.29,812.54,734.56,766.71,8698634486,crypto
2024-04-05,ETH-USD,854.2,866.48,822.21,830.81,12365316905,crypto
2024-04-08,ETH-USD,939.8,973.61,876.2,904.05,11271970896,crypto
2024-04-09,ETH-USD,872.73,920.93,865.65,900.39,23382472895,crypto
2024-04-10,ETH-USD,818.53,877.83,798.37,852.15,14062435771,crypto
2024-04-11,ETH-USD,769.32,784.17,727.41,760.09,20475717697,crypto
2024-04-12,ETH-USD,691.14,720.04,672.41,701.26,17172083320,crypto
2024-04-15,ETH-USD,641.62,658.36,629.21,650.48,14949597287,crypto
2024-04-16,ETH-USD,667.37,708.06,658.2,702.0,12107206241,crypto
2024-04-17,ETH-USD,684.32,725.02,670.22,706.77,22839083148,crypto
2024-04-18,ETH-USD,741.34,747.72,717.79,722.37,8254998865,crypto
2024-04-19,ETH-USD,618.2,656.43,592.97,639.58,8542157784,crypto
2024-04-22,ETH-USD,615.03,620.74,577.33,599.04,23549306985,crypto
2024-04-23,ETH-USD,615.5,656.78,597.95,629.24,24343950565,crypto
2024-04-24,ETH-USD,633.41,641.78,630.48,639.5,14384956855,crypto
2024-04-25,ETH-USD,648.32,660.18,616.61,634.59,17464597736,crypto
2024-04-26,ETH-USD,654.04,674.04,627.49,654.88,25377754740,crypto
2024-04-29,ETH-USD,725.75,751.24,692.26,716.82,24693141914,crypto
2024-04-30,ETH-USD,725.03,735.28,692.5,708.44,10065995399,crypto
2024-05-01,ETH-USD,733.91,760.79,684.76,711.43,24706616231,crypto
2024-05-02,ETH-USD,717.41,737.28,697.12,719.3,11624936160,crypto
2024-05-03,ETH-USD,789.19,833.79,781.32,820.77,15010860379,crypto
2024-05-06,ETH-USD,739.34,741.71,729.4,731.56,7608822450,crypto
2024-05-07,ETH-USD,782.15,805.23,748.15,759.87,17598570215,crypto
2024-05-08,ETH-USD,716.53,758.64,713.77,755.39,11155034653,crypto
2024-05-09,ETH-USD,771.82,781.34,769.23,779.62,8741189413,crypto
2024-05-10,ETH-USD,770.64,785.49,732.83,752.24,23142562350,crypto
2024-05-13,ETH-USD,763.5,770.89,743.4,750.52,9111767664,crypto
2024-05-14,ETH-USD,795.96,805.65,775.25,780.78,6415232378,crypto
2024-05-15,ETH-USD,969.31,998.14,895.3,926.95,6436452141,crypto
2024-05-16,ETH-USD,1007.37,1024.54,962.58,969.46,6768323056,crypto
2024-05-17,ETH-USD,906.07,939.78,895.63,925.65,19718931219,crypto
2024-05-20,ETH-USD,914.64,919.48,901.1,904.69,15585239923,crypto
2024-05-21,ETH-USD,864.73,888.23,851.52,882.76,16938620192,crypto
2024-05-22,ETH-USD,774.98,814.96,762.23,800.06,10056768441,crypto
2024-05-23,ETH-USD,769.73,794.69,758.79,785.98,20486364781,crypto
2024-05-24,ETH-USD,842.42,855.06,804.49,818.64,5373571559,crypto
2024-05-27,ETH-USD,783.11,799.41,740.84,763.54,18988967828,crypto
2024-05-28,ETH-USD,813.42,825.32,783.3,809.18,16907411769,crypto
2024-05-29,ETH-USD,819.52,847.25,796.96,831.52,11020871522,crypto
2024-05-30,ETH-USD,809.37,819.51,790.95,798.93,8701654123,crypto
2024-05-31,ETH-USD,813.11,820.78,789.0,793.05,11483580478,crypto
2024-06-03,ETH-USD,820.28,872.68,811.41,866.27,8629537145,crypto
2024-06-04,ETH-USD,870.01,911.25,858.9,902.29,10189678734,crypto
2024-06-05,ETH-USD,862.19,909.48,859.36,903.09,11962540019,crypto
2024-06-06,ETH-USD,866.57,906.69,846.25,891.72,8471145848,crypto
2024-06-07,ETH-USD,895.88,908.15,875.12,895.84,17076485183,crypto
2024-06-10,ETH-USD,823.66,889.82,807.24,871.33,6139655185,crypto
2024-06-11,ETH-USD,797.43,826.82,739.21,776.39,7763798060,crypto
2024-06-12,ETH-USD,882.9,904.84,843.99,869.03,11925217556,crypto
2024-06-13,ETH-USD,896.09,928.59,857.4,876.83,17014065956,crypto
2024-06-14,ETH-USD,894.54,908.47,882.86,896.61,7157318559,crypto
2024-06-17,ETH-USD,894.65,901.46,888.03,894.11,11143391652,crypto
2024-06-18,ETH-USD,896.89,907.6,850.05,859.03,11254819208,crypto
2024-06-19,ETH-USD,823.5,854.56,819.99,850.63,11143318953,crypto
2024-06-20,ETH-USD,795.92,812.49,760.19,779.31,8538647444,crypto
2024-06-21,ETH-USD,895.29,921.63,864.42,883.64,12922483410,crypto
2024-06-24,ETH-USD,868.98,898.32,795.25,825.96,10878662394,crypto
2024-06-25,ETH-USD,768.76,791.36,753.0,780.7,14488183090,crypto
2024-06-26,ETH-USD,749.34,774.16,743.02,762.33,6420791332,crypto
2024-06-27,ETH-USD,826.51,843.9,787.25,818.62,10633220873,crypto
2024-06-28,ETH-USD,839.12,845.08,813.34,819.6,6129746832,crypto
2024-07-01,ETH-USD,792.93,813.77,757.84,766.04,5255372040,crypto
2024-07-02,ETH-USD,849.66,862.33,811.9,821.08,11502795624,crypto
2024-07-03,ETH-USD,862.09,895.09,838.77,855.11,12158928997,crypto
2024-07-04,ETH-USD,889.65,893.98,879.6,881.16,9273163283,crypto
2024-07-05,ETH-USD,957.71,961.96,907.24,916.9,6778143944,crypto
2024-07-08,ETH-USD,1011.46,1052.97,989.1,1046.38,7325852789,crypto
2024-07-09,ETH-USD,1122.56,1184.25,1116.85,1180.48,5478070863,crypto
2024-07-10,ETH-USD,1111.76,1165.79,1079.76,1137.18,10375982181,crypto
2024-07-11,ETH-USD,1181.99,1253.54,1174.36,1243.91,7063230780,crypto
2024-07-12,ETH-USD,1293.79,1311.72,1248.41,1270.92,10787705531,crypto
2024-07-15,ETH-USD,1269.06,1350.36,1245.19,1306.81,12073237591,crypto
2024-07-16,ETH-USD,1198.79,1209.03,1184.05,1191.14,4213942675,crypto
2024-07-17,ETH-USD,1195.29,1221.3,1168.86,1180.5,4680995049,crypto
2024-07-18,ETH-USD,1152.26,1178.37,1103.62,1129.34,10804135350,crypto
2024-07-19,ETH-USD,1243.79,1247.88,1178.94,1182.44,12335305851,crypto
2024-07-22,ETH-USD,1270.68,1276.71,1228.85,1254.69,11304775291,crypto
2024-07-23,ETH-USD,1147.77,1185.19,1102.54,1119.85,5330023736,crypto
2024-07-24,ETH-USD,1072.6,1150.23,1046.01,1118.94,7549116452,crypto
2024-07-25,ETH-USD,1215.12,1222.79,1184.13,1190.63,11237914037,crypto
2024-07-26,ETH-USD,1198.44,1212.49,1159.6,1178.94,9792954847,crypto
2024-07-29,ETH-USD,1164.26,1250.59,1137.34,1227.66,7884360167,crypto
2024-07-30,ETH-USD,1195.13,1265.19,1164.46,1252.11,4848239286,crypto
2024-07-31,ETH-USD,1295.2,1339.81,1230.82,1276.37,5826035878,crypto
2024-08-01,ETH-USD,1207.14,1266.18,1204.34,1257.97,4497518826,crypto
2024-08-02,ETH-USD,1118.32,1185.58,1111.5,1177.02,9813132342,crypto
2024-08-05,ETH-USD,1121.14,1148.92,1092.84,1107.05,4325027627,crypto
2024-08-06,ETH-USD,1103.69,1172.8,1095.33,1151.56,5453440989,crypto
2024-08-07,ETH-USD,1192.76,1219.46,1096.01,1153.25,9851646253,crypto
2024-08-08,ETH-USD,1084.89,1193.21,1037.3,1144.96,10272099471,crypto
2024-08-09,ETH-USD,1156.69,1162.86,1102.16,1119.02,4030513391,crypto
2024-08-12,ETH-USD,1062.32,1112.78,1015.36,1100.83,9315038469,crypto
2024-08-13,ETH-USD,1136.2,1221.67,1106.49,1166.55,10285494821,crypto
2024-08-14,ETH-USD,1087.93,1186.16,1063.19,1145.69,3242563590,crypto
2024-08-15,ETH-USD,1091.44,1110.02,1047.78,1064.66,10022657265,crypto
2024-08-16,ETH-USD,1052.83,1126.02,1044.54,1109.55,9028304204,crypto
2024-08-19,ETH-USD,1053.43,1114.44,1037.04,1097.55,6440152989,crypto
2024-08-20,ETH-USD,1127.48,1143.74,1082.47,1099.89,10018953571,crypto
2024-08-21,ETH-USD,1218.37,1243.59,1178.47,1202.05,7525640995,crypto
2024-08-22,ETH-USD,1220.61,1226.34,1199.21,1201.17,6990671747,crypto
2024-08-23,ETH-USD,1287.03,1337.2,1167.46,1220.92,6703239499,crypto
2024-08-26,ETH-USD,1116.95,1147.67,1115.51,1144.72,8172058854,crypto
2024-08-27,ETH-USD,1079.11,1168.79,1067.13,1131.43,6324900606,crypto
2024-08-28,ETH-USD,1121.7,1182.64,1115.36,1170.47,9963931314,crypto
2024-08-29,ETH-USD,1132.91,1149.31,1060.73,1074.93,3763663318,crypto
2024-08-30,ETH-USD,1062.17,1098.62,1028.55,1087.31,3416325859,crypto
2024-09-02,ETH-USD,1101.41,1108.35,1079.54,1093.79,4813166841,crypto
2024-09-03,ETH-USD,1065.27,1101.64,1062.49,1096.71,8038037488,crypto
2024-09-04,ETH-USD,1179.39,1206.64,1146.76,1161.56,4178631957,crypto
2024-09-05,ETH-USD,1169.77,1192.63,1141.5,1183.59,9053708874,crypto
2024-09-06,ETH-USD,1270.79,1322.5,1227.34,1284.35,5666628898,crypto
2024-09-09,ETH-USD,1200.47,1255.96,1163.98,1216.53,3807978592,crypto
2024-09-10,ETH-USD,1285.39,1318.61,1207.71,1226.15,9325603940,crypto
2024-09-11,ETH-USD,1186.91,1255.68,1179.44,1232.35,8435895288,crypto
2024-09-12,ETH-USD,1118.22,1179.92,1110.04,1162.43,9522718963,crypto
2024-09-13,ETH-USD,1215.87,1253.97,1188.93,1225.7,9065132438,crypto
2024-09-16,ETH-USD,1379.56,1416.66,1371.19,1393.43,10045484049,crypto
2024-09-17,ETH-USD,1438.9,1447.85,1369.34,1392.68,8422362579,crypto
2024-09-18,ETH-USD,1484.63,1511.77,1417.64,1432.48,4488156614,crypto
2024-09-19,ETH-USD,1373.4,1469.82,1325.97,1439.73,8154859957,crypto
2024-09-20,ETH-USD,1400.06,1418.05,1351.73,1384.88,7732900823,crypto
2024-09-23,ETH-USD,1282.16,1302.77,1247.7,1253.41,8320159944,crypto
2024-09-24,ETH-USD,1178.46,1235.81,1142.82,1206.17,10848208410,crypto
2024-09-25,ETH-USD,1110.81,1127.41,1100.37,1117.72,8203128954,crypto
2024-09-26,ETH-USD,1244.09,1273.22,1202.78,1228.04,5061078571,crypto
2024-09-27,ETH-USD,1259.33,1266.83,1206.62,1220.78,8289292804,crypto
2024-09-30,ETH-USD,1147.06,1210.03,1133.0,1198.25,6537112826,crypto
2024-10-01,ETH-USD,1190.67,1313.84,1148.28,1258.81,4696835674,crypto
2024-10-02,ETH-USD,1225.4,1237.53,1169.92,1183.97,9838613712,crypto
2024-10-03,ETH-USD,1083.79,1177.14,1048.96,1135.52,8781628639,crypto
2024-10-04,ETH-USD,1193.16,1197.0,1132.71,1140.24,9857419839,crypto
2024-10-07,ETH-USD,1169.25,1250.61,1133.06,1207.1,7427149288,crypto
2024-10-08,ETH-USD,1179.76,1262.33,1155.5,1241.36,7118941901,crypto
2024-10-09,ETH-USD,1321.94,1363.29,1214.84,1258.94,12228655365,crypto
2024-10-10,ETH-USD,1305.72,1313.36,1255.45,1264.86,3214957436,crypto
2024-10-11,ETH-USD,1269.86,1316.12,1221.83,1293.53,6819337302,crypto
2024-10-14,ETH-USD,1293.97,1371.61,1256.4,1308.48,12319989753,crypto
2024-10-15,ETH-USD,1205.97,1258.88,1194.41,1236.92,9097937700,crypto
2024-10-16,ETH-USD,1177.9,1296.42,1141.92,1240.55,6029006460,crypto
2024-10-17,ETH-USD,1233.01,1267.52,1154.73,1169.88,4777723740,crypto
2024-10-18,ETH-USD,1207.83,1229.38,1143.94,1175.58,11631253093,crypto
2022-01-03,SOL-USD,22.0,22.56,21.14,21.34,1251967292,crypto
2022-01-04,SOL-USD,24.1,25.51,22.99,25.18,1049040871,crypto
2022-01-05,SOL-USD,26.39,26.86,24.64,25.13,846854823,crypto
2022-01-06,SOL-USD,21.52,23.2,21.32,22.95,1016657576,crypto
2022-01-07,SOL-USD,23.99,24.12,22.63,22.77,867453446,crypto
2022-01-10,SOL-USD,23.25,24.24,22.85,23.56,1723461395,crypto
2022-01-11,SOL-USD,26.49,26.55,26.27,26.28,1311717884,crypto
2022-01-12,SOL-USD,25.86,26.41,24.85,25.31,2072831780,crypto
2022-01-13,SOL-USD,21.56,23.39,21.1,22.85,802065175,crypto
2022-01-14,SOL-USD,23.41,24.41,22.93,24.11,1857059383,crypto
2022-01-17,SOL-USD,22.55,22.83,21.84,22.06,1474149761,crypto
2022-01-18,SOL-USD,21.93,22.23,20.83,21.45,1140547971,crypto
2022-01-19,SOL-USD,20.48,21.56,20.1,21.11,1916347683,crypto
2022-01-20,SOL-USD,19.76,21.2,19.38,21.03,1840792952,crypto
2022-01-21,SOL-USD,22.84,23.0,21.64,22.0,976602100,crypto
2022-01-24,SOL-USD,21.16,21.93,20.76,21.06,2116666943,crypto
2022-01-25,SOL-USD,19.82,21.04,19.6,20.7,1640130889,crypto
2022-01-26,SOL-USD,21.66,21.91,20.15,20.69,2319890104,crypto
2022-01-27,SOL-USD,21.9,22.08,20.73,20.91,1455120884,crypto
2022-01-28,SOL-USD,19.82,21.11,19.76,21.05,1227538973,crypto
2022-01-31,SOL-USD,21.54,21.82,21.37,21.67,2405655864,crypto
2022-02-01,SOL-USD,21.63,23.28,21.47,22.91,1631049292,crypto
2022-02-02,SOL-USD,23.06,23.64,22.82,23.51,1267209924,crypto
2022-02-03,SOL-USD,23.36,24.42,22.93,24.23,1844388500,crypto
2022-02-04,SOL-USD,21.57,22.1,21.23,21.88,1539772903,crypto
2022-02-07,SOL-USD,21.43,22.31,21.14,21.96,1356565973,crypto
2022-02-08,SOL-USD,22.83,23.33,22.24,22.67,1787654317,crypto
2022-02-09,SOL-USD,23.3,24.98,22.64,23.78,1615674474,crypto
2022-02-10,SOL-USD,21.56,23.48,21.24,22.75,2221424525,crypto
2022-02-11,SOL-USD,22.59,23.12,20.89,21.81,2215909320,crypto
2022-02-14,SOL-USD,20.31,21.49,19.88,21.02,2604451388,crypto
2022-02-15,SOL-USD,20.37,21.88,20.24,21.78,1484935184,crypto
2022-02-16,SOL-USD,24.75,25.41,23.06,23.31,2164953220,crypto
2022-02-17,SOL-USD,22.98,23.57,22.08,22.72,2104862051,crypto
2022-02-18,SOL-USD,22.93,24.84,22.24,24.11,1388733644,crypto
2022-02-21,SOL-USD,24.99,25.07,24.27,24.32,2172488643,crypto
2022-02-22,SOL-USD,22.96,24.29,22.5,24.14,1505605018,crypto
2022-02-23,SOL-USD,23.7,23.89,23.68,23.82,2474868941,crypto
2022-02-24,SOL-USD,24.82,25.31,24.19,25.02,1910947944,crypto
2022-02-25,SOL-USD,25.82,26.47,24.98,25.57,1972818760,crypto
2022-02-28,SOL-USD,28.95,31.03,28.0,29.67,2208764030,crypto
2022-03-01,SOL-USD,29.18,29.35,27.87,28.09,2135508052,crypto
2022-03-02,SOL-USD,30.67,31.46,28.3,29.07,1253857468,crypto
2022-03-03,SOL-USD,29.16,30.24,27.39,28.1,2617436286,crypto
2022-03-04,SOL-USD,27.28,28.21,26.25,26.57,847728550,crypto
2022-03-07,SOL-USD,26.69,26.79,26.34,26.57,2829253991,crypto
2022-03-08,SOL-USD,26.29,26.95,26.12,26.82,743819896,crypto
2022-03-09,SOL-USD,30.54,32.81,29.98,32.45,1091832701,crypto
2022-03-10,SOL-USD,34.06,34.58,31.37,32.08,2210696728,crypto
2022-03-11,SOL-USD,29.75,30.23,29.42,29.83,1708614254,crypto
2022-03-14,SOL-USD,28.65,31.61,27.64,30.38,786389121,crypto
2022-03-15,SOL-USD,27.78,28.91,26.3,26.56,853162127,crypto
2022-03-16,SOL-USD,27.18,27.87,25.75,26.42,1711551526,crypto
2022-03-17,SOL-USD,27.54,27.88,26.32,26.46,1129970583,crypto
2022-03-18,SOL-USD,26.73,29.42,25.9,27.88,2744951315,crypto
2022-03-21,SOL-USD,30.07,30.46,28.94,29.72,897723778,crypto
2022-03-22,SOL-USD,30.14,31.17,27.88,28.78,2051922423,crypto
2022-03-23,SOL-USD,27.13,28.59,27.05,28.52,2545588716,crypto
2022-03-24,SOL-USD,27.6,27.66,26.97,27.15,2554857645,crypto
2022-03-25,SOL-USD,23.96,25.36,23.82,25.24,2023761983,crypto
2022-03-28,SOL-USD,26.92,28.31,24.31,25.77,1635681497,crypto
2022-03-29,SOL-USD,23.18,24.89,22.35,23.74,1363343718,crypto
2022-03-30,SOL-USD,23.72,24.2,22.09,23.12,1463155951,crypto
2022-03-31,SOL-USD,20.49,21.96,20.12,21.69,2296948249,crypto
2022-04-01,SOL-USD,23.26,24.01,22.22,22.49,1609437922,crypto
2022-04-04,SOL-USD,25.34,25.5,24.93,25.3,879997263,crypto
2022-04-05,SOL-USD,23.71,24.25,22.61,23.26,1235719626,crypto
2022-04-06,SOL-USD,21.23,21.92,19.7,20.63,1955136257,crypto
2022-04-07,SOL-USD,21.44,22.58,19.99,20.48,2253367149,crypto
2022-04-08,SOL-USD,21.7,21.81,20.35,20.51,1191780456,crypto
2022-04-11,SOL-USD,22.1,22.54,20.68,20.82,1737716020,crypto
2022-04-12,SOL-USD,21.32,21.47,20.09,20.24,1821667656,crypto
2022-04-13,SOL-USD,21.08,21.66,19.39,19.98,2377669265,crypto
2022-04-14,SOL-USD,20.27,20.53,20.24,20.48,2905221807,crypto
2022-04-15,SOL-USD,21.83,22.05,21.57,21.93,746396847,crypto
2022-04-18,SOL-USD,19.28,19.81,18.88,19.32,1150179877,crypto
2022-04-19,SOL-USD,18.01,18.94,17.91,18.87,1878151495,crypto
2022-04-20,SOL-USD,19.54,19.74,18.78,19.15,2001128551,crypto
2022-04-21,SOL-USD,18.96,19.03,18.0,18.05,1386390529,crypto
2022-04-22,SOL-USD,19.95,20.54,19.69,20.21,969612221,crypto
2022-04-25,SOL-USD,19.16,19.77,18.43,19.41,2371563096,crypto
2022-04-26,SOL-USD,18.16,20.02,17.85,19.37,2460609780,crypto
2022-04-27,SOL-USD,20.26,20.33,20.04,20.09,755988614,crypto
2022-04-28,SOL-USD,18.93,19.65,18.82,19.35,2794741820,crypto
2022-04-29,SOL-USD,16.17,17.51,15.76,17.17,1519918528,crypto
2022-05-02,SOL-USD,16.03,17.34,15.83,16.71,1550606331,crypto
2022-05-03,SOL-USD,17.79,18.25,16.71,17.87,2674466895,crypto
2022-05-04,SOL-USD,16.93,17.6,16.83,17.5,2361941836,crypto
2022-05-05,SOL-USD,15.86,16.9,15.74,16.57,941468337,crypto
2022-05-06,SOL-USD,18.59,18.74,17.09,17.61,1654844270,crypto
2022-05-09,SOL-USD,17.28,17.56,16.46,17.24,1954551287,crypto
2022-05-10,SOL-USD,17.76,17.92,16.49,16.69,2408303790,crypto
2022-05-11,SOL-USD,17.61,17.78,16.82,16.87,1434191887,crypto
2022-05-12,SOL-USD,18.44,18.71,17.56,17.74,1376239067,crypto
2022-05-13,SOL-USD,20.92,21.24,20.43,20.73,927708359,crypto
2022-05-16,SOL-USD,22.55,23.11,20.72,21.88,2222990853,crypto
2022-05-17,SOL-USD,23.74,23.84,23.43,23.61,1409053922,crypto
2022-05-18,SOL-USD,23.11,23.94,21.92,22.86,2525404624,crypto
2022-05-19,SOL-USD,22.12,22.46,21.26,21.4,2501954276,crypto
2022-05-20,SOL-USD,21.46,21.53,21.42,21.5,1464180504,crypto
2022-05-23,SOL-USD,20.41,22.1,20.24,21.66,1146290790,crypto
2022-05-24,SOL-USD,19.9,20.78,18.71,20.21,1136918323,crypto
2022-05-25,SOL-USD,20.67,21.42,19.28,19.99,1042311103,crypto
2022-05-26,SOL-USD,20.69,20.87,20.12,20.53,2092446975,crypto
2022-05-27,SOL-USD,20.93,21.46,20.41,21.03,648115894,crypto
2022-05-30,SOL-USD,21.2,22.16,20.89,21.74,1964511749,crypto
2022-05-31,SOL-USD,22.79,23.44,21.53,22.17,1052968912,crypto
2022-06-01,SOL-USD,22.2,22.33,21.43,21.46,1030008771,crypto
2022-06-02,SOL-USD,21.56,21.87,20.46,20.77,1432076675,crypto
2022-06-03,SOL-USD,20.43,21.48,18.76,19.23,2173078050,crypto
2022-06-06,SOL-USD,20.2,21.74,20.01,21.6,2135473128,crypto
2022-06-07,SOL-USD,22.2,23.04,20.97,21.64,976678682,crypto
2022-06-08,SOL-USD,20.2,21.43,20.16,21.33,1184310136,crypto
2022-06-09,SOL-USD,20.05,20.33,19.71,20.1,1594555685,crypto
2022-06-10,SOL-USD,25.34,26.49,23.68,24.34,1395186499,crypto
2022-06-13,SOL-USD,21.54,23.01,20.35,22.71,1548935187,crypto
2022-06-14,SOL-USD,23.19,23.49,21.66,22.1,1153305443,crypto
2022-06-15,SOL-USD,21.68,23.07,21.38,22.72,833033179,crypto
2022-06-16,SOL-USD,22.74,24.28,22.3,23.64,2179979436,crypto
2022-06-17,SOL-USD,24.2,25.19,24.14,25.17,2102958301,crypto
2022-06-20,SOL-USD,29.64,30.23,28.17,28.32,1236569537,crypto
2022-06-21,SOL-USD,30.16,30.64,28.04,29.29,1566630934,crypto
2022-06-22,SOL-USD,25.82,28.31,24.37,27.36,1755954301,crypto
2022-06-23,SOL-USD,27.36,28.14,26.14,26.93,1904141606,crypto
2022-06-24,SOL-USD,27.04,27.68,26.44,27.49,1388006619,crypto
2022-06-27,SOL-USD,31.08,32.38,29.98,31.46,1401140008,crypto
2022-06-28,SOL-USD,29.9,31.45,28.32,28.75,1677986838,crypto
2022-06-29,SOL-USD,30.85,31.17,30.76,31.1,686360941,crypto
2022-06-30,SOL-USD,30.14,32.4,29.86,31.49,1276823228,crypto
2022-07-01,SOL-USD,35.07,35.91,32.62,33.27,759411690,crypto
2022-07-04,SOL-USD,31.96,34.75,31.2,33.07,1315175010,crypto
2022-07-05,SOL-USD,30.43,31.44,30.15,31.32,1465406813,crypto
2022-07-06,SOL-USD,34.4,34.53,32.82,32.91,1815296708,crypto
2022-07-07,SOL-USD,35.17,35.49,33.25,34.36,1352914606,crypto
2022-07-08,SOL-USD,36.33,37.1,36.09,36.62,640434891,crypto
2022-07-11,SOL-USD,34.89,36.99,34.42,36.62,1557041848,crypto
2022-07-12,SOL-USD,34.7,35.39,34.63,35.24,1603052717,crypto
2022-07-13,SOL-USD,30.98,32.55,29.84,31.86,750553276,crypto
2022-07-14,SOL-USD,33.97,34.23,33.35,33.62,1428103432,crypto
2022-07-15,SOL-USD,33.96,35.2,33.37,34.58,1088032398,crypto
2022-07-18,SOL-USD,31.43,32.55,31.36,32.5,790877076,crypto
2022-07-19,SOL-USD,30.72,31.47,30.5,31.4,1599016567,crypto
2022-07-20,SOL-USD,30.6,31.45,29.92,30.48,436024706,crypto
2022-07-21,SOL-USD,26.72,27.95,26.6,27.69,542954494,crypto
2022-07-22,SOL-USD,27.7,28.05,24.88,26.28,1121455247,crypto
2022-07-25,SOL-USD,23.87,25.03,23.26,24.42,627759770,crypto
2022-07-26,SOL-USD,24.03,24.32,23.0,23.79,1026258239,crypto
2022-07-27,SOL-USD,21.69,23.74,20.99,22.69,1304662158,crypto
2022-07-28,SOL-USD,19.77,20.73,19.34,20.43,771396534,crypto
2022-07-29,SOL-USD,23.54,23.73,22.7,23.31,995554717,crypto
2022-08-01,SOL-USD,24.04,25.42,23.84,25.3,556086324,crypto
2022-08-02,SOL-USD,22.52,24.25,22.11,24.07,1099280973,crypto
2022-08-03,SOL-USD,24.47,24.67,24.38,24.51,1332316188,crypto
2022-08-04,SOL-USD,24.09,25.43,23.85,25.2,429060702,crypto
2022-08-05,SOL-USD,26.75,28.03,26.09,27.25,744786083,crypto
2022-08-08,SOL-USD,26.25,26.92,25.15,25.85,390339704,crypto
2022-08-09,SOL-USD,27.43,28.26,26.51,27.77,973604188,crypto
2022-08-10,SOL-USD,25.41,26.85,25.34,26.81,883069567,crypto
2022-08-11,SOL-USD,23.55,24.71,23.14,24.6,704581069,crypto
2022-08-12,SOL-USD,24.45,24.81,22.62,23.22,1202337960,crypto
2022-08-15,SOL-USD,24.29,26.14,23.62,25.27,1205536470,crypto
2022-08-16,SOL-USD,28.89,30.13,28.72,29.91,962995392,crypto
2022-08-17,SOL-USD,26.06,27.71,26.03,27.69,711502586,crypto
2022-08-18,SOL-USD,27.97,29.59,27.67,28.99,969685569,crypto
2022-08-19,SOL-USD,28.24,28.53,27.53,28.24,303223706,crypto
2022-08-22,SOL-USD,30.6,31.09,29.29,29.74,1157225773,crypto
2022-08-23,SOL-USD,27.64,28.02,26.52,27.04,354036227,crypto
2022-08-24,SOL-USD,23.69,25.1,23.52,24.93,906648865,crypto
2022-08-25,SOL-USD,22.87,23.79,22.71,23.72,999409105,crypto
2022-08-26,SOL-USD,24.09,25.23,22.81,23.85,773037632,crypto
2022-08-29,SOL-USD,23.17,23.39,22.4,22.89,1058431114,crypto
2022-08-30,SOL-USD,25.2,26.4,23.54,23.91,969057939,crypto
2022-08-31,SOL-USD,26.06,26.42,24.66,25.57,1066938332,crypto
2022-09-01,SOL-USD,26.49,27.96,25.6,26.61,832613211,crypto
2022-09-02,SOL-USD,30.7,30.82,29.48,29.58,717347697,crypto
2022-09-05,SOL-USD,29.37,30.92,28.88,30.4,540089060,crypto
2022-09-06,SOL-USD,29.66,29.75,28.06,28.11,500033689,crypto
2022-09-07,SOL-USD,32.64,33.62,30.05,30.73,613234187,crypto
2022-09-08,SOL-USD,30.12,31.26,28.72,29.56,393049548,crypto
2022-09-09,SOL-USD,30.56,32.49,30.0,31.39,940723481,crypto
2022-09-12,SOL-USD,35.34,36.46,33.62,34.79,720319149,crypto
2022-09-13,SOL-USD,35.21,36.44,33.34,35.86,830662261,crypto
2022-09-14,SOL-USD,31.38,33.67,30.04,32.55,286546081,crypto
2022-09-15,SOL-USD,32.34,32.43,30.37,30.69,457713794,crypto
2022-09-16,SOL-USD,31.37,33.99,30.85,33.46,691209806,crypto
2022-09-19,SOL-USD,31.18,33.33,30.95,33.11,467622581,crypto
2022-09-20,SOL-USD,32.96,33.95,32.44,33.31,562969533,crypto
2022-09-21,SOL-USD,33.5,35.37,32.91,35.01,771361378,crypto
2022-09-22,SOL-USD,36.02,36.93,35.63,36.65,415747007,crypto
2022-09-23,SOL-USD,36.04,38.64,35.53,37.35,968098818,crypto
2022-09-26,SOL-USD,37.49,38.03,36.24,36.87,499220930,crypto
2022-09-27,SOL-USD,34.31,37.03,33.39,36.15,388742643,crypto
2022-09-28,SOL-USD,37.3,38.38,36.99,38.24,902228399,crypto
2022-09-29,SOL-USD,42.09,42.33,39.43,39.67,300818943,crypto
2022-09-30,SOL-USD,41.16,41.78,38.75,39.03,501330109,crypto
2022-10-03,SOL-USD,43.19,44.02,41.24,41.9,372551096,crypto
2022-10-04,SOL-USD,40.18,42.83,38.97,41.58,833960505,crypto
2022-10-05,SOL-USD,40.3,41.81,38.42,39.36,619544933,crypto
2022-10-06,SOL-USD,39.84,40.75,35.95,37.49,863349485,crypto
2022-10-07,SOL-USD,36.43,36.58,35.0,35.2,821073810,crypto
2022-10-10,SOL-USD,33.81,34.74,33.6,34.6,730141796,crypto
2022-10-11,SOL-USD,35.26,37.64,35.23,37.51,496583874,crypto
2022-10-12,SOL-USD,33.62,36.58,33.13,35.62,377943146,crypto
2022-10-13,SOL-USD,34.91,37.05,34.34,36.08,471683786,crypto
2022-10-14,SOL-USD,35.56,36.46,33.09,34.6,367464793,crypto
2022-10-17,SOL-USD,34.47,35.57,32.91,34.04,863930469,crypto
2022-10-18,SOL-USD,30.33,31.7,29.43,30.87,455508008,crypto
2022-10-19,SOL-USD,32.26,32.59,30.22,30.45,290604207,crypto
2022-10-20,SOL-USD,28.96,30.64,28.51,30.09,430084231,crypto
2022-10-21,SOL-USD,30.56,32.41,29.26,31.18,467584243,crypto
2022-10-24,SOL-USD,30.62,32.48,30.02,31.66,1042068792,crypto
2022-10-25,SOL-USD,30.96,31.16,29.06,29.3,827698621,crypto
2022-10-26,SOL-USD,30.27,32.06,29.6,31.46,559884245,crypto
2022-10-27,SOL-USD,30.47,33.34,28.8,31.91,312489395,crypto
2022-10-28,SOL-USD,31.82,33.3,31.12,32.35,345991622,crypto
2022-10-31,SOL-USD,30.43,32.86,30.15,32.35,413948951,crypto
2022-11-01,SOL-USD,30.59,32.74,29.6,31.3,386562406,crypto
2022-11-02,SOL-USD,31.04,33.5,30.56,31.76,852439896,crypto
2022-11-03,SOL-USD,33.35,34.91,31.91,32.78,455372768,crypto
2022-11-04,SOL-USD,29.99,30.54,28.68,29.28,607072533,crypto
2022-11-07,SOL-USD,28.73,28.83,28.18,28.29,405402171,crypto
2022-11-08,SOL-USD,27.88,28.41,27.24,27.84,1077887348,crypto
2022-11-09,SOL-USD,26.82,28.4,26.62,28.32,1293811001,crypto
2022-11-10,SOL-USD,28.72,31.19,28.44,30.63,1025734316,crypto
2022-11-11,SOL-USD,28.21,30.1,27.91,29.14,1065022155,crypto
2022-11-14,SOL-USD,27.62,28.77,26.9,28.23,713660986,crypto
2022-11-15,SOL-USD,28.72,29.59,25.91,27.32,530914869,crypto
2022-11-16,SOL-USD,26.46,27.34,25.48,25.95,372598731,crypto
2022-11-17,SOL-USD,24.14,26.08,22.99,25.39,439372802,crypto
2022-11-18,SOL-USD,26.84,27.42,25.57,26.71,837207260,crypto
2022-11-21,SOL-USD,23.36,25.41,23.05,24.96,1411527892,crypto
2022-11-22,SOL-USD,24.97,25.81,24.58,25.68,1116971771,crypto
2022-11-23,SOL-USD,22.58,23.56,22.05,23.0,906099861,crypto
2022-11-24,SOL-USD,21.29,22.25,21.14,22.19,413710866,crypto
2022-11-25,SOL-USD,20.44,22.81,20.13,21.73,443365153,crypto
2022-11-28,SOL-USD,25.08,25.86,23.85,24.25,456820681,crypto
2022-11-29,SOL-USD,22.74,24.16,22.51,23.83,1076446744,crypto
2022-11-30,SOL-USD,19.88,20.98,19.15,20.67,887708703,crypto
2022-12-01,SOL-USD,19.19,19.31,18.11,18.16,1616802341,crypto
2022-12-02,SOL-USD,18.3,18.58,17.85,18.21,1284320773,crypto
2022-12-05,SOL-USD,20.03,20.3,18.41,18.96,471309932,crypto
2022-12-06,SOL-USD,19.02,19.84,18.53,19.44,1416177442,crypto
2022-12-07,SOL-USD,18.84,19.79,18.54,19.67,643548391,crypto
2022-12-08,SOL-USD,22.12,22.66,20.53,21.22,594024413,crypto
2022-12-09,SOL-USD,21.48,21.98,19.86,20.51,1069537286,crypto
2022-12-12,SOL-USD,21.13,22.05,20.93,21.75,1448886085,crypto
2022-12-13,SOL-USD,20.74,21.12,18.75,19.57,1300751910,crypto
2022-12-14,SOL-USD,18.51,19.29,17.66,18.46,1270325230,crypto
2022-12-15,SOL-USD,15.9,16.57,15.8,16.43,766472150,crypto
2022-12-16,SOL-USD,15.26,16.4,15.05,16.15,532315862,crypto
2022-12-19,SOL-USD,16.16,16.53,15.84,16.11,587549421,crypto
2022-12-20,SOL-USD,16.79,17.35,16.07,16.24,944560063,crypto
2022-12-21,SOL-USD,16.0,16.64,15.76,16.31,1103256034,crypto
2022-12-22,SOL-USD,14.86,16.16,14.26,15.37,1897519554,crypto
2022-12-23,SOL-USD,14.61,15.81,14.47,15.19,562230319,crypto
2022-12-26,SOL-USD,14.39,14.55,13.63,13.79,1749527320,crypto
2022-12-27,SOL-USD,15.01,15.23,14.79,15.07,553910914,crypto
2022-12-28,SOL-USD,14.55,14.95,14.42,14.79,1474139461,crypto
2022-12-29,SOL-USD,14.18,14.42,14.06,14.33,1622469472,crypto
2022-12-30,SOL-USD,15.08,15.92,15.07,15.9,2098553548,crypto
2023-01-02,SOL-USD,14.28,15.09,13.61,14.68,2192850227,crypto
2023-01-03,SOL-USD,14.52,14.7,13.42,13.65,616435102,crypto
2023-01-04,SOL-USD,13.41,13.83,12.4,12.72,1397441775,crypto
2023-01-05,SOL-USD,12.24,12.99,12.07,12.67,1210652950,crypto
2023-01-06,SOL-USD,12.21,13.33,11.93,13.04,1001770737,crypto
2023-01-09,SOL-USD,13.99,14.04,13.54,13.69,1085717792,crypto
2023-01-10,SOL-USD,16.43,16.68,16.05,16.19,616700975,crypto
2023-01-11,SOL-USD,14.38,14.57,13.36,14.0,1596120687,crypto
2023-01-12,SOL-USD,14.22,14.83,13.72,14.57,870472084,crypto
2023-01-13,SOL-USD,14.41,14.7,13.7,14.06,2046785950,crypto
2023-01-16,SOL-USD,13.25,13.64,13.18,13.54,1346340115,crypto
2023-01-17,SOL-USD,12.38,13.02,12.37,13.02,2371329303,crypto
2023-01-18,SOL-USD,12.09,12.31,12.03,12.28,2432890513,crypto
2023-01-19,SOL-USD,13.45,13.79,13.38,13.7,2006085320,crypto
2023-01-20,SOL-USD,13.74,14.97,13.18,14.48,2090653300,crypto
2023-01-23,SOL-USD,15.29,15.52,14.25,14.52,1458194354,crypto
2023-01-24,SOL-USD,16.48,17.13,15.58,15.86,885158750,crypto
2023-01-25,SOL-USD,14.0,14.6,13.63,14.38,711134371,crypto
2023-01-26,SOL-USD,13.71,13.97,12.97,13.2,1575891445,crypto
2023-01-27,SOL-USD,11.95,12.35,11.05,11.46,1210441863,crypto
2023-01-30,SOL-USD,10.27,11.04,10.04,10.96,2036425843,crypto
2023-01-31,SOL-USD,11.13,11.25,11.04,11.08,806151292,crypto
2023-02-01,SOL-USD,10.78,11.33,10.46,11.16,1125063673,crypto
2023-02-02,SOL-USD,11.77,11.79,11.23,11.28,2081926045,crypto
2023-02-03,SOL-USD,10.14,10.48,10.06,10.3,1215832985,crypto
2023-02-06,SOL-USD,11.22,11.3,10.8,10.85,1468813361,crypto
2023-02-07,SOL-USD,10.97,11.07,10.95,11.03,1721419357,crypto
2023-02-08,SOL-USD,11.01,11.75,10.59,11.58,2350297024,crypto
2023-02-09,SOL-USD,10.0,10.34,9.89,10.24,2106976165,crypto
2023-02-10,SOL-USD,10.19,10.53,10.11,10.46,2102913633,crypto
2023-02-13,SOL-USD,9.14,9.72,9.07,9.69,1295397323,crypto
2023-02-14,SOL-USD,8.92,9.49,8.78,9.45,2825010325,crypto
2023-02-15,SOL-USD,9.28,9.86,8.92,9.79,2673095925,crypto
2023-02-16,SOL-USD,9.51,10.05,9.37,9.85,2583385859,crypto
2023-02-17,SOL-USD,9.09,9.56,8.85,9.32,1606558784,crypto
2023-02-20,SOL-USD,9.06,9.42,8.7,9.33,1553646608,crypto
2023-02-21,SOL-USD,8.63,8.68,8.41,8.45,872471729,crypto
2023-02-22,SOL-USD,8.84,9.23,8.73,9.12,1573178359,crypto
2023-02-23,SOL-USD,8.56,9.16,8.45,9.0,2172112259,crypto
2023-02-24,SOL-USD,9.39,9.76,9.15,9.69,790233135,crypto
2023-02-27,SOL-USD,9.97,10.05,9.3,9.37,2111813860,crypto
2023-02-28,SOL-USD,9.61,9.82,8.8,9.06,1241293636,crypto
2023-03-01,SOL-USD,8.86,9.04,8.28,8.62,2096427283,crypto
2023-03-02,SOL-USD,9.51,9.55,9.1,9.13,748440441,crypto
2023-03-03,SOL-USD,8.42,8.85,8.22,8.73,1519662327,crypto
2023-03-06,SOL-USD,9.35,9.71,8.84,9.11,2803090247,crypto
2023-03-07,SOL-USD,8.41,9.1,8.35,8.89,2967008936,crypto
2023-03-08,SOL-USD,7.97,8.11,7.56,7.82,1115501541,crypto
2023-03-09,SOL-USD,7.09,7.66,7.06,7.54,1375023670,crypto
2023-03-10,SOL-USD,7.01,7.09,6.93,6.99,2005723616,crypto
2023-03-13,SOL-USD,7.13,7.44,6.77,7.01,1889821038,crypto
2023-03-14,SOL-USD,6.46,6.7,6.37,6.49,2564024026,crypto
2023-03-15,SOL-USD,6.5,6.92,6.47,6.9,758132328,crypto
2023-03-16,SOL-USD,6.85,6.91,6.81,6.86,2220224428,crypto
2023-03-17,SOL-USD,7.15,7.25,6.66,6.79,2585447001,crypto
2023-03-20,SOL-USD,7.04,7.21,6.63,7.09,916239835,crypto
2023-03-21,SOL-USD,7.75,7.79,7.53,7.55,832069531,crypto
2023-03-22,SOL-USD,7.22,7.63,7.09,7.54,943403693,crypto
2023-03-23,SOL-USD,7.05,7.58,6.8,7.18,1377176320,crypto
2023-03-24,SOL-USD,6.54,6.61,6.32,6.4,2389460821,crypto
2023-03-27,SOL-USD,6.47,6.66,6.0,6.13,2021736891,crypto
2023-03-28,SOL-USD,6.1,6.11,5.87,5.89,1272057527,crypto
2023-03-29,SOL-USD,5.55,6.03,5.52,5.93,2127844394,crypto
2023-03-30,SOL-USD,5.87,6.02,5.65,5.81,1522831569,crypto
2023-03-31,SOL-USD,6.25,6.52,5.88,6.07,2188642149,crypto
2023-04-03,SOL-USD,5.54,5.94,5.36,5.84,2677483930,crypto
2023-04-04,SOL-USD,5.97,6.06,5.65,5.82,2335266946,crypto
2023-04-05,SOL-USD,6.63,6.7,6.23,6.29,2562518327,crypto
2023-04-06,SOL-USD,6.33,6.6,6.07,6.44,2584433723,crypto
2023-04-07,SOL-USD,6.4,6.48,6.35,6.42,2198408178,crypto
2023-04-10,SOL-USD,5.84,6.28,5.79,6.17,1999970238,crypto
2023-04-11,SOL-USD,6.23,6.41,5.72,5.93,1695153895,crypto
2023-04-12,SOL-USD,5.25,5.63,5.23,5.61,1770976458,crypto
2023-04-13,SOL-USD,5.29,5.48,5.27,5.42,2285452773,crypto
2023-04-14,SOL-USD,5.58,5.78,5.45,5.7,1930345275,crypto
2023-04-17,SOL-USD,5.9,5.96,5.58,5.62,1584412300,crypto
2023-04-18,SOL-USD,5.17,5.36,5.09,5.15,2734198644,crypto
2023-04-19,SOL-USD,5.88,6.0,5.63,5.78,2525779550,crypto
2023-04-20,SOL-USD,6.07,6.11,5.88,5.91,2191669750,crypto
2023-04-21,SOL-USD,5.55,5.89,5.22,5.39,2290729722,crypto
2023-04-24,SOL-USD,5.15,5.34,4.86,5.24,2070529168,crypto
2023-04-25,SOL-USD,5.37,5.41,5.17,5.29,714152648,crypto
2023-04-26,SOL-USD,6.13,6.34,5.83,5.91,2303463441,crypto
2023-04-27,SOL-USD,5.73,5.75,5.48,5.5,2446748815,crypto
2023-04-28,SOL-USD,5.91,6.06,5.69,5.87,2227979470,crypto
2023-05-01,SOL-USD,6.08,6.68,5.84,6.43,685737723,crypto
2023-05-02,SOL-USD,6.22,6.3,5.95,6.17,1760266956,crypto
2023-05-03,SOL-USD,6.44,6.55,5.98,6.07,2220976800,crypto
2023-05-04,SOL-USD,5.96,6.16,5.51,5.68,1483902442,crypto
2023-05-05,SOL-USD,5.73,5.75,5.59,5.6,1993557163,crypto
2023-05-08,SOL-USD,5.59,5.78,5.39,5.59,2541081577,crypto
2023-05-09,SOL-USD,6.22,6.31,5.74,5.84,2563334040,crypto
2023-05-10,SOL-USD,5.92,6.37,5.63,6.28,2158749304,crypto
2023-05-11,SOL-USD,5.7,6.05,5.59,5.98,2100556933,crypto
2023-05-12,SOL-USD,5.6,5.76,5.21,5.27,1379847654,crypto
2023-05-15,SOL-USD,5.35,5.52,5.07,5.26,932238561,crypto
2023-05-16,SOL-USD,5.55,5.67,5.28,5.37,1081826505,crypto
2023-05-17,SOL-USD,5.33,5.59,5.2,5.46,1400925836,crypto
2023-05-18,SOL-USD,5.19,5.49,5.14,5.35,2072227449,crypto
2023-05-19,SOL-USD,5.54,5.73,5.22,5.39,2414782075,crypto
2023-05-22,SOL-USD,6.26,6.29,5.89,5.96,2078003593,crypto
2023-05-23,SOL-USD,6.44,6.54,5.81,6.11,1037576377,crypto
2023-05-24,SOL-USD,6.05,6.21,5.86,5.97,2137784970,crypto
2023-05-25,SOL-USD,5.64,6.1,5.45,5.78,1047721313,crypto
2023-05-26,SOL-USD,5.73,5.83,5.67,5.72,2204651515,crypto
2023-05-29,SOL-USD,6.58,6.79,6.22,6.36,776053624,crypto
2023-05-30,SOL-USD,5.98,6.47,5.59,6.29,953676921,crypto
2023-05-31,SOL-USD,5.9,6.43,5.86,6.29,1524747777,crypto
2023-06-01,SOL-USD,6.37,6.46,6.0,6.1,1698797270,crypto
2023-06-02,SOL-USD,6.17,6.79,6.0,6.55,2037125896,crypto
2023-06-05,SOL-USD,7.48,7.84,7.36,7.45,2070039851,crypto
2023-06-06,SOL-USD,7.86,7.92,7.44,7.67,2099520848,crypto
2023-06-07,SOL-USD,7.69,7.86,7.52,7.72,1704961162,crypto
2023-06-08,SOL-USD,7.97,8.05,7.67,7.74,1341607924,crypto
2023-06-09,SOL-USD,6.89,6.91,6.61,6.64,1560861692,crypto
2023-06-12,SOL-USD,7.38,7.53,6.86,6.97,1227264452,crypto
2023-06-13,SOL-USD,7.1,7.39,6.83,7.03,1264034573,crypto
2023-06-14,SOL-USD,7.48,7.56,6.97,7.24,1745678168,crypto
2023-06-15,SOL-USD,6.87,7.01,6.84,6.91,1219226420,crypto
2023-06-16,SOL-USD,6.65,6.85,6.63,6.75,1546208686,crypto
2023-06-19,SOL-USD,6.97,7.07,6.44,6.57,1749549399,crypto
2023-06-20,SOL-USD,6.72,7.09,6.69,7.03,1708911415,crypto
2023-06-21,SOL-USD,6.44,6.88,6.42,6.86,1042276935,crypto
2023-06-22,SOL-USD,8.11,8.2,7.82,7.86,1825023903,crypto
2023-06-23,SOL-USD,8.61,8.83,7.88,8.09,772550372,crypto
2023-06-26,SOL-USD,7.8,8.17,7.35,7.45,1102709963,crypto
2023-06-27,SOL-USD,7.42,7.51,7.14,7.39,760645046,crypto
2023-06-28,SOL-USD,6.96,7.28,6.82,7.09,643464172,crypto
2023-06-29,SOL-USD,5.86,6.16,5.85,6.15,467904248,crypto
2023-06-30,SOL-USD,6.87,6.93,6.72,6.83,998831971,crypto
2023-07-03,SOL-USD,7.14,7.41,6.87,7.15,694043955,crypto
2023-07-04,SOL-USD,6.99,7.55,6.83,7.41,866167431,crypto
2023-07-05,SOL-USD,7.7,7.71,7.46,7.49,514923847,crypto
2023-07-06,SOL-USD,6.96,7.14,6.66,6.85,1279127136,crypto
2023-07-07,SOL-USD,6.97,7.0,6.63,6.65,656475868,crypto
2023-07-10,SOL-USD,6.98,7.03,6.97,7.02,580127334,crypto
2023-07-11,SOL-USD,6.34,6.78,6.23,6.56,710683860,crypto
2023-07-12,SOL-USD,5.8,5.83,5.51,5.57,769070342,crypto
2023-07-13,SOL-USD,5.22,5.54,5.16,5.49,1349888420,crypto
2023-07-14,SOL-USD,5.7,5.76,5.34,5.45,820944692,crypto
2023-07-17,SOL-USD,5.74,5.79,5.46,5.5,1296865833,crypto
2023-07-18,SOL-USD,5.9,5.94,5.7,5.77,365932000,crypto
2023-07-19,SOL-USD,6.34,6.38,5.98,6.02,466479418,crypto
2023-07-20,SOL-USD,6.19,6.22,6.0,6.12,659332073,crypto
2023-07-21,SOL-USD,6.47,6.7,6.32,6.62,1035860025,crypto
2023-07-24,SOL-USD,5.84,6.13,5.74,6.0,1059876134,crypto
2023-07-25,SOL-USD,6.27,6.37,6.14,6.21,345483018,crypto
2023-07-26,SOL-USD,6.6,6.93,6.28,6.47,909865313,crypto
2023-07-27,SOL-USD,5.66,6.19,5.56,5.97,656511317,crypto
2023-07-28,SOL-USD,5.3,5.44,5.27,5.42,484234442,crypto
2023-07-31,SOL-USD,5.49,5.7,5.06,5.16,1127584434,crypto
2023-08-01,SOL-USD,4.92,4.99,4.89,4.95,649160269,crypto
2023-08-02,SOL-USD,4.9,5.28,4.82,5.2,778521249,crypto
2023-08-03,SOL-USD,5.29,5.4,4.9,5.0,859895244,crypto
2023-08-04,SOL-USD,4.49,4.74,4.48,4.73,449952490,crypto
2023-08-07,SOL-USD,4.55,4.61,4.52,4.55,702463837,crypto
2023-08-08,SOL-USD,4.92,5.01,4.83,4.9,1173069325,crypto
2023-08-09,SOL-USD,4.96,5.05,4.88,4.9,1093190689,crypto
2023-08-10,SOL-USD,5.1,5.21,4.78,4.85,904807615,crypto
2023-08-11,SOL-USD,4.58,4.94,4.53,4.82,1051113909,crypto
2023-08-14,SOL-USD,5.47,5.56,5.05,5.24,1042865603,crypto
2023-08-15,SOL-USD,5.13,5.25,4.89,5.0,836356667,crypto
2023-08-16,SOL-USD,5.72,5.75,5.34,5.45,571125792,crypto
2023-08-17,SOL-USD,5.4,5.62,5.29,5.53,977524729,crypto
2023-08-18,SOL-USD,5.25,5.5,5.22,5.47,719700341,crypto
2023-08-21,SOL-USD,6.28,6.45,6.27,6.44,385137631,crypto
2023-08-22,SOL-USD,5.88,6.33,5.78,6.02,1066977587,crypto
2023-08-23,SOL-USD,5.94,5.95,5.88,5.88,687031659,crypto
2023-08-24,SOL-USD,5.75,5.9,5.39,5.43,538106660,crypto
2023-08-25,SOL-USD,5.54,5.89,5.41,5.79,557919173,crypto
2023-08-28,SOL-USD,6.69,6.75,6.25,6.46,411649526,crypto
2023-08-29,SOL-USD,7.37,7.43,7.04,7.21,749186863,crypto
2023-08-30,SOL-USD,7.9,8.25,7.71,7.81,1016145744,crypto
2023-08-31,SOL-USD,7.6,7.79,7.53,7.71,443433827,crypto
2023-09-01,SOL-USD,7.64,7.93,7.26,7.54,908825504,crypto
2023-09-04,SOL-USD,6.73,6.95,6.48,6.76,780570792,crypto
2023-09-05,SOL-USD,8.14,8.56,7.55,7.73,645624931,crypto
2023-09-06,SOL-USD,8.01,8.17,7.84,7.97,875877957,crypto
2023-09-07,SOL-USD,7.96,8.22,7.55,7.72,713065496,crypto
2023-09-08,SOL-USD,8.59,8.74,8.24,8.42,832990933,crypto
2023-09-11,SOL-USD,7.88,8.29,7.76,7.91,932315466,crypto
2023-09-12,SOL-USD,8.28,8.46,7.95,8.13,463425364,crypto
2023-09-13,SOL-USD,8.16,8.42,7.8,8.04,868166674,crypto
2023-09-14,SOL-USD,8.19,8.71,7.88,8.39,440034645,crypto
2023-09-15,SOL-USD,8.12,8.75,8.02,8.36,553788180,crypto
2023-09-18,SOL-USD,7.29,7.86,7.06,7.61,832505190,crypto
2023-09-19,SOL-USD,7.81,7.89,7.55,7.65,519996858,crypto
2023-09-20,SOL-USD,8.4,8.47,7.94,8.2,449299540,crypto
2023-09-21,SOL-USD,8.35,8.47,8.01,8.19,646467842,crypto
2023-09-22,SOL-USD,8.77,9.25,8.19,8.62,608373951,crypto
2023-09-25,SOL-USD,8.35,8.67,7.9,8.06,913650881,crypto
2023-09-26,SOL-USD,8.32,8.55,7.9,8.05,579873191,crypto
2023-09-27,SOL-USD,7.78,8.03,7.42,7.73,1034261676,crypto
2023-09-28,SOL-USD,7.92,8.15,7.8,8.12,804279694,crypto
2023-09-29,SOL-USD,8.08,8.18,8.04,8.14,925979661,crypto
2023-10-02,SOL-USD,8.4,8.77,8.2,8.52,948880223,crypto
2023-10-03,SOL-USD,8.59,9.29,8.47,9.15,695948921,crypto
2023-10-04,SOL-USD,9.15,9.67,8.95,9.58,674926166,crypto
2023-10-05,SOL-USD,9.42,9.82,9.29,9.76,765223445,crypto
2023-10-06,SOL-USD,9.21,9.28,9.13,9.15,429133506,crypto
2023-10-09,SOL-USD,9.75,9.77,9.09,9.15,944577028,crypto
2023-10-10,SOL-USD,8.45,8.92,8.3,8.85,878578434,crypto
2023-10-11,SOL-USD,8.41,8.91,8.22,8.65,870301624,crypto
2023-10-12,SOL-USD,8.97,9.01,8.38,8.45,351039118,crypto
2023-10-13,SOL-USD,8.05,8.26,7.78,7.93,907993913,crypto
2023-10-16,SOL-USD,6.85,7.08,6.7,6.99,1097390741,crypto
2023-10-17,SOL-USD,6.3,6.72,6.27,6.7,470378907,crypto
2023-10-18,SOL-USD,6.58,7.19,6.37,6.79,547991602,crypto
2023-10-19,SOL-USD,6.13,6.38,6.08,6.22,819570185,crypto
2023-10-20,SOL-USD,6.31,6.67,6.11,6.23,935030567,crypto
2023-10-23,SOL-USD,6.61,7.24,6.53,7.05,1001684285,crypto
2023-10-24,SOL-USD,7.2,7.6,7.14,7.54,830820603,crypto
2023-10-25,SOL-USD,8.63,8.66,8.33,8.4,593863484,crypto
2023-10-26,SOL-USD,8.46,8.86,8.15,8.62,687635293,crypto
2023-10-27,SOL-USD,9.84,9.98,9.26,9.31,1289661230,crypto
2023-10-30,SOL-USD,8.69,8.91,8.61,8.88,1105608436,crypto
2023-10-31,SOL-USD,8.72,9.04,8.4,8.52,997041478,crypto
2023-11-01,SOL-USD,7.47,7.55,6.96,7.14,407842515,crypto
2023-11-02,SOL-USD,7.63,7.79,7.51,7.72,1125854014,crypto
2023-11-03,SOL-USD,8.61,8.72,8.38,8.53,1241149809,crypto
2023-11-06,SOL-USD,8.16,8.72,8.05,8.24,1379513720,crypto
2023-11-07,SOL-USD,7.65,8.17,7.54,8.11,1103876828,crypto
2023-11-08,SOL-USD,7.68,7.87,7.57,7.72,1410422609,crypto
2023-11-09,SOL-USD,8.35,8.42,7.81,7.92,496291119,crypto
2023-11-10,SOL-USD,8.2,8.57,8.19,8.53,1078463008,crypto
2023-11-13,SOL-USD,7.72,7.94,7.4,7.62,828697492,crypto
2023-11-14,SOL-USD,7.88,8.02,7.68,7.83,1197598568,crypto
2023-11-15,SOL-USD,7.93,8.05,7.66,7.7,1107653098,crypto
2023-11-16,SOL-USD,7.63,7.97,7.54,7.76,405845855,crypto
2023-11-17,SOL-USD,7.5,8.05,7.44,8.0,921011428,crypto
2023-11-20,SOL-USD,8.31,8.45,7.76,7.9,704442774,crypto
2023-11-21,SOL-USD,8.11,8.2,7.65,7.86,818337723,crypto
2023-11-22,SOL-USD,7.58,8.0,7.37,7.75,995314487,crypto
2023-11-23,SOL-USD,8.31,8.35,8.21,8.26,627761721,crypto
2023-11-24,SOL-USD,8.52,8.81,8.19,8.5,1700626555,crypto
2023-11-27,SOL-USD,8.25,9.16,7.9,8.62,1646216821,crypto
2023-11-28,SOL-USD,8.15,8.23,7.85,7.94,636082621,crypto
2023-11-29,SOL-USD,7.75,7.85,7.45,7.76,1577703474,crypto
2023-11-30,SOL-USD,8.38,8.79,7.8,8.23,1073500945,crypto
2023-12-01,SOL-USD,7.99,8.58,7.81,8.25,977855355,crypto
2023-12-04,SOL-USD,8.67,8.78,8.54,8.62,1255408815,crypto
2023-12-05,SOL-USD,9.06,9.74,8.8,9.67,1356346571,crypto
2023-12-06,SOL-USD,10.33,10.52,10.06,10.35,1941389294,crypto
2023-12-07,SOL-USD,10.97,11.02,10.37,10.42,1906182511,crypto
2023-12-08,SOL-USD,9.84,10.15,9.81,10.09,1398108565,crypto
2023-12-11,SOL-USD,9.1,9.37,8.33,8.55,614365210,crypto
2023-12-12,SOL-USD,8.33,8.57,8.25,8.46,1037632174,crypto
2023-12-13,SOL-USD,7.83,8.58,7.58,8.29,1039474322,crypto
2023-12-14,SOL-USD,8.4,8.76,8.05,8.51,641844266,crypto
2023-12-15,SOL-USD,8.58,8.82,7.97,8.43,2075612503,crypto
2023-12-18,SOL-USD,8.12,8.34,7.94,8.26,1381345359,crypto
2023-12-19,SOL-USD,7.73,8.08,6.93,7.36,761107512,crypto
2023-12-20,SOL-USD,6.69,7.09,6.46,6.93,686710483,crypto
2023-12-21,SOL-USD,6.7,7.28,6.65,7.15,1583776514,crypto
2023-12-22,SOL-USD,8.06,8.28,7.93,8.0,1745367560,crypto
2023-12-25,SOL-USD,8.15,8.36,7.77,7.96,1395259236,crypto
2023-12-26,SOL-USD,7.99,8.24,7.72,8.13,751751316,crypto
2023-12-27,SOL-USD,8.62,8.89,8.4,8.66,970753955,crypto
2023-12-28,SOL-USD,8.3,8.71,7.86,8.22,1381226938,crypto
2023-12-29,SOL-USD,8.87,8.93,8.35,8.42,1172363093,crypto
2024-01-01,SOL-USD,7.54,8.08,7.49,8.03,688899201,crypto
2024-01-02,SOL-USD,8.85,9.01,8.29,8.5,653598145,crypto
2024-01-03,SOL-USD,8.45,8.63,8.36,8.59,1640460854,crypto
2024-01-04,SOL-USD,9.06,9.14,8.68,8.76,1752089269,crypto
2024-01-05,SOL-USD,7.8,8.36,7.78,8.33,2265798119,crypto
2024-01-08,SOL-USD,8.87,9.02,8.64,8.73,1488835737,crypto
2024-01-09,SOL-USD,10.22,10.65,9.68,10.0,2272108347,crypto
2024-01-10,SOL-USD,9.49,9.71,9.22,9.37,1225314233,crypto
2024-01-11,SOL-USD,8.78,9.33,8.41,9.17,1949001622,crypto
2024-01-12,SOL-USD,9.03,9.66,8.91,9.32,807511501,crypto
2024-01-15,SOL-USD,9.62,9.97,9.51,9.81,727794663,crypto
2024-01-16,SOL-USD,9.69,9.93,9.02,9.47,2614370853,crypto
2024-01-17,SOL-USD,8.33,8.46,7.77,7.88,2381941008,crypto
2024-01-18,SOL-USD,8.95,9.18,8.32,8.61,2229230446,crypto
2024-01-19,SOL-USD,8.91,9.16,8.64,9.06,1427307371,crypto
2024-01-22,SOL-USD,8.45,8.67,7.8,8.09,853459597,crypto
2024-01-23,SOL-USD,7.58,8.08,7.24,7.78,1740120371,crypto
2024-01-24,SOL-USD,8.5,8.84,8.35,8.62,1889011859,crypto
2024-01-25,SOL-USD,8.94,9.52,8.9,9.48,1725451457,crypto
2024-01-26,SOL-USD,10.39,10.49,10.01,10.08,1242368793,crypto
2024-01-29,SOL-USD,10.12,10.15,9.96,9.97,1234654122,crypto
2024-01-30,SOL-USD,9.79,10.53,9.4,10.03,928536775,crypto
2024-01-31,SOL-USD,9.42,10.52,8.88,9.95,1795587296,crypto
2024-02-01,SOL-USD,11.22,11.77,10.49,10.72,2142489675,crypto
2024-02-02,SOL-USD,10.28,10.71,9.67,10.13,1980465723,crypto
2024-02-05,SOL-USD,9.09,9.87,8.75,9.62,965377696,crypto
2024-02-06,SOL-USD,9.68,10.61,9.33,10.28,1143314062,crypto
2024-02-07,SOL-USD,10.84,10.96,10.07,10.26,805649898,crypto
2024-02-08,SOL-USD,11.45,11.53,11.18,11.22,2058021433,crypto
2024-02-09,SOL-USD,10.98,11.18,10.44,10.75,1447327301,crypto
2024-02-12,SOL-USD,10.25,10.98,9.9,10.72,2752603703,crypto
2024-02-13,SOL-USD,10.16,10.33,9.68,10.1,2852205592,crypto
2024-02-14,SOL-USD,10.51,10.84,9.69,10.11,2071065806,crypto
2024-02-15,SOL-USD,9.13,9.36,8.98,9.19,2022232061,crypto
2024-02-16,SOL-USD,9.44,9.76,8.56,8.91,1294294805,crypto
2024-02-19,SOL-USD,8.43,8.52,8.01,8.12,912952754,crypto
2024-02-20,SOL-USD,8.32,8.53,8.27,8.5,2519585380,crypto
2024-02-21,SOL-USD,9.37,9.57,8.58,8.91,2610396001,crypto
2024-02-22,SOL-USD,7.97,8.21,7.78,7.97,2959645998,crypto
2024-02-23,SOL-USD,9.19,9.33,8.56,8.69,1891040994,crypto
2024-02-26,SOL-USD,10.58,11.15,10.0,10.23,755763910,crypto
2024-02-27,SOL-USD,10.84,11.03,9.69,10.27,2968935536,crypto
2024-02-28,SOL-USD,9.75,10.43,9.62,9.86,1484808765,crypto
2024-02-29,SOL-USD,11.36,12.12,11.01,11.85,892524750,crypto
2024-03-01,SOL-USD,10.47,11.13,10.27,10.88,2104360645,crypto
2024-03-04,SOL-USD,11.39,11.48,10.84,10.9,2521113353,crypto
2024-03-05,SOL-USD,10.67,11.32,10.41,11.04,1665855397,crypto
2024-03-06,SOL-USD,11.38,12.41,10.91,12.05,1654641511,crypto
2024-03-07,SOL-USD,12.67,12.89,11.82,12.35,2923394978,crypto
2024-03-08,SOL-USD,11.23,12.3,10.79,11.96,1915740978,crypto
2024-03-11,SOL-USD,11.93,12.11,11.1,11.25,2337563479,crypto
2024-03-12,SOL-USD,11.62,11.75,10.93,11.01,2628880834,crypto
2024-03-13,SOL-USD,9.88,10.9,9.42,10.32,2432217293,crypto
2024-03-14,SOL-USD,10.41,10.65,10.24,10.36,1415775126,crypto
2024-03-15,SOL-USD,9.8,10.19,9.65,9.99,2551601642,crypto
2024-03-18,SOL-USD,8.57,9.13,8.55,9.07,1962139871,crypto
2024-03-19,SOL-USD,10.36,10.45,9.73,9.85,2765576373,crypto
2024-03-20,SOL-USD,9.31,9.79,9.18,9.54,2661256928,crypto
2024-03-21,SOL-USD,8.68,8.87,8.57,8.79,2315255751,crypto
2024-03-22,SOL-USD,8.73,8.77,8.57,8.7,1960228973,crypto
2024-03-25,SOL-USD,8.56,8.82,8.46,8.74,2202335412,crypto
2024-03-26,SOL-USD,7.69,8.05,7.35,7.81,1431848171,crypto
2024-03-27,SOL-USD,7.75,8.32,7.37,7.98,1888886892,crypto
2024-03-28,SOL-USD,7.5,7.65,7.3,7.46,2572429896,crypto
2024-03-29,SOL-USD,8.29,8.47,8.12,8.35,1257491548,crypto
2024-04-01,SOL-USD,9.02,9.15,8.38,8.64,1933831866,crypto
2024-04-02,SOL-USD,7.98,8.82,7.53,8.42,1176773530,crypto
2024-04-03,SOL-USD,7.53,8.12,7.43,8.03,1848439129,crypto
2024-04-04,SOL-USD,7.59,8.26,7.14,7.98,1749415121,crypto
2024-04-05,SOL-USD,8.23,8.45,8.07,8.31,1436469666,crypto
2024-04-08,SOL-USD,8.33,8.54,8.04,8.3,2248679767,crypto
2024-04-09,SOL-USD,8.2,8.29,8.14,8.19,1186660000,crypto
2024-04-10,SOL-USD,8.73,8.88,8.19,8.23,1086807096,crypto
2024-04-11,SOL-USD,9.24,9.37,8.64,8.86,2405392342,crypto
2024-04-12,SOL-USD,9.21,9.52,8.46,8.67,1201858034,crypto
2024-04-15,SOL-USD,7.26,8.0,7.12,7.58,2359892255,crypto
2024-04-16,SOL-USD,8.08,8.42,7.98,8.08,1212700681,crypto
2024-04-17,SOL-USD,8.27,8.37,8.17,8.24,808086152,crypto
2024-04-18,SOL-USD,7.8,7.91,7.74,7.84,936764510,crypto
2024-04-19,SOL-USD,9.24,9.52,8.57,8.88,720385774,crypto
2024-04-22,SOL-USD,9.27,9.37,8.61,8.93,976372844,crypto
2024-04-23,SOL-USD,8.13,8.46,7.99,8.36,2241965645,crypto
2024-04-24,SOL-USD,9.39,9.73,8.48,8.84,2609218890,crypto
2024-04-25,SOL-USD,8.83,9.19,8.61,9.08,1753640784,crypto
2024-04-26,SOL-USD,8.8,9.75,8.52,9.32,2182656243,crypto
2024-04-29,SOL-USD,9.51,9.61,8.96,9.07,2276424593,crypto
2024-04-30,SOL-USD,9.16,9.76,8.89,9.35,2496702333,crypto
2024-05-01,SOL-USD,9.7,9.84,8.96,9.19,1588063677,crypto
2024-05-02,SOL-USD,9.15,9.59,9.01,9.54,2454950156,crypto
2024-05-03,SOL-USD,8.48,8.53,8.36,8.43,2346287095,crypto
2024-05-06,SOL-USD,7.68,8.42,7.46,8.2,1064072897,crypto
2024-05-07,SOL-USD,9.7,9.95,8.93,9.18,2164906516,crypto
2024-05-08,SOL-USD,8.65,8.86,8.36,8.74,1769762139,crypto
2024-05-09,SOL-USD,8.09,8.5,7.77,8.41,688178583,crypto
2024-05-10,SOL-USD,7.9,8.45,7.55,8.17,1029398460,crypto
2024-05-13,SOL-USD,7.55,7.97,7.32,7.55,1556929700,crypto
2024-05-14,SOL-USD,6.48,6.63,6.43,6.55,2144614846,crypto
2024-05-15,SOL-USD,6.1,6.66,6.03,6.45,783013185,crypto
2024-05-16,SOL-USD,6.27,6.66,5.97,6.52,1134889613,crypto
2024-05-17,SOL-USD,6.18,6.64,6.06,6.5,1438850682,crypto
2024-05-20,SOL-USD,6.86,7.05,6.34,6.44,1288785089,crypto
2024-05-21,SOL-USD,6.43,6.71,6.24,6.46,1048721706,crypto
2024-05-22,SOL-USD,6.77,7.12,6.48,6.91,2159012416,crypto
2024-05-23,SOL-USD,6.69,6.86,6.68,6.83,1569146355,crypto
2024-05-24,SOL-USD,6.76,6.78,6.56,6.58,1365629443,crypto
2024-05-27,SOL-USD,6.85,7.01,6.37,6.47,888383789,crypto
2024-05-28,SOL-USD,6.42,6.79,6.3,6.72,1568593693,crypto
2024-05-29,SOL-USD,7.67,7.71,7.27,7.37,1559266058,crypto
2024-05-30,SOL-USD,7.52,7.6,6.88,7.08,1118740682,crypto
2024-05-31,SOL-USD,7.48,7.59,7.01,7.13,646759881,crypto
2024-06-03,SOL-USD,7.17,7.47,7.0,7.29,723406654,crypto
2024-06-04,SOL-USD,6.43,7.15,6.32,6.84,1427987539,crypto
2024-06-05,SOL-USD,7.2,7.39,6.78,6.86,1556200227,crypto
2024-06-06,SOL-USD,6.07,6.29,5.88,6.24,1004571303,crypto
2024-06-07,SOL-USD,5.32,5.86,5.07,5.56,1526750201,crypto
2024-06-10,SOL-USD,6.06,6.09,5.61,5.7,1288692466,crypto
2024-06-11,SOL-USD,5.52,5.72,5.2,5.56,1553860884,crypto
2024-06-12,SOL-USD,5.34,5.82,5.28,5.64,1212255618,crypto
2024-06-13,SOL-USD,5.8,5.82,5.62,5.64,1223018385,crypto
2024-06-14,SOL-USD,4.99,5.34,4.8,5.29,1082199741,crypto
2024-06-17,SOL-USD,5.0,5.54,4.77,5.28,1627321512,crypto
2024-06-18,SOL-USD,4.82,4.91,4.72,4.88,545066182,crypto
2024-06-19,SOL-USD,5.07,5.62,4.81,5.34,1359754850,crypto
2024-06-20,SOL-USD,5.09,5.15,4.85,4.89,675289808,crypto
2024-06-21,SOL-USD,4.95,5.06,4.77,4.83,988587956,crypto
2024-06-24,SOL-USD,4.28,4.62,4.21,4.52,566109558,crypto
2024-06-25,SOL-USD,4.48,4.89,4.32,4.69,1469970438,crypto
2024-06-26,SOL-USD,4.6,4.81,4.55,4.6,742722271,crypto
2024-06-27,SOL-USD,4.48,4.56,4.29,4.45,1099032093,crypto
2024-06-28,SOL-USD,4.79,4.93,4.59,4.7,1170300872,crypto
2024-07-01,SOL-USD,4.63,4.75,4.54,4.72,503346861,crypto
2024-07-02,SOL-USD,4.94,5.05,4.83,4.88,619077937,crypto
2024-07-03,SOL-USD,4.86,4.94,4.5,4.58,473991109,crypto
2024-07-04,SOL-USD,4.04,4.33,3.81,4.18,800170200,crypto
2024-07-05,SOL-USD,4.11,4.24,4.08,4.22,1426456117,crypto
2024-07-08,SOL-USD,3.91,4.35,3.82,4.13,935992289,crypto
2024-07-09,SOL-USD,4.37,4.52,4.17,4.31,850772070,crypto
2024-07-10,SOL-USD,4.46,4.46,4.28,4.29,556740823,crypto
2024-07-11,SOL-USD,4.49,4.55,4.32,4.35,1152625853,crypto
2024-07-12,SOL-USD,3.88,4.06,3.84,3.91,1232285426,crypto
2024-07-15,SOL-USD,4.36,4.46,4.25,4.43,779142149,crypto
2024-07-16,SOL-USD,4.18,4.55,4.03,4.38,473865057,crypto
2024-07-17,SOL-USD,4.52,4.61,4.51,4.59,346167769,crypto
2024-07-18,SOL-USD,4.35,4.39,4.3,4.35,404937531,crypto
2024-07-19,SOL-USD,4.54,4.81,4.37,4.44,1035065409,crypto
2024-07-22,SOL-USD,4.05,4.24,4.01,4.08,482442704,crypto
2024-07-23,SOL-USD,4.27,4.48,4.12,4.21,692399871,crypto
2024-07-24,SOL-USD,3.86,4.22,3.7,4.11,663917010,crypto
2024-07-25,SOL-USD,4.3,4.39,4.0,4.12,515824803,crypto
2024-07-26,SOL-USD,4.59,4.67,4.16,4.32,345612711,crypto
2024-07-29,SOL-USD,4.11,4.17,3.87,3.99,969753607,crypto
2024-07-30,SOL-USD,4.0,4.03,3.71,3.81,767807517,crypto
2024-07-31,SOL-USD,3.77,3.96,3.72,3.93,963097185,crypto
2024-08-01,SOL-USD,4.74,4.84,4.45,4.51,1022235985,crypto
2024-08-02,SOL-USD,4.49,4.54,4.33,4.47,419988844,crypto
2024-08-05,SOL-USD,4.71,4.74,4.55,4.65,428488182,crypto
2024-08-06,SOL-USD,4.85,5.01,4.48,4.62,387536523,crypto
2024-08-07,SOL-USD,5.55,5.66,5.18,5.24,1077663255,crypto
2024-08-08,SOL-USD,4.76,4.77,4.66,4.68,604722307,crypto
2024-08-09,SOL-USD,4.54,4.72,4.52,4.72,883993234,crypto
2024-08-12,SOL-USD,4.24,4.29,4.22,4.25,823589836,crypto
2024-08-13,SOL-USD,3.79,3.83,3.59,3.61,1007491677,crypto
2024-08-14,SOL-USD,3.46,3.78,3.39,3.68,600881017,crypto
2024-08-15,SOL-USD,3.68,3.84,3.62,3.72,590765821,crypto
2024-08-16,SOL-USD,3.75,3.79,3.61,3.65,845728497,crypto
2024-08-19,SOL-USD,3.58,3.64,3.56,3.63,935891706,crypto
2024-08-20,SOL-USD,4.43,4.48,4.36,4.44,644686863,crypto
2024-08-21,SOL-USD,4.15,4.38,4.14,4.37,858927348,crypto
2024-08-22,SOL-USD,4.33,4.55,4.28,4.52,413818743,crypto
2024-08-23,SOL-USD,4.09,4.4,4.04,4.34,328105475,crypto
2024-08-26,SOL-USD,4.15,4.47,4.09,4.42,317880851,crypto
2024-08-27,SOL-USD,4.3,4.5,4.15,4.36,506900673,crypto
2024-08-28,SOL-USD,4.12,4.44,3.93,4.25,381706061,crypto
2024-08-29,SOL-USD,5.07,5.14,4.68,4.78,943674515,crypto
2024-08-30,SOL-USD,5.48,5.8,4.97,5.16,317227208,crypto
2024-09-02,SOL-USD,4.89,5.26,4.81,5.21,455083353,crypto
2024-09-03,SOL-USD,4.36,4.59,4.23,4.49,758039106,crypto
2024-09-04,SOL-USD,4.12,4.48,4.07,4.39,316238454,crypto
2024-09-05,SOL-USD,5.18,5.44,5.11,5.24,838030933,crypto
2024-09-06,SOL-USD,5.48,5.64,4.95,5.16,940713759,crypto
2024-09-09,SOL-USD,5.69,5.87,5.35,5.55,836989967,crypto
2024-09-10,SOL-USD,6.34,6.49,5.91,6.1,664223323,crypto
2024-09-11,SOL-USD,6.49,6.75,6.06,6.19,778424522,crypto
2024-09-12,SOL-USD,6.23,6.35,5.79,5.86,861510502,crypto
2024-09-13,SOL-USD,4.74,5.16,4.55,5.01,285132828,crypto
2024-09-16,SOL-USD,5.03,5.28,4.98,5.24,931732875,crypto
2024-09-17,SOL-USD,5.26,5.36,4.76,4.97,758832115,crypto
2024-09-18,SOL-USD,4.83,5.18,4.72,5.03,633585151,crypto
2024-09-19,SOL-USD,4.59,4.65,4.58,4.64,532467301,crypto
2024-09-20,SOL-USD,4.47,4.72,4.38,4.56,416236605,crypto
2024-09-23,SOL-USD,4.43,4.77,4.29,4.58,742416448,crypto
2024-09-24,SOL-USD,4.86,4.96,4.58,4.66,667094697,crypto
2024-09-25,SOL-USD,4.6,4.78,4.28,4.34,562941799,crypto
2024-09-26,SOL-USD,4.98,5.02,4.54,4.69,905123125,crypto
2024-09-27,SOL-USD,4.77,5.03,4.31,4.52,663513244,crypto
2024-09-30,SOL-USD,4.03,4.11,4.0,4.05,932786201,crypto
2024-10-01,SOL-USD,3.89,4.14,3.75,4.03,909070640,crypto
2024-10-02,SOL-USD,4.21,4.29,3.9,4.04,746265963,crypto
2024-10-03,SOL-USD,3.86,4.21,3.75,4.08,344259508,crypto
2024-10-04,SOL-USD,4.44,4.59,4.4,4.46,916965211,crypto
2024-10-07,SOL-USD,4.48,4.56,4.3,4.4,372965631,crypto
2024-10-08,SOL-USD,4.11,4.45,3.89,4.37,1184430405,crypto
2024-10-09,SOL-USD,4.1,4.14,3.92,4.07,582995457,crypto
2024-10-10,SOL-USD,4.51,4.67,4.14,4.29,614513471,crypto
2024-10-11,SOL-USD,4.15,4.45,4.06,4.35,842861790,crypto
2024-10-14,SOL-USD,4.22,4.36,4.07,4.23,1021501833,crypto
2024-10-15,SOL-USD,3.82,3.96,3.61,3.74,982820674,crypto
2024-10-16,SOL-USD,3.92,4.13,3.91,4.11,974172617,crypto
2024-10-17,SOL-USD,3.78,4.0,3.67,3.8,909706515,crypto
2024-10-18,SOL-USD,3.77,3.82,3.53,3.66,1364025171,crypto
